{
	"format_version": "1.21.6",
	"credit": "Made with Blockbench",
	"textures": {
		"1": "item/enchanted_tool_overlays/enchantment_outline",
		"particle": "./item/chestplate",
		"chestplate": "./item/chestplate"
	},
	"elements": [
		{
			"from": [4.9, 0.9, 8.6],
			"to": [11.1, 1.9, 7.4],
			"light_emission": 15,
			"rotation": {"angle": 0, "axis": "y", "origin": [5, 1.025, 1.1]},
			"faces": {
				"north": {"uv": [5, 14, 6, 15], "texture": "#1"},
				"east": {"uv": [5, 14, 6, 15], "texture": "#1"},
				"south": {"uv": [5, 14, 6, 15], "texture": "#1"},
				"west": {"uv": [5, 14, 6, 15], "texture": "#1"},
				"up": {"uv": [0, 0, 1, 1], "texture": "#1"},
				"down": {"uv": [5, 14, 6, 15], "texture": "#1"}
			}
		},
		{
			"from": [3.9, 1.9, 8.6],
			"to": [4.9, 2.9, 7.4],
			"light_emission": 15,
			"rotation": {"angle": 0, "axis": "y", "origin": [4, 2.025, 1.1]},
			"faces": {
				"north": {"uv": [4, 13, 5, 14], "texture": "#1"},
				"east": {"uv": [0, 0, 1, 1], "texture": "#1"},
				"south": {"uv": [4, 13, 5, 14], "texture": "#1"},
				"west": {"uv": [4, 13, 5, 14], "texture": "#1"},
				"up": {"uv": [0, 0, 1, 1], "texture": "#1"},
				"down": {"uv": [4, 13, 5, 14], "texture": "#1"}
			}
		},
		{
			"from": [11.1, 1.9, 8.6],
			"to": [12.1, 2.9, 7.4],
			"light_emission": 15,
			"rotation": {"angle": 0, "axis": "y", "origin": [11, 2.025, 1.1]},
			"faces": {
				"north": {"uv": [11, 13, 12, 14], "texture": "#1"},
				"east": {"uv": [11, 13, 12, 14], "texture": "#1"},
				"south": {"uv": [11, 13, 12, 14], "texture": "#1"},
				"west": {"uv": [0, 0, 1, 1], "texture": "#1"},
				"up": {"uv": [0, 0, 1, 1], "texture": "#1"},
				"down": {"uv": [11, 13, 12, 14], "texture": "#1"}
			}
		},
		{
			"from": [2.9, 2.9, 8.6],
			"to": [3.9, 7.9, 7.4],
			"light_emission": 15,
			"rotation": {"angle": 0, "axis": "y", "origin": [3, 3.025, 1.1]},
			"faces": {
				"north": {"uv": [3, 12, 4, 13], "texture": "#1"},
				"east": {"uv": [0, 0, 1, 1], "texture": "#1"},
				"south": {"uv": [3, 12, 4, 13], "texture": "#1"},
				"west": {"uv": [3, 12, 4, 13], "texture": "#1"},
				"up": {"uv": [0, 0, 1, 1], "texture": "#1"},
				"down": {"uv": [3, 12, 4, 13], "texture": "#1"}
			}
		},
		{
			"from": [12.1, 2.9, 8.6],
			"to": [13.1, 7.9, 7.4],
			"light_emission": 15,
			"rotation": {"angle": 0, "axis": "y", "origin": [12, 3.025, 1.1]},
			"faces": {
				"north": {"uv": [12, 12, 13, 13], "texture": "#1"},
				"east": {"uv": [12, 12, 13, 13], "texture": "#1"},
				"south": {"uv": [12, 12, 13, 13], "texture": "#1"},
				"west": {"uv": [0, 0, 1, 1], "texture": "#1"},
				"up": {"uv": [0, 0, 1, 1], "texture": "#1"},
				"down": {"uv": [12, 12, 13, 13], "texture": "#1"}
			}
		},
		{
			"from": [2, 7.9, 8.6],
			"to": [2.9, 9, 7.4],
			"light_emission": 15,
			"rotation": {"angle": 0, "axis": "y", "origin": [2, 8.025, 1.1]},
			"faces": {
				"north": {"uv": [2, 7, 3, 8], "texture": "#1"},
				"east": {"uv": [0, 0, 1, 1], "texture": "#1"},
				"south": {"uv": [2, 7, 3, 8], "texture": "#1"},
				"west": {"uv": [0, 0, 1, 1], "texture": "#1"},
				"up": {"uv": [0, 0, 1, 1], "texture": "#1"},
				"down": {"uv": [2, 7, 3, 8], "texture": "#1"}
			}
		},
		{
			"from": [13.1, 7.9, 8.6],
			"to": [14, 9, 7.4],
			"light_emission": 15,
			"rotation": {"angle": 0, "axis": "y", "origin": [13, 8.025, 1.1]},
			"faces": {
				"north": {"uv": [13, 7, 14, 8], "texture": "#1"},
				"east": {"uv": [0, 0, 1, 1], "texture": "#1"},
				"south": {"uv": [13, 7, 14, 8], "texture": "#1"},
				"west": {"uv": [0, 0, 1, 1], "texture": "#1"},
				"up": {"uv": [0, 0, 1, 1], "texture": "#1"},
				"down": {"uv": [13, 7, 14, 8], "texture": "#1"}
			}
		},
		{
			"from": [7.1, 10, 8.6],
			"to": [8.9, 11.1, 7.4],
			"light_emission": 15,
			"rotation": {"angle": 0, "axis": "y", "origin": [7, 10.025, 1.1]},
			"faces": {
				"north": {"uv": [7, 5, 8, 6], "texture": "#1"},
				"east": {"uv": [0, 0, 1, 1], "texture": "#1"},
				"south": {"uv": [7, 5, 8, 6], "texture": "#1"},
				"west": {"uv": [0, 0, 1, 1], "texture": "#1"},
				"up": {"uv": [7, 5, 8, 6], "texture": "#1"},
				"down": {"uv": [0, 0, 1, 1], "texture": "#1"}
			}
		},
		{
			"from": [3.9, 2.9, 8.6],
			"to": [12.1, 10, 7.4],
			"light_emission": 15,
			"rotation": {"angle": 0, "axis": "y", "origin": [7, 9.025, 1.1]},
			"faces": {
				"north": {"uv": [7, 5, 8, 6], "texture": "#1"},
				"east": {"uv": [0, 0, 1, 1], "texture": "#1"},
				"south": {"uv": [7, 5, 8, 6], "texture": "#1"},
				"west": {"uv": [0, 0, 1, 1], "texture": "#1"},
				"up": {"uv": [0, 0, 1, 1], "texture": "#1"},
				"down": {"uv": [0, 0, 1, 1], "texture": "#1"}
			}
		},
		{
			"from": [2, 10, 8.6],
			"to": [5, 13, 7.4],
			"light_emission": 15,
			"rotation": {"angle": 0, "axis": "y", "origin": [5, 12.025, 1.1]},
			"faces": {
				"north": {"uv": [7, 5, 8, 6], "texture": "#1"},
				"east": {"uv": [0, 0, 1, 1], "texture": "#1"},
				"south": {"uv": [7, 5, 8, 6], "texture": "#1"},
				"west": {"uv": [0, 0, 1, 1], "texture": "#1"},
				"up": {"uv": [0, 0, 1, 1], "texture": "#1"},
				"down": {"uv": [0, 0, 1, 1], "texture": "#1"}
			}
		},
		{
			"from": [5, 10, 8.6],
			"to": [6.1, 12.1, 7.4],
			"light_emission": 15,
			"rotation": {"angle": 0, "axis": "y", "origin": [5, 12.025, 1.1]},
			"faces": {
				"north": {"uv": [7, 5, 8, 6], "texture": "#1"},
				"east": {"uv": [0, 0, 1, 1], "texture": "#1"},
				"south": {"uv": [7, 5, 8, 6], "texture": "#1"},
				"west": {"uv": [0, 0, 1, 1], "texture": "#1"},
				"up": {"uv": [0, 0, 1, 1], "texture": "#1"},
				"down": {"uv": [0, 0, 1, 1], "texture": "#1"}
			}
		},
		{
			"from": [6.1, 10, 8.6],
			"to": [7.1, 11.1, 7.4],
			"light_emission": 15,
			"rotation": {"angle": 0, "axis": "y", "origin": [6, 12.025, 1.1]},
			"faces": {
				"north": {"uv": [7, 5, 8, 6], "texture": "#1"},
				"east": {"uv": [0, 0, 1, 1], "texture": "#1"},
				"south": {"uv": [7, 5, 8, 6], "texture": "#1"},
				"west": {"uv": [0, 0, 1, 1], "texture": "#1"},
				"up": {"uv": [0, 0, 1, 1], "texture": "#1"},
				"down": {"uv": [0, 0, 1, 1], "texture": "#1"}
			}
		},
		{
			"from": [8.9, 10, 8.6],
			"to": [9.9, 11.1, 7.4],
			"light_emission": 15,
			"rotation": {"angle": 0, "axis": "y", "origin": [8.9, 12.025, 1.1]},
			"faces": {
				"north": {"uv": [7, 5, 8, 6], "texture": "#1"},
				"east": {"uv": [0, 0, 1, 1], "texture": "#1"},
				"south": {"uv": [7, 5, 8, 6], "texture": "#1"},
				"west": {"uv": [0, 0, 1, 1], "texture": "#1"},
				"up": {"uv": [0, 0, 1, 1], "texture": "#1"},
				"down": {"uv": [0, 0, 1, 1], "texture": "#1"}
			}
		},
		{
			"from": [13.1, 9, 8.6],
			"to": [14, 10, 7.4],
			"light_emission": 15,
			"rotation": {"angle": 0, "axis": "y", "origin": [13, 11.025, 1.1]},
			"faces": {
				"north": {"uv": [7, 5, 8, 6], "texture": "#1"},
				"east": {"uv": [0, 0, 1, 1], "texture": "#1"},
				"south": {"uv": [7, 5, 8, 6], "texture": "#1"},
				"west": {"uv": [0, 0, 1, 1], "texture": "#1"},
				"up": {"uv": [0, 0, 1, 1], "texture": "#1"},
				"down": {"uv": [0, 0, 1, 1], "texture": "#1"}
			}
		},
		{
			"from": [2, 9, 8.6],
			"to": [2.9, 10, 7.4],
			"light_emission": 15,
			"rotation": {"angle": 0, "axis": "y", "origin": [1.9, 11.025, 1.1]},
			"faces": {
				"north": {"uv": [7, 5, 8, 6], "texture": "#1"},
				"east": {"uv": [0, 0, 1, 1], "texture": "#1"},
				"south": {"uv": [7, 5, 8, 6], "texture": "#1"},
				"west": {"uv": [0, 0, 1, 1], "texture": "#1"},
				"up": {"uv": [0, 0, 1, 1], "texture": "#1"},
				"down": {"uv": [0, 0, 1, 1], "texture": "#1"}
			}
		},
		{
			"from": [2.9, 7.9, 8.6],
			"to": [3.9, 10, 7.4],
			"light_emission": 15,
			"rotation": {"angle": 0, "axis": "y", "origin": [2.8, 9.925, 1.1]},
			"faces": {
				"north": {"uv": [7, 5, 8, 6], "texture": "#1"},
				"east": {"uv": [0, 0, 1, 1], "texture": "#1"},
				"south": {"uv": [7, 5, 8, 6], "texture": "#1"},
				"west": {"uv": [0, 0, 1, 1], "texture": "#1"},
				"up": {"uv": [0, 0, 1, 1], "texture": "#1"},
				"down": {"uv": [0, 0, 1, 1], "texture": "#1"}
			}
		},
		{
			"from": [12.1, 7.9, 8.6],
			"to": [13.1, 10, 7.4],
			"light_emission": 15,
			"rotation": {"angle": 0, "axis": "y", "origin": [12, 9.925, 1.1]},
			"faces": {
				"north": {"uv": [7, 5, 8, 6], "texture": "#1"},
				"east": {"uv": [0, 0, 1, 1], "texture": "#1"},
				"south": {"uv": [7, 5, 8, 6], "texture": "#1"},
				"west": {"uv": [0, 0, 1, 1], "texture": "#1"},
				"up": {"uv": [0, 0, 1, 1], "texture": "#1"},
				"down": {"uv": [0, 0, 1, 1], "texture": "#1"}
			}
		},
		{
			"from": [9.9, 10, 8.6],
			"to": [11, 12.1, 7.4],
			"light_emission": 15,
			"rotation": {"angle": 0, "axis": "y", "origin": [9.9, 12.025, 1.1]},
			"faces": {
				"north": {"uv": [7, 5, 8, 6], "texture": "#1"},
				"east": {"uv": [0, 0, 1, 1], "texture": "#1"},
				"south": {"uv": [7, 5, 8, 6], "texture": "#1"},
				"west": {"uv": [0, 0, 1, 1], "texture": "#1"},
				"up": {"uv": [0, 0, 1, 1], "texture": "#1"},
				"down": {"uv": [0, 0, 1, 1], "texture": "#1"}
			}
		},
		{
			"from": [11, 10, 8.6],
			"to": [14, 13, 7.4],
			"light_emission": 15,
			"rotation": {"angle": 0, "axis": "y", "origin": [14, 12.025, 1.1]},
			"faces": {
				"north": {"uv": [7, 5, 8, 6], "texture": "#1"},
				"east": {"uv": [0, 0, 1, 1], "texture": "#1"},
				"south": {"uv": [7, 5, 8, 6], "texture": "#1"},
				"west": {"uv": [0, 0, 1, 1], "texture": "#1"},
				"up": {"uv": [0, 0, 1, 1], "texture": "#1"},
				"down": {"uv": [0, 0, 1, 1], "texture": "#1"}
			}
		},
		{
			"from": [4.9, 1.9, 8.6],
			"to": [11.1, 2.9, 7.4],
			"light_emission": 15,
			"rotation": {"angle": 0, "axis": "y", "origin": [7.9, 3.925, 1.1]},
			"faces": {
				"north": {"uv": [7, 5, 8, 6], "texture": "#1"},
				"east": {"uv": [0, 0, 1, 1], "texture": "#1"},
				"south": {"uv": [7, 5, 8, 6], "texture": "#1"},
				"west": {"uv": [0, 0, 1, 1], "texture": "#1"},
				"up": {"uv": [0, 0, 1, 1], "texture": "#1"},
				"down": {"uv": [0, 0, 1, 1], "texture": "#1"}
			}
		},
		{
			"from": [0.9, 7.9, 8.6],
			"to": [2, 13, 7.4],
			"light_emission": 15,
			"rotation": {"angle": 0, "axis": "y", "origin": [1, 11.025, 1.1]},
			"faces": {
				"north": {"uv": [1, 4, 2, 5], "texture": "#1"},
				"east": {"uv": [0, 0, 1, 1], "texture": "#1"},
				"south": {"uv": [1, 4, 2, 5], "texture": "#1"},
				"west": {"uv": [1, 4, 2, 5], "texture": "#1"},
				"up": {"uv": [0, 0, 1, 1], "texture": "#1"},
				"down": {"uv": [1, 4, 2, 5], "texture": "#1"}
			}
		},
		{
			"from": [6.1, 11.1, 8.6],
			"to": [7.1, 12.1, 7.4],
			"light_emission": 15,
			"rotation": {"angle": 0, "axis": "y", "origin": [6, 11.025, 1.1]},
			"faces": {
				"north": {"uv": [6, 4, 7, 5], "texture": "#1"},
				"east": {"uv": [6, 4, 7, 5], "texture": "#1"},
				"south": {"uv": [6, 4, 7, 5], "texture": "#1"},
				"west": {"uv": [0, 0, 1, 1], "texture": "#1"},
				"up": {"uv": [6, 4, 7, 5], "texture": "#1"},
				"down": {"uv": [0, 0, 1, 1], "texture": "#1"}
			}
		},
		{
			"from": [8.9, 11.1, 8.6],
			"to": [9.9, 12.1, 7.4],
			"light_emission": 15,
			"rotation": {"angle": 0, "axis": "y", "origin": [9, 11.025, 1.1]},
			"faces": {
				"north": {"uv": [9, 4, 10, 5], "texture": "#1"},
				"east": {"uv": [0, 0, 1, 1], "texture": "#1"},
				"south": {"uv": [9, 4, 10, 5], "texture": "#1"},
				"west": {"uv": [9, 4, 10, 5], "texture": "#1"},
				"up": {"uv": [9, 4, 10, 5], "texture": "#1"},
				"down": {"uv": [0, 0, 1, 1], "texture": "#1"}
			}
		},
		{
			"from": [14, 7.9, 8.6],
			"to": [15.1, 13, 7.4],
			"light_emission": 15,
			"rotation": {"angle": 0, "axis": "y", "origin": [14, 11.025, 1.1]},
			"faces": {
				"north": {"uv": [14, 4, 15, 5], "texture": "#1"},
				"east": {"uv": [14, 4, 15, 5], "texture": "#1"},
				"south": {"uv": [14, 4, 15, 5], "texture": "#1"},
				"west": {"uv": [0, 0, 1, 1], "texture": "#1"},
				"up": {"uv": [0, 0, 1, 1], "texture": "#1"},
				"down": {"uv": [14, 4, 15, 5], "texture": "#1"}
			}
		},
		{
			"from": [5, 12.1, 8.6],
			"to": [6.1, 13, 7.4],
			"light_emission": 15,
			"rotation": {"angle": 0, "axis": "y", "origin": [5, 12.025, 1.1]},
			"faces": {
				"north": {"uv": [5, 3, 6, 4], "texture": "#1"},
				"east": {"uv": [5, 3, 6, 4], "texture": "#1"},
				"south": {"uv": [5, 3, 6, 4], "texture": "#1"},
				"west": {"uv": [0, 0, 1, 1], "texture": "#1"},
				"up": {"uv": [0, 0, 1, 1], "texture": "#1"},
				"down": {"uv": [0, 0, 1, 1], "texture": "#1"}
			}
		},
		{
			"from": [9.9, 12.1, 8.6],
			"to": [11, 13, 7.4],
			"light_emission": 15,
			"rotation": {"angle": 0, "axis": "y", "origin": [10, 12.025, 1.1]},
			"faces": {
				"north": {"uv": [10, 3, 11, 4], "texture": "#1"},
				"east": {"uv": [0, 0, 1, 1], "texture": "#1"},
				"south": {"uv": [10, 3, 11, 4], "texture": "#1"},
				"west": {"uv": [10, 3, 11, 4], "texture": "#1"},
				"up": {"uv": [0, 0, 1, 1], "texture": "#1"},
				"down": {"uv": [0, 0, 1, 1], "texture": "#1"}
			}
		},
		{
			"from": [0.9, 13, 8.6],
			"to": [6.1, 14.1, 7.4],
			"light_emission": 15,
			"rotation": {"angle": 0, "axis": "y", "origin": [3, 13.025, 1.1]},
			"faces": {
				"north": {"uv": [3, 2, 4, 3], "texture": "#1"},
				"east": {"uv": [3, 2, 4, 3], "texture": "#1"},
				"south": {"uv": [3, 2, 4, 3], "texture": "#1"},
				"west": {"uv": [3, 2, 4, 3], "texture": "#1"},
				"up": {"uv": [3, 2, 4, 3], "texture": "#1"},
				"down": {"uv": [0, 0, 1, 1], "texture": "#1"}
			}
		},
		{
			"from": [9.9, 13, 8.6],
			"to": [15.1, 14.1, 7.4],
			"light_emission": 15,
			"rotation": {"angle": 0, "axis": "y", "origin": [12, 13.025, 1.1]},
			"faces": {
				"north": {"uv": [12, 2, 13, 3], "texture": "#1"},
				"east": {"uv": [12, 2, 13, 3], "texture": "#1"},
				"south": {"uv": [12, 2, 13, 3], "texture": "#1"},
				"west": {"uv": [12, 2, 13, 3], "texture": "#1"},
				"up": {"uv": [12, 2, 13, 3], "texture": "#1"},
				"down": {"uv": [0, 0, 1, 1], "texture": "#1"}
			}
		},
		{
			"name": "diamond_chestplate_0",
			"from": [1, 8, 7.5],
			"to": [6, 14, 8.5],
			"rotation": {"angle": 0, "axis": "y", "origin": [0, 0, 7.5]},
			"faces": {
				"north": {"uv": [6, 2, 1, 8], "texture": "#chestplate"},
				"east": {"uv": [5, 2, 6, 8], "texture": "#chestplate"},
				"south": {"uv": [1, 2, 6, 8], "texture": "#chestplate"},
				"west": {"uv": [1, 2, 2, 8], "texture": "#chestplate"},
				"up": {"uv": [1, 2, 6, 3], "texture": "#chestplate"},
				"down": {"uv": [1, 7, 6, 8], "texture": "#chestplate"}
			}
		},
		{
			"name": "diamond_chestplate_1",
			"from": [10, 8, 7.5],
			"to": [15, 14, 8.5],
			"rotation": {"angle": 0, "axis": "y", "origin": [0, 0, 7.5]},
			"faces": {
				"north": {"uv": [15, 2, 10, 8], "texture": "#chestplate"},
				"east": {"uv": [14, 2, 15, 8], "texture": "#chestplate"},
				"south": {"uv": [10, 2, 15, 8], "texture": "#chestplate"},
				"west": {"uv": [10, 2, 11, 8], "texture": "#chestplate"},
				"up": {"uv": [10, 2, 15, 3], "texture": "#chestplate"},
				"down": {"uv": [10, 7, 15, 8], "texture": "#chestplate"}
			}
		},
		{
			"name": "diamond_chestplate_2",
			"from": [6, 1, 7.5],
			"to": [7, 12, 8.5],
			"rotation": {"angle": 0, "axis": "y", "origin": [0, 0, 7.5]},
			"faces": {
				"north": {"uv": [7, 4, 6, 15], "texture": "#chestplate"},
				"east": {"uv": [6, 4, 7, 15], "texture": "#chestplate"},
				"south": {"uv": [6, 4, 7, 15], "texture": "#chestplate"},
				"west": {"uv": [6, 4, 7, 15], "texture": "#chestplate"},
				"up": {"uv": [6, 4, 7, 5], "texture": "#chestplate"},
				"down": {"uv": [6, 14, 7, 15], "texture": "#chestplate"}
			}
		},
		{
			"name": "diamond_chestplate_3",
			"from": [9, 1, 7.5],
			"to": [10, 12, 8.5],
			"rotation": {"angle": 0, "axis": "y", "origin": [0, 0, 7.5]},
			"faces": {
				"north": {"uv": [10, 4, 9, 15], "texture": "#chestplate"},
				"east": {"uv": [9, 4, 10, 15], "texture": "#chestplate"},
				"south": {"uv": [9, 4, 10, 15], "texture": "#chestplate"},
				"west": {"uv": [9, 4, 10, 15], "texture": "#chestplate"},
				"up": {"uv": [9, 4, 10, 5], "texture": "#chestplate"},
				"down": {"uv": [9, 14, 10, 15], "texture": "#chestplate"}
			}
		},
		{
			"name": "diamond_chestplate_4",
			"from": [7, 1, 7.5],
			"to": [9, 11, 8.5],
			"rotation": {"angle": 0, "axis": "y", "origin": [0, 0, 7.5]},
			"faces": {
				"north": {"uv": [9, 5, 7, 15], "texture": "#chestplate"},
				"east": {"uv": [8, 5, 9, 15], "texture": "#chestplate"},
				"south": {"uv": [7, 5, 9, 15], "texture": "#chestplate"},
				"west": {"uv": [7, 5, 8, 15], "texture": "#chestplate"},
				"up": {"uv": [7, 5, 9, 6], "texture": "#chestplate"},
				"down": {"uv": [7, 14, 9, 15], "texture": "#chestplate"}
			}
		},
		{
			"name": "diamond_chestplate_5",
			"from": [3, 3, 7.5],
			"to": [6, 8, 8.5],
			"rotation": {"angle": 0, "axis": "y", "origin": [0, 0, 7.5]},
			"faces": {
				"north": {"uv": [6, 8, 3, 13], "texture": "#chestplate"},
				"east": {"uv": [5, 8, 6, 13], "texture": "#chestplate"},
				"south": {"uv": [3, 8, 6, 13], "texture": "#chestplate"},
				"west": {"uv": [3, 8, 4, 13], "texture": "#chestplate"},
				"up": {"uv": [3, 8, 6, 9], "texture": "#chestplate"},
				"down": {"uv": [3, 12, 6, 13], "texture": "#chestplate"}
			}
		},
		{
			"name": "diamond_chestplate_6",
			"from": [10, 3, 7.5],
			"to": [13, 8, 8.5],
			"rotation": {"angle": 0, "axis": "y", "origin": [0, 0, 7.5]},
			"faces": {
				"north": {"uv": [13, 8, 10, 13], "texture": "#chestplate"},
				"east": {"uv": [12, 8, 13, 13], "texture": "#chestplate"},
				"south": {"uv": [10, 8, 13, 13], "texture": "#chestplate"},
				"west": {"uv": [10, 8, 11, 13], "texture": "#chestplate"},
				"up": {"uv": [10, 8, 13, 9], "texture": "#chestplate"},
				"down": {"uv": [10, 12, 13, 13], "texture": "#chestplate"}
			}
		},
		{
			"name": "diamond_chestplate_7",
			"from": [4, 2, 7.5],
			"to": [6, 3, 8.5],
			"rotation": {"angle": 0, "axis": "y", "origin": [0, 0, 7.5]},
			"faces": {
				"north": {"uv": [6, 13, 4, 14], "texture": "#chestplate"},
				"east": {"uv": [5, 13, 6, 14], "texture": "#chestplate"},
				"south": {"uv": [4, 13, 6, 14], "texture": "#chestplate"},
				"west": {"uv": [4, 13, 5, 14], "texture": "#chestplate"},
				"up": {"uv": [4, 13, 6, 14], "texture": "#chestplate"},
				"down": {"uv": [4, 13, 6, 14], "texture": "#chestplate"}
			}
		},
		{
			"name": "diamond_chestplate_8",
			"from": [10, 2, 7.5],
			"to": [12, 3, 8.5],
			"rotation": {"angle": 0, "axis": "y", "origin": [0, 0, 7.5]},
			"faces": {
				"north": {"uv": [12, 13, 10, 14], "texture": "#chestplate"},
				"east": {"uv": [11, 13, 12, 14], "texture": "#chestplate"},
				"south": {"uv": [10, 13, 12, 14], "texture": "#chestplate"},
				"west": {"uv": [10, 13, 11, 14], "texture": "#chestplate"},
				"up": {"uv": [10, 13, 12, 14], "texture": "#chestplate"},
				"down": {"uv": [10, 13, 12, 14], "texture": "#chestplate"}
			}
		},
		{
			"name": "diamond_chestplate_9",
			"from": [5, 1, 7.5],
			"to": [6, 2, 8.5],
			"rotation": {"angle": 0, "axis": "y", "origin": [0, 0, 7.5]},
			"faces": {
				"north": {"uv": [6, 14, 5, 15], "texture": "#chestplate"},
				"east": {"uv": [5, 14, 6, 15], "texture": "#chestplate"},
				"south": {"uv": [5, 14, 6, 15], "texture": "#chestplate"},
				"west": {"uv": [5, 14, 6, 15], "texture": "#chestplate"},
				"up": {"uv": [5, 14, 6, 15], "texture": "#chestplate"},
				"down": {"uv": [5, 14, 6, 15], "texture": "#chestplate"}
			}
		},
		{
			"name": "diamond_chestplate_10",
			"from": [10, 1, 7.5],
			"to": [11, 2, 8.5],
			"rotation": {"angle": 0, "axis": "y", "origin": [0, 0, 7.5]},
			"faces": {
				"north": {"uv": [11, 14, 10, 15], "texture": "#chestplate"},
				"east": {"uv": [10, 14, 11, 15], "texture": "#chestplate"},
				"south": {"uv": [10, 14, 11, 15], "texture": "#chestplate"},
				"west": {"uv": [10, 14, 11, 15], "texture": "#chestplate"},
				"up": {"uv": [10, 14, 11, 15], "texture": "#chestplate"},
				"down": {"uv": [10, 14, 11, 15], "texture": "#chestplate"}
			}
		}
	],
	"gui_light": "front",
	"display": {
		"thirdperson_righthand": {
			"translation": [0, 3, 1],
			"scale": [0.55, 0.55, 0.55]
		},
		"firstperson_righthand": {
			"rotation": [0, -90, 25],
			"translation": [1.13, 3.2, 1.13],
			"scale": [0.68, 0.68, 0.68]
		},
		"ground": {
			"translation": [0, 2, 0],
			"scale": [0.5, 0.5, 0.5]
		},
		"head": {
			"rotation": [0, -180, 0],
			"translation": [0, 13, 7]
		},
		"fixed": {
			"rotation": [0, -180, 0]
		}
	},
	"groups": [
		{
			"name": "emissive_1",
			"origin": [12, 15, 0],
			"color": 0,
			"children": [0, 1, 2, 3, 4, 5, 6, 7, 8, 9, 10, 11, 12, 13, 14, 15, 16, 17, 18, 19, 20, 21, 22, 23, 24, 25, 26, 27]
		},
		{
			"name": "diamond_chestplate",
			"origin": [8, 8, 8],
			"color": 0,
			"children": [28, 29, 30, 31, 32, 33, 34, 35, 36, 37, 38]
		}
	]
}