{
	"format_version": "1.9.0",
	"credit": "Made with Blockbench",
	"texture_size": [32, 32],
	"textures": {
		"0": "item/bamboo_raft_hand",
		"2": "item/mini_chest",
		"particle": "item/bamboo_raft_hand"
	},
	"elements": [
		{
			"from": [5, 1, 3],
			"to": [11, 3, 11],
			"rotation": {"angle": 0, "axis": "y", "origin": [7, 1, 6]},
			"faces": {
				"north": {"uv": [8, 3, 11, 4], "texture": "#0"},
				"east": {"uv": [6, 7, 10, 8], "texture": "#0"},
				"south": {"uv": [8, 4, 11, 5], "texture": "#0"},
				"west": {"uv": [8, 0, 12, 1], "texture": "#0"},
				"up": {"uv": [3, 9, 0, 5], "texture": "#0"},
				"down": {"uv": [6, 5, 3, 9], "texture": "#0"}
			}
		},
		{
			"from": [4, 2, 2],
			"to": [12, 4, 12],
			"rotation": {"angle": 0, "axis": "y", "origin": [2, 3, -2]},
			"faces": {
				"north": {"uv": [8, 1, 12, 2], "texture": "#0"},
				"east": {"uv": [6, 5, 11, 6], "texture": "#0"},
				"south": {"uv": [8, 2, 12, 3], "texture": "#0"},
				"west": {"uv": [6, 6, 11, 7], "texture": "#0"},
				"up": {"uv": [4, 5, 0, 0], "texture": "#0"},
				"down": {"uv": [8, 0, 4, 5], "texture": "#0"}
			}
		},
		{
			"from": [8, 2, 11],
			"to": [14, 3, 12],
			"rotation": {"angle": -45, "axis": "z", "origin": [13.5, 2.5, 11.5]},
			"faces": {
				"north": {"uv": [3, 9, 6, 9.5], "texture": "#0"},
				"east": {"uv": [6, 10.5, 6.5, 11], "texture": "#0"},
				"south": {"uv": [3, 9.5, 6, 10], "texture": "#0"},
				"west": {"uv": [6.5, 10.5, 7, 11], "texture": "#0"},
				"up": {"uv": [9, 10, 6, 9.5], "texture": "#0"},
				"down": {"uv": [12, 9.5, 9, 10], "texture": "#0"}
			}
		},
		{
			"from": [14, 2, 10],
			"to": [18, 3, 13],
			"rotation": {"angle": -45, "axis": "z", "origin": [13.5, 2.5, 11.5]},
			"faces": {
				"north": {"uv": [5, 10, 7, 10.5], "texture": "#0"},
				"east": {"uv": [10, 9, 11.5, 9.5], "texture": "#0"},
				"south": {"uv": [7, 10, 9, 10.5], "texture": "#0"},
				"west": {"uv": [9.5, 10, 11, 10.5], "texture": "#0"},
				"up": {"uv": [8, 9.5, 6, 8], "texture": "#0"},
				"down": {"uv": [10, 8, 8, 9.5], "texture": "#0"}
			}
		},
		{
			"from": [2, 2, 11],
			"to": [3, 8, 12],
			"rotation": {"angle": -45, "axis": "z", "origin": [2.5, 2.5, 11.5]},
			"faces": {
				"north": {"uv": [3, 10, 3.5, 13], "texture": "#0"},
				"east": {"uv": [3.5, 10, 4, 13], "texture": "#0"},
				"south": {"uv": [4, 10, 4.5, 13], "texture": "#0"},
				"west": {"uv": [4.5, 10, 5, 13], "texture": "#0"},
				"up": {"uv": [7.5, 11, 7, 10.5], "texture": "#0"},
				"down": {"uv": [11, 7, 10.5, 7.5], "texture": "#0"}
			}
		},
		{
			"from": [2, -2, 10],
			"to": [3, 2, 13],
			"rotation": {"angle": -45, "axis": "z", "origin": [2.5, 2.5, 11.5]},
			"faces": {
				"north": {"uv": [10, 7, 10.5, 9], "texture": "#0"},
				"east": {"uv": [0, 9, 1.5, 11], "texture": "#0"},
				"south": {"uv": [9, 10, 9.5, 12], "texture": "#0"},
				"west": {"uv": [1.5, 9, 3, 11], "texture": "#0"},
				"up": {"uv": [5.5, 12, 5, 10.5], "texture": "#0"},
				"down": {"uv": [6, 10.5, 5.5, 12], "texture": "#0"}
			}
		},
		{
			"from": [5, 4, 5],
			"to": [11, 7, 11],
			"rotation": {"angle": 0, "axis": "y", "origin": [7, 4, 7]},
			"faces": {
				"north": {"uv": [0, 6, 3, 7.5], "texture": "#2"},
				"east": {"uv": [3, 6, 6, 7.5], "texture": "#2"},
				"south": {"uv": [6, 1.5, 9, 3], "texture": "#2"},
				"west": {"uv": [3, 6, 6, 7.5], "texture": "#2"},
				"up": {"uv": [3, 3, 0, 0], "texture": "#2"},
				"down": {"uv": [3, 3, 0, 6], "texture": "#2"}
			}
		},
		{
			"from": [5, 7, 5],
			"to": [11, 10, 11],
			"rotation": {"angle": 0, "axis": "y", "origin": [7, 7, 11]},
			"faces": {
				"north": {"uv": [6, 3, 9, 4.5], "texture": "#2"},
				"east": {"uv": [3, 7.5, 0, 9], "texture": "#2"},
				"south": {"uv": [6, 6, 9, 7.5], "texture": "#2"},
				"west": {"uv": [0, 7.5, 3, 9], "texture": "#2"},
				"up": {"uv": [6, 3, 3, 0], "texture": "#2"},
				"down": {"uv": [6, 3, 3, 6], "texture": "#2"}
			}
		},
		{
			"from": [7.5, 6, 4],
			"to": [8.5, 8, 5],
			"rotation": {"angle": 0, "axis": "y", "origin": [7.5, 7, 11]},
			"faces": {
				"north": {"uv": [3, 7.5, 4, 8.5], "texture": "#2"},
				"east": {"uv": [5, 7.5, 5.5, 8.5], "texture": "#2"},
				"south": {"uv": [4, 7.5, 5, 8.5], "texture": "#2"},
				"west": {"uv": [5.5, 7.5, 6, 8.5], "texture": "#2"},
				"up": {"uv": [7, 8, 6, 7.5], "texture": "#2"},
				"down": {"uv": [8, 7.5, 7, 8], "texture": "#2"}
			}
		}
	],
	"display": {
		"thirdperson_righthand": {
			"rotation": [68, 0, 0],
			"translation": [0, 3, 2.75],
			"scale": [0.8, 0.8, 0.8]
		},
		"thirdperson_lefthand": {
			"rotation": [68, 0, 0],
			"translation": [0, 3, 2.75],
			"scale": [0.8, 0.8, 0.8]
		},
		"firstperson_righthand": {
			"rotation": [-52.06, 64.75, 34.71],
			"translation": [-1.25, 7, 1.25]
		},
		"firstperson_lefthand": {
			"rotation": [-52.06, 64.75, 34.71],
			"translation": [-1.25, 7, 1.25]
		}
	},
	"groups": [
		{
			"name": "boat",
			"origin": [7, 0, 7],
			"color": 0,
			"children": [0, 1, 2, 3, 4, 5]
		},
		{
			"name": "chest",
			"origin": [7, 4, 7],
			"color": 0,
			"children": [6, 7, 8]
		}
	]
}