{
	"format_version": "1.9.0",
	"credit": "Made with Blockbench",
	"texture_size": [32, 32],
	"textures": {
		"0": "item/compass_hand",
		"particle": "item/compass_hand"
	},
	"elements": [
		{
			"from": [3, -1, 10],
			"to": [13, 9, 12],
			"rotation": {"angle": 0, "axis": "y", "origin": [5, -1, 10]},
			"faces": {
				"north": {"uv": [0, 0, 5, 5], "texture": "#0"},
				"east": {"uv": [5, 0, 6, 5], "texture": "#0"},
				"south": {"uv": [0, 5, 5, 10], "texture": "#0"},
				"west": {"uv": [5, 5, 6, 10], "texture": "#0"},
				"up": {"uv": [11, 1, 6, 0], "texture": "#0"},
				"down": {"uv": [11, 1, 6, 2], "texture": "#0"}
			}
		},
		{
			"from": [3, -1, 9],
			"to": [4, 9, 10],
			"rotation": {"angle": 0, "axis": "y", "origin": [3, -1, 7]},
			"faces": {
				"north": {"uv": [6, 2, 6.5, 7], "texture": "#0"},
				"east": {"uv": [6.5, 2, 7, 7], "texture": "#0"},
				"south": {"uv": [7, 2, 7.5, 7], "texture": "#0"},
				"west": {"uv": [6, 7, 6.5, 12], "texture": "#0"},
				"up": {"uv": [9.5, 6.5, 9, 6], "texture": "#0"},
				"down": {"uv": [9.5, 6.5, 9, 7], "texture": "#0"}
			}
		},
		{
			"from": [4, -1, 9],
			"to": [12, 0, 10],
			"rotation": {"angle": 0, "axis": "y", "origin": [12, -10, 7]},
			"faces": {
				"north": {"uv": [9, 2, 13, 2.5], "texture": "#0"},
				"east": {"uv": [9.5, 6, 10, 6.5], "texture": "#0"},
				"south": {"uv": [9, 2.5, 13, 3], "texture": "#0"},
				"west": {"uv": [9.5, 6.5, 10, 7], "texture": "#0"},
				"up": {"uv": [13, 3.5, 9, 3], "texture": "#0"},
				"down": {"uv": [13, 3.5, 9, 4], "texture": "#0"}
			}
		},
		{
			"from": [4, 8, 9],
			"to": [12, 9, 10],
			"rotation": {"angle": 0, "axis": "y", "origin": [12, -1, 7]},
			"faces": {
				"north": {"uv": [8, 7, 12, 7.5], "texture": "#0"},
				"east": {"uv": [9.5, 5, 10, 5.5], "texture": "#0"},
				"south": {"uv": [8, 7.5, 12, 8], "texture": "#0"},
				"west": {"uv": [9.5, 5.5, 10, 6], "texture": "#0"},
				"up": {"uv": [12, 8.5, 8, 8], "texture": "#0"},
				"down": {"uv": [12, 8.5, 8, 9], "texture": "#0"}
			}
		},
		{
			"from": [12, -1, 9],
			"to": [13, 9, 10],
			"rotation": {"angle": 0, "axis": "y", "origin": [12, -1, 7]},
			"faces": {
				"north": {"uv": [6.5, 7, 7, 12], "texture": "#0"},
				"east": {"uv": [7, 7, 7.5, 12], "texture": "#0"},
				"south": {"uv": [7.5, 2, 8, 7], "texture": "#0"},
				"west": {"uv": [7.5, 7, 8, 12], "texture": "#0"},
				"up": {"uv": [10, 4.5, 9.5, 4], "texture": "#0"},
				"down": {"uv": [10, 4.5, 9.5, 5], "texture": "#0"}
			}
		},
		{
			"from": [7.5, 3.5, 9],
			"to": [8.5, 7.5, 10],
			"rotation": {"angle": 0, "axis": "z", "origin": [8, 4, 9.7495]},
			"faces": {
				"north": {"uv": [9, 4, 9.5, 6], "texture": "#0"},
				"east": {"uv": [8, 9, 8.5, 11], "texture": "#0"},
				"south": {"uv": [8.5, 9, 9, 11], "texture": "#0"},
				"west": {"uv": [9, 9, 9.5, 11], "texture": "#0"},
				"up": {"uv": [10, 9.5, 9.5, 9], "texture": "#0"},
				"down": {"uv": [10, 9.5, 9.5, 10], "texture": "#0"}
			}
		},
		{
			"from": [7, 3, 9.999],
			"to": [9, 5, 9.999],
			"rotation": {"angle": 0, "axis": "z", "origin": [8, 4, 9.7495]},
			"faces": {
				"north": {"uv": [8, 2, 9, 3], "texture": "#0"},
				"east": {"uv": [0, 0, 0, 1], "texture": "#0"},
				"south": {"uv": [8, 2, 9, 3], "texture": "#0"},
				"west": {"uv": [0, 0, 0, 1], "texture": "#0"},
				"up": {"uv": [1, 0, 0, 0], "texture": "#0"},
				"down": {"uv": [1, 0, 0, 0], "texture": "#0"}
			}
		}
	],
	"display": {
		"thirdperson_righthand": {
			"rotation": [0, 180, 0],
			"translation": [0, 3.25, 1.5],
			"scale": [0.5, 0.5, 0.5]
		},
		"thirdperson_lefthand": {
			"rotation": [0, -180, 0],
			"translation": [0, 3.25, 1.5],
			"scale": [0.5, 0.5, 0.5]
		},
		"firstperson_righthand": {
			"rotation": [168.42, 76.25, 170.38],
			"translation": [0.75, 7, 1.25],
			"scale": [0.7, 0.7, 0.7]
		},
		"firstperson_lefthand": {
			"rotation": [168.42, 76.25, 170.38],
			"translation": [0.75, 7, 1.25],
			"scale": [0.7, 0.7, 0.7]
		}
	},
	"groups": [
		{
			"name": "compass",
			"origin": [8, 5, 6],
			"color": 0,
			"children": [
				0,
				1,
				2,
				3,
				4,
				{
					"name": "arrow",
					"origin": [8, 5, 6],
					"color": 0,
					"children": [5, 6]
				}
			]
		}
	]
}