{
	"format_version": "1.9.0",
	"credit": "Made with Blockbench",
	"texture_size": [32, 32],
	"textures": {
		"0": "item/gunpowder_hand",
		"particle": "item/gunpowder_hand"
	},
	"elements": [
		{
			"from": [5, 0.5, 5],
			"to": [10, 3.5, 10],
			"rotation": {"angle": 0, "axis": "y", "origin": [7, 0.5, 8]},
			"faces": {
				"north": {"uv": [2.5, 4, 5, 5.5], "texture": "#0"},
				"east": {"uv": [4.5, 0, 7, 1.5], "texture": "#0"},
				"south": {"uv": [4.5, 1.5, 7, 3], "texture": "#0"},
				"west": {"uv": [0, 5, 2.5, 6.5], "texture": "#0"},
				"up": {"uv": [2.5, 2.5, 0, 0], "texture": "#0"},
				"down": {"uv": [2.5, 2.5, 0, 5], "texture": "#0"}
			}
		},
		{
			"from": [9, 0.5, 6],
			"to": [12, 4.5, 10],
			"rotation": {"angle": 0, "axis": "y", "origin": [10, 0.5, 7]},
			"faces": {
				"north": {"uv": [5, 3, 6.5, 5], "texture": "#0"},
				"east": {"uv": [2.5, 0, 4.5, 2], "texture": "#0"},
				"south": {"uv": [5, 5, 6.5, 7], "texture": "#0"},
				"west": {"uv": [2.5, 2, 4.5, 4], "texture": "#0"},
				"up": {"uv": [4, 7.5, 2.5, 5.5], "texture": "#0"},
				"down": {"uv": [1.5, 6.5, 0, 8.5], "texture": "#0"}
			}
		},
		{
			"from": [9, 0.5, 4],
			"to": [11, 1.5, 6],
			"rotation": {"angle": -45, "axis": "y", "origin": [10, 0.5, 5]},
			"faces": {
				"north": {"uv": [4, 6.5, 5, 7], "texture": "#0"},
				"east": {"uv": [8, 4, 9, 4.5], "texture": "#0"},
				"south": {"uv": [8, 4.5, 9, 5], "texture": "#0"},
				"west": {"uv": [8, 5, 9, 5.5], "texture": "#0"},
				"up": {"uv": [5, 6.5, 4, 5.5], "texture": "#0"},
				"down": {"uv": [2.5, 6.5, 1.5, 7.5], "texture": "#0"}
			}
		},
		{
			"from": [6, 3.5, 7],
			"to": [9, 6.5, 10],
			"rotation": {"angle": 22.5, "axis": "y", "origin": [6, 3.5, 8]},
			"faces": {
				"north": {"uv": [6.5, 3, 8, 4.5], "texture": "#0"},
				"east": {"uv": [6.5, 4.5, 8, 6], "texture": "#0"},
				"south": {"uv": [6.5, 6, 8, 7.5], "texture": "#0"},
				"west": {"uv": [7, 0, 8.5, 1.5], "texture": "#0"},
				"up": {"uv": [8.5, 3, 7, 1.5], "texture": "#0"},
				"down": {"uv": [5.5, 7, 4, 8.5], "texture": "#0"}
			}
		},
		{
			"from": [5, 0.5, 3],
			"to": [7, 2.5, 5],
			"rotation": {"angle": 0, "axis": "y", "origin": [5, 0.5, 3]},
			"faces": {
				"north": {"uv": [5.5, 7, 6.5, 8], "texture": "#0"},
				"east": {"uv": [1.5, 7.5, 2.5, 8.5], "texture": "#0"},
				"south": {"uv": [2.5, 7.5, 3.5, 8.5], "texture": "#0"},
				"west": {"uv": [6.5, 7.5, 7.5, 8.5], "texture": "#0"},
				"up": {"uv": [8.5, 8.5, 7.5, 7.5], "texture": "#0"},
				"down": {"uv": [9, 3, 8, 4], "texture": "#0"}
			}
		},
		{
			"from": [5.25, 0.75, 2.75],
			"to": [7.25, 2.75, 4.75],
			"rotation": {"angle": 0, "axis": "y", "origin": [5.25, 0.75, 2.75]},
			"faces": {
				"north": {"uv": [11.5, 9.5, 12.5, 10.5], "texture": "#0"},
				"east": {"uv": [2, 12.5, 3, 13.5], "texture": "#0"},
				"south": {"uv": [3, 12.5, 4, 13.5], "texture": "#0"},
				"west": {"uv": [4, 12.5, 5, 13.5], "texture": "#0"},
				"up": {"uv": [6, 13.5, 5, 12.5], "texture": "#0"},
				"down": {"uv": [13.5, 9.5, 12.5, 10.5], "texture": "#0"}
			}
		},
		{
			"from": [4.25, -0.25, 4.75],
			"to": [10.25, 3.75, 10.75],
			"rotation": {"angle": 0, "axis": "y", "origin": [7.25, -0.25, 8.75]},
			"faces": {
				"north": {"uv": [10, 5, 13, 7], "texture": "#0"},
				"east": {"uv": [0, 10.5, 3, 12.5], "texture": "#0"},
				"south": {"uv": [10.5, 0, 13.5, 2], "texture": "#0"},
				"west": {"uv": [3, 10.5, 6, 12.5], "texture": "#0"},
				"up": {"uv": [11.5, 10.5, 8.5, 7.5], "texture": "#0"},
				"down": {"uv": [12, 2, 9, 5], "texture": "#0"}
			}
		},
		{
			"from": [5.5, 2.75, 6.5],
			"to": [9.5, 6.75, 10.5],
			"rotation": {"angle": 22.5, "axis": "y", "origin": [6.5, 2.75, 8.5]},
			"faces": {
				"north": {"uv": [8, 5.5, 10, 7.5], "texture": "#0"},
				"east": {"uv": [0, 8.5, 2, 10.5], "texture": "#0"},
				"south": {"uv": [8.5, 0, 10.5, 2], "texture": "#0"},
				"west": {"uv": [2, 8.5, 4, 10.5], "texture": "#0"},
				"up": {"uv": [6, 10.5, 4, 8.5], "texture": "#0"},
				"down": {"uv": [8, 8.5, 6, 10.5], "texture": "#0"}
			}
		},
		{
			"from": [8.25, -0.25, 5.75],
			"to": [12.25, 4.75, 10.75],
			"rotation": {"angle": 0, "axis": "y", "origin": [9.25, -0.25, 7.75]},
			"faces": {
				"north": {"uv": [11, 10.5, 13, 13], "texture": "#0"},
				"east": {"uv": [6, 10.5, 8.5, 13], "texture": "#0"},
				"south": {"uv": [11.5, 7, 13.5, 9.5], "texture": "#0"},
				"west": {"uv": [8.5, 10.5, 11, 13], "texture": "#0"},
				"up": {"uv": [14, 4.5, 12, 2], "texture": "#0"},
				"down": {"uv": [2, 12.5, 0, 15], "texture": "#0"}
			}
		}
	],
	"display": {
		"thirdperson_righthand": {
			"translation": [0, 6, 2.5],
			"scale": [0.8, 0.8, 0.8]
		},
		"thirdperson_lefthand": {
			"translation": [0, 6, 2.5],
			"scale": [0.8, 0.8, 0.8]
		},
		"firstperson_righthand": {
			"rotation": [168.42, 76.25, 170.38],
			"translation": [0.75, 7, 1.25],
			"scale": [0.8, 0.8, 0.8]
		},
		"firstperson_lefthand": {
			"rotation": [168.42, 76.25, 170.38],
			"translation": [0.75, 7, 1.25],
			"scale": [0.8, 0.8, 0.8]
		}
	},
	"groups": [
		{
			"name": "gunpowder",
			"origin": [8, 0, 8],
			"color": 0,
			"children": [0, 1, 2, 3, 4, 5, 6, 7, 8]
		}
	]
}