{
	"format_version": "1.21.6",
	"credit": "Made with Blockbench",
	"texture_size": [32, 32],
	"textures": {
		"1": "item/raw_copper_hand"
	},
	"elements": [
		{
			"from": [4.5, 2, 4],
			"to": [11.5, 6, 8],
			"rotation": {"angle": 0, "axis": "y", "origin": [7.5, 4, 5]},
			"faces": {
				"north": {"uv": [0, 2, 3.5, 4], "texture": "#1"},
				"east": {"uv": [0, 6.5, 2, 8.5], "texture": "#1"},
				"south": {"uv": [0, 0, 3.5, 2], "texture": "#1"},
				"west": {"uv": [2, 7, 4, 9], "texture": "#1"},
				"up": {"uv": [5.5, 3.5, 3.5, 0], "rotation": 90, "texture": "#1"},
				"down": {"uv": [5.5, 3.5, 3.5, 7], "rotation": 270, "texture": "#1"}
			}
		},
		{
			"from": [3.5, 2.15, 2],
			"to": [7.5, 7.15, 6],
			"rotation": {"angle": 22.5, "axis": "z", "origin": [7.5, 4, 5]},
			"faces": {
				"north": {"uv": [5.5, 5, 7.5, 7.5], "texture": "#1"},
				"east": {"uv": [0, 4, 2, 6.5], "texture": "#1"},
				"south": {"uv": [5.5, 0, 7.5, 2.5], "texture": "#1"},
				"west": {"uv": [5.5, 2.5, 7.5, 5], "texture": "#1"},
				"up": {"uv": [9.5, 2, 7.5, 0], "rotation": 90, "texture": "#1"},
				"down": {"uv": [9.5, 2, 7.5, 4], "rotation": 270, "texture": "#1"}
			}
		},
		{
			"from": [9.5, 2.9, 3],
			"to": [12.5, 5.9, 6],
			"rotation": {"angle": -22.5, "axis": "z", "origin": [7.5, 4.75, 5]},
			"faces": {
				"north": {"uv": [7.5, 4, 9, 5.5], "texture": "#1"},
				"east": {"uv": [2, 4, 3.5, 5.5], "texture": "#1"},
				"south": {"uv": [2, 5.5, 3.5, 7], "texture": "#1"},
				"west": {"uv": [4, 7, 5.5, 8.5], "texture": "#1"},
				"up": {"uv": [7, 9, 5.5, 7.5], "rotation": 90, "texture": "#1"},
				"down": {"uv": [9, 5.5, 7.5, 7], "rotation": 270, "texture": "#1"}
			}
		}
	],
	"display": {
		"thirdperson_righthand": {
			"translation": [0, 2.75, 2],
			"scale": [0.8, 0.8, 0.8]
		},
		"thirdperson_lefthand": {
			"translation": [0, 2.75, 2],
			"scale": [0.8, 0.8, 0.8]
		},
		"firstperson_righthand": {
			"rotation": [168.42, 76.25, 170.38],
			"translation": [0.75, 7, 1.25]
		},
		"firstperson_lefthand": {
			"rotation": [168.42, 76.25, 170.38],
			"translation": [0.75, 7, 1.25]
		}
	},
	"groups": [
		{
			"name": "raw",
			"origin": [4, 0, 0],
			"color": 0,
			"children": [0, 1, 2]
		}
	]
}