{
    "parent": "item/bow",
	"credit": "Made with Blockbench",
	"gui_light": "front",
	"textures": {
		"layer0": "item/bow_pulling_1",
		"particle": "item/bow_pulling_1"
	},
	"elements": [
		{
			"name": "bow_pulling_1_0",
			"from": [2, 14, 7.5],
			"to": [3, 15, 8.5],
			"faces": {
				"north": {"uv": [2, 2, 3, 1], "rotation": 180, "texture": "#layer0"},
				"east": {"uv": [2, 1, 3, 2], "texture": "#layer0"},
				"south": {"uv": [2, 1, 3, 2], "texture": "#layer0"},
				"west": {"uv": [2, 1, 3, 2], "texture": "#layer0"},
				"up": {"uv": [3, 1, 2, 2], "rotation": 180, "texture": "#layer0"},
				"down": {"uv": [2, 1, 3, 2], "texture": "#layer0"}
			}
		},
		{
			"name": "bow_pulling_1_1",
			"from": [12, 14, 7.5],
			"to": [13, 15, 8.5],
			"faces": {
				"north": {"uv": [12, 2, 13, 1], "rotation": 180, "texture": "#layer0"},
				"east": {"uv": [12, 1, 13, 2], "texture": "#layer0"},
				"south": {"uv": [12, 1, 13, 2], "texture": "#layer0"},
				"west": {"uv": [12, 1, 13, 2], "texture": "#layer0"},
				"up": {"uv": [13, 1, 12, 2], "rotation": 180, "texture": "#layer0"},
				"down": {"uv": [12, 1, 13, 2], "texture": "#layer0"}
			}
		},
		{
			"name": "bow_pulling_1_2",
			"from": [13, 14, 7.5],
			"to": [14, 15, 8.5],
			"faces": {
				"north": {"uv": [13, 2, 14, 1], "rotation": 180, "texture": "#layer0"},
				"east": {"uv": [13, 1, 14, 2], "texture": "#layer0"},
				"south": {"uv": [13, 1, 14, 2], "texture": "#layer0"},
				"west": {"uv": [13, 1, 14, 2], "texture": "#layer0"},
				"up": {"uv": [14, 1, 13, 2], "rotation": 180, "texture": "#layer0"},
				"down": {"uv": [13, 1, 14, 2], "texture": "#layer0"}
			}
		},
		{
			"name": "bow_pulling_1_3",
			"from": [14, 14, 7.5],
			"to": [15, 15, 8.5],
			"faces": {
				"north": {"uv": [14, 2, 15, 1], "rotation": 180, "texture": "#layer0"},
				"east": {"uv": [14, 1, 15, 2], "texture": "#layer0"},
				"south": {"uv": [14, 1, 15, 2], "texture": "#layer0"},
				"west": {"uv": [14, 1, 15, 2], "texture": "#layer0"},
				"up": {"uv": [15, 1, 14, 2], "rotation": 180, "texture": "#layer0"},
				"down": {"uv": [14, 1, 15, 2], "texture": "#layer0"}
			}
		},
		{
			"name": "bow_pulling_1_4",
			"from": [2, 13, 7.5],
			"to": [3, 14, 8.5],
			"faces": {
				"north": {"uv": [2, 3, 3, 2], "rotation": 180, "texture": "#layer0"},
				"east": {"uv": [2, 2, 3, 3], "texture": "#layer0"},
				"south": {"uv": [2, 2, 3, 3], "texture": "#layer0"},
				"west": {"uv": [2, 2, 3, 3], "texture": "#layer0"},
				"up": {"uv": [3, 2, 2, 3], "rotation": 180, "texture": "#layer0"},
				"down": {"uv": [2, 2, 3, 3], "texture": "#layer0"}
			}
		},
		{
			"name": "bow_pulling_1_5",
			"from": [3, 13, 7.5],
			"to": [4, 14, 8.5],
			"faces": {
				"north": {"uv": [3, 3, 4, 2], "rotation": 180, "texture": "#layer0"},
				"east": {"uv": [3, 2, 4, 3], "texture": "#layer0"},
				"south": {"uv": [3, 2, 4, 3], "texture": "#layer0"},
				"west": {"uv": [3, 2, 4, 3], "texture": "#layer0"},
				"up": {"uv": [4, 2, 3, 3], "rotation": 180, "texture": "#layer0"},
				"down": {"uv": [3, 2, 4, 3], "texture": "#layer0"}
			}
		},
		{
			"name": "bow_pulling_1_6",
			"from": [8, 13, 7.5],
			"to": [9, 14, 8.5],
			"faces": {
				"north": {"uv": [8, 3, 9, 2], "rotation": 180, "texture": "#layer0"},
				"east": {"uv": [8, 2, 9, 3], "texture": "#layer0"},
				"south": {"uv": [8, 2, 9, 3], "texture": "#layer0"},
				"west": {"uv": [8, 2, 9, 3], "texture": "#layer0"},
				"up": {"uv": [9, 2, 8, 3], "rotation": 180, "texture": "#layer0"},
				"down": {"uv": [8, 2, 9, 3], "texture": "#layer0"}
			}
		},
		{
			"name": "bow_pulling_1_7",
			"from": [9, 13, 7.5],
			"to": [10, 14, 8.5],
			"faces": {
				"north": {"uv": [9, 3, 10, 2], "rotation": 180, "texture": "#layer0"},
				"east": {"uv": [9, 2, 10, 3], "texture": "#layer0"},
				"south": {"uv": [9, 2, 10, 3], "texture": "#layer0"},
				"west": {"uv": [9, 2, 10, 3], "texture": "#layer0"},
				"up": {"uv": [10, 2, 9, 3], "rotation": 180, "texture": "#layer0"},
				"down": {"uv": [9, 2, 10, 3], "texture": "#layer0"}
			}
		},
		{
			"name": "bow_pulling_1_8",
			"from": [10, 13, 7.5],
			"to": [11, 14, 8.5],
			"faces": {
				"north": {"uv": [10, 3, 11, 2], "rotation": 180, "texture": "#layer0"},
				"east": {"uv": [10, 2, 11, 3], "texture": "#layer0"},
				"south": {"uv": [10, 2, 11, 3], "texture": "#layer0"},
				"west": {"uv": [10, 2, 11, 3], "texture": "#layer0"},
				"up": {"uv": [11, 2, 10, 3], "rotation": 180, "texture": "#layer0"},
				"down": {"uv": [10, 2, 11, 3], "texture": "#layer0"}
			}
		},
		{
			"name": "bow_pulling_1_9",
			"from": [11, 13, 7.5],
			"to": [12, 14, 8.5],
			"faces": {
				"north": {"uv": [11, 3, 12, 2], "rotation": 180, "texture": "#layer0"},
				"east": {"uv": [11, 2, 12, 3], "texture": "#layer0"},
				"south": {"uv": [11, 2, 12, 3], "texture": "#layer0"},
				"west": {"uv": [11, 2, 12, 3], "texture": "#layer0"},
				"up": {"uv": [12, 2, 11, 3], "rotation": 180, "texture": "#layer0"},
				"down": {"uv": [11, 2, 12, 3], "texture": "#layer0"}
			}
		},
		{
			"name": "bow_pulling_1_10",
			"from": [12, 13, 7.5],
			"to": [13, 14, 8.5],
			"faces": {
				"north": {"uv": [12, 3, 13, 2], "rotation": 180, "texture": "#layer0"},
				"east": {"uv": [12, 2, 13, 3], "texture": "#layer0"},
				"south": {"uv": [12, 2, 13, 3], "texture": "#layer0"},
				"west": {"uv": [12, 2, 13, 3], "texture": "#layer0"},
				"up": {"uv": [13, 2, 12, 3], "rotation": 180, "texture": "#layer0"},
				"down": {"uv": [12, 2, 13, 3], "texture": "#layer0"}
			}
		},
		{
			"name": "bow_pulling_1_11",
			"from": [13, 13, 7.5],
			"to": [14, 14, 8.5],
			"faces": {
				"north": {"uv": [13, 3, 14, 2], "rotation": 180, "texture": "#layer0"},
				"east": {"uv": [13, 2, 14, 3], "texture": "#layer0"},
				"south": {"uv": [13, 2, 14, 3], "texture": "#layer0"},
				"west": {"uv": [13, 2, 14, 3], "texture": "#layer0"},
				"up": {"uv": [14, 2, 13, 3], "rotation": 180, "texture": "#layer0"},
				"down": {"uv": [13, 2, 14, 3], "texture": "#layer0"}
			}
		},
		{
			"name": "bow_pulling_1_12",
			"from": [14, 13, 7.5],
			"to": [15, 14, 8.5],
			"faces": {
				"north": {"uv": [14, 3, 15, 2], "rotation": 180, "texture": "#layer0"},
				"east": {"uv": [14, 2, 15, 3], "texture": "#layer0"},
				"south": {"uv": [14, 2, 15, 3], "texture": "#layer0"},
				"west": {"uv": [14, 2, 15, 3], "texture": "#layer0"},
				"up": {"uv": [15, 2, 14, 3], "rotation": 180, "texture": "#layer0"},
				"down": {"uv": [14, 2, 15, 3], "texture": "#layer0"}
			}
		},
		{
			"name": "bow_pulling_1_13",
			"from": [15, 13, 7.5],
			"to": [16, 14, 8.5],
			"faces": {
				"north": {"uv": [15, 3, 16, 2], "rotation": 180, "texture": "#layer0"},
				"east": {"uv": [15, 2, 16, 3], "texture": "#layer0"},
				"south": {"uv": [15, 2, 16, 3], "texture": "#layer0"},
				"west": {"uv": [15, 2, 16, 3], "texture": "#layer0"},
				"up": {"uv": [16, 2, 15, 3], "rotation": 180, "texture": "#layer0"},
				"down": {"uv": [15, 2, 16, 3], "texture": "#layer0"}
			}
		},
		{
			"name": "bow_pulling_1_14",
			"from": [3, 12, 7.5],
			"to": [4, 13, 8.5],
			"faces": {
				"north": {"uv": [3, 4, 4, 3], "rotation": 180, "texture": "#layer0"},
				"east": {"uv": [3, 3, 4, 4], "texture": "#layer0"},
				"south": {"uv": [3, 3, 4, 4], "texture": "#layer0"},
				"west": {"uv": [3, 3, 4, 4], "texture": "#layer0"},
				"up": {"uv": [4, 3, 3, 4], "rotation": 180, "texture": "#layer0"},
				"down": {"uv": [3, 3, 4, 4], "texture": "#layer0"}
			}
		},
		{
			"name": "bow_pulling_1_15",
			"from": [4, 12, 7.5],
			"to": [5, 13, 8.5],
			"faces": {
				"north": {"uv": [4, 4, 5, 3], "rotation": 180, "texture": "#layer0"},
				"east": {"uv": [4, 3, 5, 4], "texture": "#layer0"},
				"south": {"uv": [4, 3, 5, 4], "texture": "#layer0"},
				"west": {"uv": [4, 3, 5, 4], "texture": "#layer0"},
				"up": {"uv": [5, 3, 4, 4], "rotation": 180, "texture": "#layer0"},
				"down": {"uv": [4, 3, 5, 4], "texture": "#layer0"}
			}
		},
		{
			"name": "bow_pulling_1_16",
			"from": [6, 12, 7.5],
			"to": [7, 13, 8.5],
			"faces": {
				"north": {"uv": [6, 4, 7, 3], "rotation": 180, "texture": "#layer0"},
				"east": {"uv": [6, 3, 7, 4], "texture": "#layer0"},
				"south": {"uv": [6, 3, 7, 4], "texture": "#layer0"},
				"west": {"uv": [6, 3, 7, 4], "texture": "#layer0"},
				"up": {"uv": [7, 3, 6, 4], "rotation": 180, "texture": "#layer0"},
				"down": {"uv": [6, 3, 7, 4], "texture": "#layer0"}
			}
		},
		{
			"name": "bow_pulling_1_17",
			"from": [7, 12, 7.5],
			"to": [8, 13, 8.5],
			"faces": {
				"north": {"uv": [7, 4, 8, 3], "rotation": 180, "texture": "#layer0"},
				"east": {"uv": [7, 3, 8, 4], "texture": "#layer0"},
				"south": {"uv": [7, 3, 8, 4], "texture": "#layer0"},
				"west": {"uv": [7, 3, 8, 4], "texture": "#layer0"},
				"up": {"uv": [8, 3, 7, 4], "rotation": 180, "texture": "#layer0"},
				"down": {"uv": [7, 3, 8, 4], "texture": "#layer0"}
			}
		},
		{
			"name": "bow_pulling_1_18",
			"from": [8, 12, 7.5],
			"to": [9, 13, 8.5],
			"faces": {
				"north": {"uv": [8, 4, 9, 3], "rotation": 180, "texture": "#layer0"},
				"east": {"uv": [8, 3, 9, 4], "texture": "#layer0"},
				"south": {"uv": [8, 3, 9, 4], "texture": "#layer0"},
				"west": {"uv": [8, 3, 9, 4], "texture": "#layer0"},
				"up": {"uv": [9, 3, 8, 4], "rotation": 180, "texture": "#layer0"},
				"down": {"uv": [8, 3, 9, 4], "texture": "#layer0"}
			}
		},
		{
			"name": "bow_pulling_1_19",
			"from": [9, 12, 7.5],
			"to": [10, 13, 8.5],
			"faces": {
				"north": {"uv": [9, 4, 10, 3], "rotation": 180, "texture": "#layer0"},
				"east": {"uv": [9, 3, 10, 4], "texture": "#layer0"},
				"south": {"uv": [9, 3, 10, 4], "texture": "#layer0"},
				"west": {"uv": [9, 3, 10, 4], "texture": "#layer0"},
				"up": {"uv": [10, 3, 9, 4], "rotation": 180, "texture": "#layer0"},
				"down": {"uv": [9, 3, 10, 4], "texture": "#layer0"}
			}
		},
		{
			"name": "bow_pulling_1_20",
			"from": [10, 12, 7.5],
			"to": [11, 13, 8.5],
			"faces": {
				"north": {"uv": [10, 4, 11, 3], "rotation": 180, "texture": "#layer0"},
				"east": {"uv": [10, 3, 11, 4], "texture": "#layer0"},
				"south": {"uv": [10, 3, 11, 4], "texture": "#layer0"},
				"west": {"uv": [10, 3, 11, 4], "texture": "#layer0"},
				"up": {"uv": [11, 3, 10, 4], "rotation": 180, "texture": "#layer0"},
				"down": {"uv": [10, 3, 11, 4], "texture": "#layer0"}
			}
		},
		{
			"name": "bow_pulling_1_21",
			"from": [11, 12, 7.5],
			"to": [12, 13, 8.5],
			"faces": {
				"north": {"uv": [11, 4, 12, 3], "rotation": 180, "texture": "#layer0"},
				"east": {"uv": [11, 3, 12, 4], "texture": "#layer0"},
				"south": {"uv": [11, 3, 12, 4], "texture": "#layer0"},
				"west": {"uv": [11, 3, 12, 4], "texture": "#layer0"},
				"up": {"uv": [12, 3, 11, 4], "rotation": 180, "texture": "#layer0"},
				"down": {"uv": [11, 3, 12, 4], "texture": "#layer0"}
			}
		},
		{
			"name": "bow_pulling_1_22",
			"from": [12, 12, 7.5],
			"to": [13, 13, 8.5],
			"faces": {
				"north": {"uv": [12, 4, 13, 3], "rotation": 180, "texture": "#layer0"},
				"east": {"uv": [12, 3, 13, 4], "texture": "#layer0"},
				"south": {"uv": [12, 3, 13, 4], "texture": "#layer0"},
				"west": {"uv": [12, 3, 13, 4], "texture": "#layer0"},
				"up": {"uv": [13, 3, 12, 4], "rotation": 180, "texture": "#layer0"},
				"down": {"uv": [12, 3, 13, 4], "texture": "#layer0"}
			}
		},
		{
			"name": "bow_pulling_1_23",
			"from": [13, 12, 7.5],
			"to": [14, 13, 8.5],
			"faces": {
				"north": {"uv": [13, 4, 14, 3], "rotation": 180, "texture": "#layer0"},
				"east": {"uv": [13, 3, 14, 4], "texture": "#layer0"},
				"south": {"uv": [13, 3, 14, 4], "texture": "#layer0"},
				"west": {"uv": [13, 3, 14, 4], "texture": "#layer0"},
				"up": {"uv": [14, 3, 13, 4], "rotation": 180, "texture": "#layer0"},
				"down": {"uv": [13, 3, 14, 4], "texture": "#layer0"}
			}
		},
		{
			"name": "bow_pulling_1_24",
			"from": [14, 12, 7.5],
			"to": [15, 13, 8.5],
			"faces": {
				"north": {"uv": [14, 4, 15, 3], "rotation": 180, "texture": "#layer0"},
				"east": {"uv": [14, 3, 15, 4], "texture": "#layer0"},
				"south": {"uv": [14, 3, 15, 4], "texture": "#layer0"},
				"west": {"uv": [14, 3, 15, 4], "texture": "#layer0"},
				"up": {"uv": [15, 3, 14, 4], "rotation": 180, "texture": "#layer0"},
				"down": {"uv": [14, 3, 15, 4], "texture": "#layer0"}
			}
		},
		{
			"name": "bow_pulling_1_25",
			"from": [4, 11, 7.5],
			"to": [5, 12, 8.5],
			"faces": {
				"north": {"uv": [4, 5, 5, 4], "rotation": 180, "texture": "#layer0"},
				"east": {"uv": [4, 4, 5, 5], "texture": "#layer0"},
				"south": {"uv": [4, 4, 5, 5], "texture": "#layer0"},
				"west": {"uv": [4, 4, 5, 5], "texture": "#layer0"},
				"up": {"uv": [5, 4, 4, 5], "rotation": 180, "texture": "#layer0"},
				"down": {"uv": [4, 4, 5, 5], "texture": "#layer0"}
			}
		},
		{
			"name": "bow_pulling_1_26",
			"from": [5, 11, 7.5],
			"to": [6, 12, 8.5],
			"faces": {
				"north": {"uv": [5, 5, 6, 4], "rotation": 180, "texture": "#layer0"},
				"east": {"uv": [5, 4, 6, 5], "texture": "#layer0"},
				"south": {"uv": [5, 4, 6, 5], "texture": "#layer0"},
				"west": {"uv": [5, 4, 6, 5], "texture": "#layer0"},
				"up": {"uv": [6, 4, 5, 5], "rotation": 180, "texture": "#layer0"},
				"down": {"uv": [5, 4, 6, 5], "texture": "#layer0"}
			}
		},
		{
			"name": "bow_pulling_1_27",
			"from": [6, 11, 7.5],
			"to": [7, 12, 8.5],
			"faces": {
				"north": {"uv": [6, 5, 7, 4], "rotation": 180, "texture": "#layer0"},
				"east": {"uv": [6, 4, 7, 5], "texture": "#layer0"},
				"south": {"uv": [6, 4, 7, 5], "texture": "#layer0"},
				"west": {"uv": [6, 4, 7, 5], "texture": "#layer0"},
				"up": {"uv": [7, 4, 6, 5], "rotation": 180, "texture": "#layer0"},
				"down": {"uv": [6, 4, 7, 5], "texture": "#layer0"}
			}
		},
		{
			"name": "bow_pulling_1_28",
			"from": [7, 11, 7.5],
			"to": [8, 12, 8.5],
			"faces": {
				"north": {"uv": [7, 5, 8, 4], "rotation": 180, "texture": "#layer0"},
				"east": {"uv": [7, 4, 8, 5], "texture": "#layer0"},
				"south": {"uv": [7, 4, 8, 5], "texture": "#layer0"},
				"west": {"uv": [7, 4, 8, 5], "texture": "#layer0"},
				"up": {"uv": [8, 4, 7, 5], "rotation": 180, "texture": "#layer0"},
				"down": {"uv": [7, 4, 8, 5], "texture": "#layer0"}
			}
		},
		{
			"name": "bow_pulling_1_29",
			"from": [8, 11, 7.5],
			"to": [9, 12, 8.5],
			"faces": {
				"north": {"uv": [8, 5, 9, 4], "rotation": 180, "texture": "#layer0"},
				"east": {"uv": [8, 4, 9, 5], "texture": "#layer0"},
				"south": {"uv": [8, 4, 9, 5], "texture": "#layer0"},
				"west": {"uv": [8, 4, 9, 5], "texture": "#layer0"},
				"up": {"uv": [9, 4, 8, 5], "rotation": 180, "texture": "#layer0"},
				"down": {"uv": [8, 4, 9, 5], "texture": "#layer0"}
			}
		},
		{
			"name": "bow_pulling_1_30",
			"from": [9, 11, 7.5],
			"to": [10, 12, 8.5],
			"faces": {
				"north": {"uv": [9, 5, 10, 4], "rotation": 180, "texture": "#layer0"},
				"east": {"uv": [9, 4, 10, 5], "texture": "#layer0"},
				"south": {"uv": [9, 4, 10, 5], "texture": "#layer0"},
				"west": {"uv": [9, 4, 10, 5], "texture": "#layer0"},
				"up": {"uv": [10, 4, 9, 5], "rotation": 180, "texture": "#layer0"},
				"down": {"uv": [9, 4, 10, 5], "texture": "#layer0"}
			}
		},
		{
			"name": "bow_pulling_1_31",
			"from": [10, 11, 7.5],
			"to": [11, 12, 8.5],
			"faces": {
				"north": {"uv": [10, 5, 11, 4], "rotation": 180, "texture": "#layer0"},
				"east": {"uv": [10, 4, 11, 5], "texture": "#layer0"},
				"south": {"uv": [10, 4, 11, 5], "texture": "#layer0"},
				"west": {"uv": [10, 4, 11, 5], "texture": "#layer0"},
				"up": {"uv": [11, 4, 10, 5], "rotation": 180, "texture": "#layer0"},
				"down": {"uv": [10, 4, 11, 5], "texture": "#layer0"}
			}
		},
		{
			"name": "bow_pulling_1_32",
			"from": [11, 11, 7.5],
			"to": [12, 12, 8.5],
			"faces": {
				"north": {"uv": [11, 5, 12, 4], "rotation": 180, "texture": "#layer0"},
				"east": {"uv": [11, 4, 12, 5], "texture": "#layer0"},
				"south": {"uv": [11, 4, 12, 5], "texture": "#layer0"},
				"west": {"uv": [11, 4, 12, 5], "texture": "#layer0"},
				"up": {"uv": [12, 4, 11, 5], "rotation": 180, "texture": "#layer0"},
				"down": {"uv": [11, 4, 12, 5], "texture": "#layer0"}
			}
		},
		{
			"name": "bow_pulling_1_33",
			"from": [14, 11, 7.5],
			"to": [15, 12, 8.5],
			"faces": {
				"north": {"uv": [14, 5, 15, 4], "rotation": 180, "texture": "#layer0"},
				"east": {"uv": [14, 4, 15, 5], "texture": "#layer0"},
				"south": {"uv": [14, 4, 15, 5], "texture": "#layer0"},
				"west": {"uv": [14, 4, 15, 5], "texture": "#layer0"},
				"up": {"uv": [15, 4, 14, 5], "rotation": 180, "texture": "#layer0"},
				"down": {"uv": [14, 4, 15, 5], "texture": "#layer0"}
			}
		},
		{
			"name": "bow_pulling_1_34",
			"from": [4, 10, 7.5],
			"to": [5, 11, 8.5],
			"faces": {
				"north": {"uv": [4, 6, 5, 5], "rotation": 180, "texture": "#layer0"},
				"east": {"uv": [4, 5, 5, 6], "texture": "#layer0"},
				"south": {"uv": [4, 5, 5, 6], "texture": "#layer0"},
				"west": {"uv": [4, 5, 5, 6], "texture": "#layer0"},
				"up": {"uv": [5, 5, 4, 6], "rotation": 180, "texture": "#layer0"},
				"down": {"uv": [4, 5, 5, 6], "texture": "#layer0"}
			}
		},
		{
			"name": "bow_pulling_1_35",
			"from": [5, 10, 7.5],
			"to": [6, 11, 8.5],
			"faces": {
				"north": {"uv": [5, 6, 6, 5], "rotation": 180, "texture": "#layer0"},
				"east": {"uv": [5, 5, 6, 6], "texture": "#layer0"},
				"south": {"uv": [5, 5, 6, 6], "texture": "#layer0"},
				"west": {"uv": [5, 5, 6, 6], "texture": "#layer0"},
				"up": {"uv": [6, 5, 5, 6], "rotation": 180, "texture": "#layer0"},
				"down": {"uv": [5, 5, 6, 6], "texture": "#layer0"}
			}
		},
		{
			"name": "bow_pulling_1_36",
			"from": [6, 10, 7.5],
			"to": [7, 11, 8.5],
			"faces": {
				"north": {"uv": [6, 6, 7, 5], "rotation": 180, "texture": "#layer0"},
				"east": {"uv": [6, 5, 7, 6], "texture": "#layer0"},
				"south": {"uv": [6, 5, 7, 6], "texture": "#layer0"},
				"west": {"uv": [6, 5, 7, 6], "texture": "#layer0"},
				"up": {"uv": [7, 5, 6, 6], "rotation": 180, "texture": "#layer0"},
				"down": {"uv": [6, 5, 7, 6], "texture": "#layer0"}
			}
		},
		{
			"name": "bow_pulling_1_37",
			"from": [7, 10, 7.5],
			"to": [8, 11, 8.5],
			"faces": {
				"north": {"uv": [7, 6, 8, 5], "rotation": 180, "texture": "#layer0"},
				"east": {"uv": [7, 5, 8, 6], "texture": "#layer0"},
				"south": {"uv": [7, 5, 8, 6], "texture": "#layer0"},
				"west": {"uv": [7, 5, 8, 6], "texture": "#layer0"},
				"up": {"uv": [8, 5, 7, 6], "rotation": 180, "texture": "#layer0"},
				"down": {"uv": [7, 5, 8, 6], "texture": "#layer0"}
			}
		},
		{
			"name": "bow_pulling_1_38",
			"from": [14, 10, 7.5],
			"to": [15, 11, 8.5],
			"faces": {
				"north": {"uv": [14, 6, 15, 5], "rotation": 180, "texture": "#layer0"},
				"east": {"uv": [14, 5, 15, 6], "texture": "#layer0"},
				"south": {"uv": [14, 5, 15, 6], "texture": "#layer0"},
				"west": {"uv": [14, 5, 15, 6], "texture": "#layer0"},
				"up": {"uv": [15, 5, 14, 6], "rotation": 180, "texture": "#layer0"},
				"down": {"uv": [14, 5, 15, 6], "texture": "#layer0"}
			}
		},
		{
			"name": "bow_pulling_1_39",
			"from": [3, 9, 7.5],
			"to": [4, 10, 8.5],
			"faces": {
				"north": {"uv": [3, 7, 4, 6], "rotation": 180, "texture": "#layer0"},
				"east": {"uv": [3, 6, 4, 7], "texture": "#layer0"},
				"south": {"uv": [3, 6, 4, 7], "texture": "#layer0"},
				"west": {"uv": [3, 6, 4, 7], "texture": "#layer0"},
				"up": {"uv": [4, 6, 3, 7], "rotation": 180, "texture": "#layer0"},
				"down": {"uv": [3, 6, 4, 7], "texture": "#layer0"}
			}
		},
		{
			"name": "bow_pulling_1_40",
			"from": [4, 9, 7.5],
			"to": [5, 10, 8.5],
			"faces": {
				"north": {"uv": [4, 7, 5, 6], "rotation": 180, "texture": "#layer0"},
				"east": {"uv": [4, 6, 5, 7], "texture": "#layer0"},
				"south": {"uv": [4, 6, 5, 7], "texture": "#layer0"},
				"west": {"uv": [4, 6, 5, 7], "texture": "#layer0"},
				"up": {"uv": [5, 6, 4, 7], "rotation": 180, "texture": "#layer0"},
				"down": {"uv": [4, 6, 5, 7], "texture": "#layer0"}
			}
		},
		{
			"name": "bow_pulling_1_41",
			"from": [5, 9, 7.5],
			"to": [6, 10, 8.5],
			"faces": {
				"north": {"uv": [5, 7, 6, 6], "rotation": 180, "texture": "#layer0"},
				"east": {"uv": [5, 6, 6, 7], "texture": "#layer0"},
				"south": {"uv": [5, 6, 6, 7], "texture": "#layer0"},
				"west": {"uv": [5, 6, 6, 7], "texture": "#layer0"},
				"up": {"uv": [6, 6, 5, 7], "rotation": 180, "texture": "#layer0"},
				"down": {"uv": [5, 6, 6, 7], "texture": "#layer0"}
			}
		},
		{
			"name": "bow_pulling_1_42",
			"from": [6, 9, 7.5],
			"to": [7, 10, 8.5],
			"faces": {
				"north": {"uv": [6, 7, 7, 6], "rotation": 180, "texture": "#layer0"},
				"east": {"uv": [6, 6, 7, 7], "texture": "#layer0"},
				"south": {"uv": [6, 6, 7, 7], "texture": "#layer0"},
				"west": {"uv": [6, 6, 7, 7], "texture": "#layer0"},
				"up": {"uv": [7, 6, 6, 7], "rotation": 180, "texture": "#layer0"},
				"down": {"uv": [6, 6, 7, 7], "texture": "#layer0"}
			}
		},
		{
			"name": "bow_pulling_1_43",
			"from": [7, 9, 7.5],
			"to": [8, 10, 8.5],
			"faces": {
				"north": {"uv": [7, 7, 8, 6], "rotation": 180, "texture": "#layer0"},
				"east": {"uv": [7, 6, 8, 7], "texture": "#layer0"},
				"south": {"uv": [7, 6, 8, 7], "texture": "#layer0"},
				"west": {"uv": [7, 6, 8, 7], "texture": "#layer0"},
				"up": {"uv": [8, 6, 7, 7], "rotation": 180, "texture": "#layer0"},
				"down": {"uv": [7, 6, 8, 7], "texture": "#layer0"}
			}
		},
		{
			"name": "bow_pulling_1_44",
			"from": [13, 9, 7.5],
			"to": [14, 10, 8.5],
			"faces": {
				"north": {"uv": [13, 7, 14, 6], "rotation": 180, "texture": "#layer0"},
				"east": {"uv": [13, 6, 14, 7], "texture": "#layer0"},
				"south": {"uv": [13, 6, 14, 7], "texture": "#layer0"},
				"west": {"uv": [13, 6, 14, 7], "texture": "#layer0"},
				"up": {"uv": [14, 6, 13, 7], "rotation": 180, "texture": "#layer0"},
				"down": {"uv": [13, 6, 14, 7], "texture": "#layer0"}
			}
		},
		{
			"name": "bow_pulling_1_45",
			"from": [3, 8, 7.5],
			"to": [4, 9, 8.5],
			"faces": {
				"north": {"uv": [3, 8, 4, 7], "rotation": 180, "texture": "#layer0"},
				"east": {"uv": [3, 7, 4, 8], "texture": "#layer0"},
				"south": {"uv": [3, 7, 4, 8], "texture": "#layer0"},
				"west": {"uv": [3, 7, 4, 8], "texture": "#layer0"},
				"up": {"uv": [4, 7, 3, 8], "rotation": 180, "texture": "#layer0"},
				"down": {"uv": [3, 7, 4, 8], "texture": "#layer0"}
			}
		},
		{
			"name": "bow_pulling_1_46",
			"from": [4, 8, 7.5],
			"to": [5, 9, 8.5],
			"faces": {
				"north": {"uv": [4, 8, 5, 7], "rotation": 180, "texture": "#layer0"},
				"east": {"uv": [4, 7, 5, 8], "texture": "#layer0"},
				"south": {"uv": [4, 7, 5, 8], "texture": "#layer0"},
				"west": {"uv": [4, 7, 5, 8], "texture": "#layer0"},
				"up": {"uv": [5, 7, 4, 8], "rotation": 180, "texture": "#layer0"},
				"down": {"uv": [4, 7, 5, 8], "texture": "#layer0"}
			}
		},
		{
			"name": "bow_pulling_1_47",
			"from": [5, 8, 7.5],
			"to": [6, 9, 8.5],
			"faces": {
				"north": {"uv": [5, 8, 6, 7], "rotation": 180, "texture": "#layer0"},
				"east": {"uv": [5, 7, 6, 8], "texture": "#layer0"},
				"south": {"uv": [5, 7, 6, 8], "texture": "#layer0"},
				"west": {"uv": [5, 7, 6, 8], "texture": "#layer0"},
				"up": {"uv": [6, 7, 5, 8], "rotation": 180, "texture": "#layer0"},
				"down": {"uv": [5, 7, 6, 8], "texture": "#layer0"}
			}
		},
		{
			"name": "bow_pulling_1_48",
			"from": [7, 8, 7.5],
			"to": [8, 9, 8.5],
			"faces": {
				"north": {"uv": [7, 8, 8, 7], "rotation": 180, "texture": "#layer0"},
				"east": {"uv": [7, 7, 8, 8], "texture": "#layer0"},
				"south": {"uv": [7, 7, 8, 8], "texture": "#layer0"},
				"west": {"uv": [7, 7, 8, 8], "texture": "#layer0"},
				"up": {"uv": [8, 7, 7, 8], "rotation": 180, "texture": "#layer0"},
				"down": {"uv": [7, 7, 8, 8], "texture": "#layer0"}
			}
		},
		{
			"name": "bow_pulling_1_49",
			"from": [8, 8, 7.5],
			"to": [9, 9, 8.5],
			"faces": {
				"north": {"uv": [8, 8, 9, 7], "rotation": 180, "texture": "#layer0"},
				"east": {"uv": [8, 7, 9, 8], "texture": "#layer0"},
				"south": {"uv": [8, 7, 9, 8], "texture": "#layer0"},
				"west": {"uv": [8, 7, 9, 8], "texture": "#layer0"},
				"up": {"uv": [9, 7, 8, 8], "rotation": 180, "texture": "#layer0"},
				"down": {"uv": [8, 7, 9, 8], "texture": "#layer0"}
			}
		},
		{
			"name": "bow_pulling_1_50",
			"from": [13, 8, 7.5],
			"to": [14, 9, 8.5],
			"faces": {
				"north": {"uv": [13, 8, 14, 7], "rotation": 180, "texture": "#layer0"},
				"east": {"uv": [13, 7, 14, 8], "texture": "#layer0"},
				"south": {"uv": [13, 7, 14, 8], "texture": "#layer0"},
				"west": {"uv": [13, 7, 14, 8], "texture": "#layer0"},
				"up": {"uv": [14, 7, 13, 8], "rotation": 180, "texture": "#layer0"},
				"down": {"uv": [13, 7, 14, 8], "texture": "#layer0"}
			}
		},
		{
			"name": "bow_pulling_1_51",
			"from": [2, 7, 7.5],
			"to": [3, 8, 8.5],
			"faces": {
				"north": {"uv": [2, 9, 3, 8], "rotation": 180, "texture": "#layer0"},
				"east": {"uv": [2, 8, 3, 9], "texture": "#layer0"},
				"south": {"uv": [2, 8, 3, 9], "texture": "#layer0"},
				"west": {"uv": [2, 8, 3, 9], "texture": "#layer0"},
				"up": {"uv": [3, 8, 2, 9], "rotation": 180, "texture": "#layer0"},
				"down": {"uv": [2, 8, 3, 9], "texture": "#layer0"}
			}
		},
		{
			"name": "bow_pulling_1_52",
			"from": [3, 7, 7.5],
			"to": [4, 8, 8.5],
			"faces": {
				"north": {"uv": [3, 9, 4, 8], "rotation": 180, "texture": "#layer0"},
				"east": {"uv": [3, 8, 4, 9], "texture": "#layer0"},
				"south": {"uv": [3, 8, 4, 9], "texture": "#layer0"},
				"west": {"uv": [3, 8, 4, 9], "texture": "#layer0"},
				"up": {"uv": [4, 8, 3, 9], "rotation": 180, "texture": "#layer0"},
				"down": {"uv": [3, 8, 4, 9], "texture": "#layer0"}
			}
		},
		{
			"name": "bow_pulling_1_53",
			"from": [4, 7, 7.5],
			"to": [5, 8, 8.5],
			"faces": {
				"north": {"uv": [4, 9, 5, 8], "rotation": 180, "texture": "#layer0"},
				"east": {"uv": [4, 8, 5, 9], "texture": "#layer0"},
				"south": {"uv": [4, 8, 5, 9], "texture": "#layer0"},
				"west": {"uv": [4, 8, 5, 9], "texture": "#layer0"},
				"up": {"uv": [5, 8, 4, 9], "rotation": 180, "texture": "#layer0"},
				"down": {"uv": [4, 8, 5, 9], "texture": "#layer0"}
			}
		},
		{
			"name": "bow_pulling_1_54",
			"from": [8, 7, 7.5],
			"to": [9, 8, 8.5],
			"faces": {
				"north": {"uv": [8, 9, 9, 8], "rotation": 180, "texture": "#layer0"},
				"east": {"uv": [8, 8, 9, 9], "texture": "#layer0"},
				"south": {"uv": [8, 8, 9, 9], "texture": "#layer0"},
				"west": {"uv": [8, 8, 9, 9], "texture": "#layer0"},
				"up": {"uv": [9, 8, 8, 9], "rotation": 180, "texture": "#layer0"},
				"down": {"uv": [8, 8, 9, 9], "texture": "#layer0"}
			}
		},
		{
			"name": "bow_pulling_1_55",
			"from": [9, 7, 7.5],
			"to": [10, 8, 8.5],
			"faces": {
				"north": {"uv": [9, 9, 10, 8], "rotation": 180, "texture": "#layer0"},
				"east": {"uv": [9, 8, 10, 9], "texture": "#layer0"},
				"south": {"uv": [9, 8, 10, 9], "texture": "#layer0"},
				"west": {"uv": [9, 8, 10, 9], "texture": "#layer0"},
				"up": {"uv": [10, 8, 9, 9], "rotation": 180, "texture": "#layer0"},
				"down": {"uv": [9, 8, 10, 9], "texture": "#layer0"}
			}
		},
		{
			"name": "bow_pulling_1_56",
			"from": [12, 7, 7.5],
			"to": [13, 8, 8.5],
			"faces": {
				"north": {"uv": [12, 9, 13, 8], "rotation": 180, "texture": "#layer0"},
				"east": {"uv": [12, 8, 13, 9], "texture": "#layer0"},
				"south": {"uv": [12, 8, 13, 9], "texture": "#layer0"},
				"west": {"uv": [12, 8, 13, 9], "texture": "#layer0"},
				"up": {"uv": [13, 8, 12, 9], "rotation": 180, "texture": "#layer0"},
				"down": {"uv": [12, 8, 13, 9], "texture": "#layer0"}
			}
		},
		{
			"name": "bow_pulling_1_57",
			"from": [2, 6, 7.5],
			"to": [3, 7, 8.5],
			"faces": {
				"north": {"uv": [2, 10, 3, 9], "rotation": 180, "texture": "#layer0"},
				"east": {"uv": [2, 9, 3, 10], "texture": "#layer0"},
				"south": {"uv": [2, 9, 3, 10], "texture": "#layer0"},
				"west": {"uv": [2, 9, 3, 10], "texture": "#layer0"},
				"up": {"uv": [3, 9, 2, 10], "rotation": 180, "texture": "#layer0"},
				"down": {"uv": [2, 9, 3, 10], "texture": "#layer0"}
			}
		},
		{
			"name": "bow_pulling_1_58",
			"from": [3, 6, 7.5],
			"to": [4, 7, 8.5],
			"faces": {
				"north": {"uv": [3, 10, 4, 9], "rotation": 180, "texture": "#layer0"},
				"east": {"uv": [3, 9, 4, 10], "texture": "#layer0"},
				"south": {"uv": [3, 9, 4, 10], "texture": "#layer0"},
				"west": {"uv": [3, 9, 4, 10], "texture": "#layer0"},
				"up": {"uv": [4, 9, 3, 10], "rotation": 180, "texture": "#layer0"},
				"down": {"uv": [3, 9, 4, 10], "texture": "#layer0"}
			}
		},
		{
			"name": "bow_pulling_1_59",
			"from": [4, 6, 7.5],
			"to": [5, 7, 8.5],
			"faces": {
				"north": {"uv": [4, 10, 5, 9], "rotation": 180, "texture": "#layer0"},
				"east": {"uv": [4, 9, 5, 10], "texture": "#layer0"},
				"south": {"uv": [4, 9, 5, 10], "texture": "#layer0"},
				"west": {"uv": [4, 9, 5, 10], "texture": "#layer0"},
				"up": {"uv": [5, 9, 4, 10], "rotation": 180, "texture": "#layer0"},
				"down": {"uv": [4, 9, 5, 10], "texture": "#layer0"}
			}
		},
		{
			"name": "bow_pulling_1_60",
			"from": [9, 6, 7.5],
			"to": [10, 7, 8.5],
			"faces": {
				"north": {"uv": [9, 10, 10, 9], "rotation": 180, "texture": "#layer0"},
				"east": {"uv": [9, 9, 10, 10], "texture": "#layer0"},
				"south": {"uv": [9, 9, 10, 10], "texture": "#layer0"},
				"west": {"uv": [9, 9, 10, 10], "texture": "#layer0"},
				"up": {"uv": [10, 9, 9, 10], "rotation": 180, "texture": "#layer0"},
				"down": {"uv": [9, 9, 10, 10], "texture": "#layer0"}
			}
		},
		{
			"name": "bow_pulling_1_61",
			"from": [10, 6, 7.5],
			"to": [11, 7, 8.5],
			"faces": {
				"north": {"uv": [10, 10, 11, 9], "rotation": 180, "texture": "#layer0"},
				"east": {"uv": [10, 9, 11, 10], "texture": "#layer0"},
				"south": {"uv": [10, 9, 11, 10], "texture": "#layer0"},
				"west": {"uv": [10, 9, 11, 10], "texture": "#layer0"},
				"up": {"uv": [11, 9, 10, 10], "rotation": 180, "texture": "#layer0"},
				"down": {"uv": [10, 9, 11, 10], "texture": "#layer0"}
			}
		},
		{
			"name": "bow_pulling_1_62",
			"from": [12, 6, 7.5],
			"to": [13, 7, 8.5],
			"faces": {
				"north": {"uv": [12, 10, 13, 9], "rotation": 180, "texture": "#layer0"},
				"east": {"uv": [12, 9, 13, 10], "texture": "#layer0"},
				"south": {"uv": [12, 9, 13, 10], "texture": "#layer0"},
				"west": {"uv": [12, 9, 13, 10], "texture": "#layer0"},
				"up": {"uv": [13, 9, 12, 10], "rotation": 180, "texture": "#layer0"},
				"down": {"uv": [12, 9, 13, 10], "texture": "#layer0"}
			}
		},
		{
			"name": "bow_pulling_1_63",
			"from": [2, 5, 7.5],
			"to": [3, 6, 8.5],
			"faces": {
				"north": {"uv": [2, 11, 3, 10], "rotation": 180, "texture": "#layer0"},
				"east": {"uv": [2, 10, 3, 11], "texture": "#layer0"},
				"south": {"uv": [2, 10, 3, 11], "texture": "#layer0"},
				"west": {"uv": [2, 10, 3, 11], "texture": "#layer0"},
				"up": {"uv": [3, 10, 2, 11], "rotation": 180, "texture": "#layer0"},
				"down": {"uv": [2, 10, 3, 11], "texture": "#layer0"}
			}
		},
		{
			"name": "bow_pulling_1_64",
			"from": [3, 5, 7.5],
			"to": [4, 6, 8.5],
			"faces": {
				"north": {"uv": [3, 11, 4, 10], "rotation": 180, "texture": "#layer0"},
				"east": {"uv": [3, 10, 4, 11], "texture": "#layer0"},
				"south": {"uv": [3, 10, 4, 11], "texture": "#layer0"},
				"west": {"uv": [3, 10, 4, 11], "texture": "#layer0"},
				"up": {"uv": [4, 10, 3, 11], "rotation": 180, "texture": "#layer0"},
				"down": {"uv": [3, 10, 4, 11], "texture": "#layer0"}
			}
		},
		{
			"name": "bow_pulling_1_65",
			"from": [4, 5, 7.5],
			"to": [5, 6, 8.5],
			"faces": {
				"north": {"uv": [4, 11, 5, 10], "rotation": 180, "texture": "#layer0"},
				"east": {"uv": [4, 10, 5, 11], "texture": "#layer0"},
				"south": {"uv": [4, 10, 5, 11], "texture": "#layer0"},
				"west": {"uv": [4, 10, 5, 11], "texture": "#layer0"},
				"up": {"uv": [5, 10, 4, 11], "rotation": 180, "texture": "#layer0"},
				"down": {"uv": [4, 10, 5, 11], "texture": "#layer0"}
			}
		},
		{
			"name": "bow_pulling_1_66",
			"from": [10, 5, 7.5],
			"to": [11, 6, 8.5],
			"faces": {
				"north": {"uv": [10, 11, 11, 10], "rotation": 180, "texture": "#layer0"},
				"east": {"uv": [10, 10, 11, 11], "texture": "#layer0"},
				"south": {"uv": [10, 10, 11, 11], "texture": "#layer0"},
				"west": {"uv": [10, 10, 11, 11], "texture": "#layer0"},
				"up": {"uv": [11, 10, 10, 11], "rotation": 180, "texture": "#layer0"},
				"down": {"uv": [10, 10, 11, 11], "texture": "#layer0"}
			}
		},
		{
			"name": "bow_pulling_1_67",
			"from": [11, 5, 7.5],
			"to": [12, 6, 8.5],
			"faces": {
				"north": {"uv": [11, 11, 12, 10], "rotation": 180, "texture": "#layer0"},
				"east": {"uv": [11, 10, 12, 11], "texture": "#layer0"},
				"south": {"uv": [11, 10, 12, 11], "texture": "#layer0"},
				"west": {"uv": [11, 10, 12, 11], "texture": "#layer0"},
				"up": {"uv": [12, 10, 11, 11], "rotation": 180, "texture": "#layer0"},
				"down": {"uv": [11, 10, 12, 11], "texture": "#layer0"}
			}
		},
		{
			"name": "bow_pulling_1_68",
			"from": [2, 4, 7.5],
			"to": [3, 5, 8.5],
			"faces": {
				"north": {"uv": [2, 12, 3, 11], "rotation": 180, "texture": "#layer0"},
				"east": {"uv": [2, 11, 3, 12], "texture": "#layer0"},
				"south": {"uv": [2, 11, 3, 12], "texture": "#layer0"},
				"west": {"uv": [2, 11, 3, 12], "texture": "#layer0"},
				"up": {"uv": [3, 11, 2, 12], "rotation": 180, "texture": "#layer0"},
				"down": {"uv": [2, 11, 3, 12], "texture": "#layer0"}
			}
		},
		{
			"name": "bow_pulling_1_69",
			"from": [3, 4, 7.5],
			"to": [4, 5, 8.5],
			"faces": {
				"north": {"uv": [3, 12, 4, 11], "rotation": 180, "texture": "#layer0"},
				"east": {"uv": [3, 11, 4, 12], "texture": "#layer0"},
				"south": {"uv": [3, 11, 4, 12], "texture": "#layer0"},
				"west": {"uv": [3, 11, 4, 12], "texture": "#layer0"},
				"up": {"uv": [4, 11, 3, 12], "rotation": 180, "texture": "#layer0"},
				"down": {"uv": [3, 11, 4, 12], "texture": "#layer0"}
			}
		},
		{
			"name": "bow_pulling_1_70",
			"from": [4, 4, 7.5],
			"to": [5, 5, 8.5],
			"faces": {
				"north": {"uv": [4, 12, 5, 11], "rotation": 180, "texture": "#layer0"},
				"east": {"uv": [4, 11, 5, 12], "texture": "#layer0"},
				"south": {"uv": [4, 11, 5, 12], "texture": "#layer0"},
				"west": {"uv": [4, 11, 5, 12], "texture": "#layer0"},
				"up": {"uv": [5, 11, 4, 12], "rotation": 180, "texture": "#layer0"},
				"down": {"uv": [4, 11, 5, 12], "texture": "#layer0"}
			}
		},
		{
			"name": "bow_pulling_1_71",
			"from": [10, 4, 7.5],
			"to": [11, 5, 8.5],
			"faces": {
				"north": {"uv": [10, 12, 11, 11], "rotation": 180, "texture": "#layer0"},
				"east": {"uv": [10, 11, 11, 12], "texture": "#layer0"},
				"south": {"uv": [10, 11, 11, 12], "texture": "#layer0"},
				"west": {"uv": [10, 11, 11, 12], "texture": "#layer0"},
				"up": {"uv": [11, 11, 10, 12], "rotation": 180, "texture": "#layer0"},
				"down": {"uv": [10, 11, 11, 12], "texture": "#layer0"}
			}
		},
		{
			"name": "bow_pulling_1_72",
			"from": [1, 3, 7.5],
			"to": [2, 4, 8.5],
			"faces": {
				"north": {"uv": [1, 13, 2, 12], "rotation": 180, "texture": "#layer0"},
				"east": {"uv": [1, 12, 2, 13], "texture": "#layer0"},
				"south": {"uv": [1, 12, 2, 13], "texture": "#layer0"},
				"west": {"uv": [1, 12, 2, 13], "texture": "#layer0"},
				"up": {"uv": [2, 12, 1, 13], "rotation": 180, "texture": "#layer0"},
				"down": {"uv": [1, 12, 2, 13], "texture": "#layer0"}
			}
		},
		{
			"name": "bow_pulling_1_73",
			"from": [2, 3, 7.5],
			"to": [3, 4, 8.5],
			"faces": {
				"north": {"uv": [2, 13, 3, 12], "rotation": 180, "texture": "#layer0"},
				"east": {"uv": [2, 12, 3, 13], "texture": "#layer0"},
				"south": {"uv": [2, 12, 3, 13], "texture": "#layer0"},
				"west": {"uv": [2, 12, 3, 13], "texture": "#layer0"},
				"up": {"uv": [3, 12, 2, 13], "rotation": 180, "texture": "#layer0"},
				"down": {"uv": [2, 12, 3, 13], "texture": "#layer0"}
			}
		},
		{
			"name": "bow_pulling_1_74",
			"from": [3, 3, 7.5],
			"to": [4, 4, 8.5],
			"faces": {
				"north": {"uv": [3, 13, 4, 12], "rotation": 180, "texture": "#layer0"},
				"east": {"uv": [3, 12, 4, 13], "texture": "#layer0"},
				"south": {"uv": [3, 12, 4, 13], "texture": "#layer0"},
				"west": {"uv": [3, 12, 4, 13], "texture": "#layer0"},
				"up": {"uv": [4, 12, 3, 13], "rotation": 180, "texture": "#layer0"},
				"down": {"uv": [3, 12, 4, 13], "texture": "#layer0"}
			}
		},
		{
			"name": "bow_pulling_1_75",
			"from": [8, 3, 7.5],
			"to": [9, 4, 8.5],
			"faces": {
				"north": {"uv": [8, 13, 9, 12], "rotation": 180, "texture": "#layer0"},
				"east": {"uv": [8, 12, 9, 13], "texture": "#layer0"},
				"south": {"uv": [8, 12, 9, 13], "texture": "#layer0"},
				"west": {"uv": [8, 12, 9, 13], "texture": "#layer0"},
				"up": {"uv": [9, 12, 8, 13], "rotation": 180, "texture": "#layer0"},
				"down": {"uv": [8, 12, 9, 13], "texture": "#layer0"}
			}
		},
		{
			"name": "bow_pulling_1_76",
			"from": [9, 3, 7.5],
			"to": [10, 4, 8.5],
			"faces": {
				"north": {"uv": [9, 13, 10, 12], "rotation": 180, "texture": "#layer0"},
				"east": {"uv": [9, 12, 10, 13], "texture": "#layer0"},
				"south": {"uv": [9, 12, 10, 13], "texture": "#layer0"},
				"west": {"uv": [9, 12, 10, 13], "texture": "#layer0"},
				"up": {"uv": [10, 12, 9, 13], "rotation": 180, "texture": "#layer0"},
				"down": {"uv": [9, 12, 10, 13], "texture": "#layer0"}
			}
		},
		{
			"name": "bow_pulling_1_77",
			"from": [1, 2, 7.5],
			"to": [2, 3, 8.5],
			"faces": {
				"north": {"uv": [1, 14, 2, 13], "rotation": 180, "texture": "#layer0"},
				"east": {"uv": [1, 13, 2, 14], "texture": "#layer0"},
				"south": {"uv": [1, 13, 2, 14], "texture": "#layer0"},
				"west": {"uv": [1, 13, 2, 14], "texture": "#layer0"},
				"up": {"uv": [2, 13, 1, 14], "rotation": 180, "texture": "#layer0"},
				"down": {"uv": [1, 13, 2, 14], "texture": "#layer0"}
			}
		},
		{
			"name": "bow_pulling_1_78",
			"from": [2, 2, 7.5],
			"to": [3, 3, 8.5],
			"faces": {
				"north": {"uv": [2, 14, 3, 13], "rotation": 180, "texture": "#layer0"},
				"east": {"uv": [2, 13, 3, 14], "texture": "#layer0"},
				"south": {"uv": [2, 13, 3, 14], "texture": "#layer0"},
				"west": {"uv": [2, 13, 3, 14], "texture": "#layer0"},
				"up": {"uv": [3, 13, 2, 14], "rotation": 180, "texture": "#layer0"},
				"down": {"uv": [2, 13, 3, 14], "texture": "#layer0"}
			}
		},
		{
			"name": "bow_pulling_1_79",
			"from": [3, 2, 7.5],
			"to": [4, 3, 8.5],
			"faces": {
				"north": {"uv": [3, 14, 4, 13], "rotation": 180, "texture": "#layer0"},
				"east": {"uv": [3, 13, 4, 14], "texture": "#layer0"},
				"south": {"uv": [3, 13, 4, 14], "texture": "#layer0"},
				"west": {"uv": [3, 13, 4, 14], "texture": "#layer0"},
				"up": {"uv": [4, 13, 3, 14], "rotation": 180, "texture": "#layer0"},
				"down": {"uv": [3, 13, 4, 14], "texture": "#layer0"}
			}
		},
		{
			"name": "bow_pulling_1_80",
			"from": [6, 2, 7.5],
			"to": [7, 3, 8.5],
			"faces": {
				"north": {"uv": [6, 14, 7, 13], "rotation": 180, "texture": "#layer0"},
				"east": {"uv": [6, 13, 7, 14], "texture": "#layer0"},
				"south": {"uv": [6, 13, 7, 14], "texture": "#layer0"},
				"west": {"uv": [6, 13, 7, 14], "texture": "#layer0"},
				"up": {"uv": [7, 13, 6, 14], "rotation": 180, "texture": "#layer0"},
				"down": {"uv": [6, 13, 7, 14], "texture": "#layer0"}
			}
		},
		{
			"name": "bow_pulling_1_81",
			"from": [7, 2, 7.5],
			"to": [8, 3, 8.5],
			"faces": {
				"north": {"uv": [7, 14, 8, 13], "rotation": 180, "texture": "#layer0"},
				"east": {"uv": [7, 13, 8, 14], "texture": "#layer0"},
				"south": {"uv": [7, 13, 8, 14], "texture": "#layer0"},
				"west": {"uv": [7, 13, 8, 14], "texture": "#layer0"},
				"up": {"uv": [8, 13, 7, 14], "rotation": 180, "texture": "#layer0"},
				"down": {"uv": [7, 13, 8, 14], "texture": "#layer0"}
			}
		},
		{
			"name": "bow_pulling_1_82",
			"from": [1, 1, 7.5],
			"to": [2, 2, 8.5],
			"faces": {
				"north": {"uv": [1, 15, 2, 14], "rotation": 180, "texture": "#layer0"},
				"east": {"uv": [1, 14, 2, 15], "texture": "#layer0"},
				"south": {"uv": [1, 14, 2, 15], "texture": "#layer0"},
				"west": {"uv": [1, 14, 2, 15], "texture": "#layer0"},
				"up": {"uv": [2, 14, 1, 15], "rotation": 180, "texture": "#layer0"},
				"down": {"uv": [1, 14, 2, 15], "texture": "#layer0"}
			}
		},
		{
			"name": "bow_pulling_1_83",
			"from": [2, 1, 7.5],
			"to": [3, 2, 8.5],
			"faces": {
				"north": {"uv": [2, 15, 3, 14], "rotation": 180, "texture": "#layer0"},
				"east": {"uv": [2, 14, 3, 15], "texture": "#layer0"},
				"south": {"uv": [2, 14, 3, 15], "texture": "#layer0"},
				"west": {"uv": [2, 14, 3, 15], "texture": "#layer0"},
				"up": {"uv": [3, 14, 2, 15], "rotation": 180, "texture": "#layer0"},
				"down": {"uv": [2, 14, 3, 15], "texture": "#layer0"}
			}
		},
		{
			"name": "bow_pulling_1_84",
			"from": [3, 1, 7.5],
			"to": [4, 2, 8.5],
			"faces": {
				"north": {"uv": [3, 15, 4, 14], "rotation": 180, "texture": "#layer0"},
				"east": {"uv": [3, 14, 4, 15], "texture": "#layer0"},
				"south": {"uv": [3, 14, 4, 15], "texture": "#layer0"},
				"west": {"uv": [3, 14, 4, 15], "texture": "#layer0"},
				"up": {"uv": [4, 14, 3, 15], "rotation": 180, "texture": "#layer0"},
				"down": {"uv": [3, 14, 4, 15], "texture": "#layer0"}
			}
		},
		{
			"name": "bow_pulling_1_85",
			"from": [4, 1, 7.5],
			"to": [5, 2, 8.5],
			"faces": {
				"north": {"uv": [4, 15, 5, 14], "rotation": 180, "texture": "#layer0"},
				"east": {"uv": [4, 14, 5, 15], "texture": "#layer0"},
				"south": {"uv": [4, 14, 5, 15], "texture": "#layer0"},
				"west": {"uv": [4, 14, 5, 15], "texture": "#layer0"},
				"up": {"uv": [5, 14, 4, 15], "rotation": 180, "texture": "#layer0"},
				"down": {"uv": [4, 14, 5, 15], "texture": "#layer0"}
			}
		},
		{
			"name": "bow_pulling_1_86",
			"from": [5, 1, 7.5],
			"to": [6, 2, 8.5],
			"faces": {
				"north": {"uv": [5, 15, 6, 14], "rotation": 180, "texture": "#layer0"},
				"east": {"uv": [5, 14, 6, 15], "texture": "#layer0"},
				"south": {"uv": [5, 14, 6, 15], "texture": "#layer0"},
				"west": {"uv": [5, 14, 6, 15], "texture": "#layer0"},
				"up": {"uv": [6, 14, 5, 15], "rotation": 180, "texture": "#layer0"},
				"down": {"uv": [5, 14, 6, 15], "texture": "#layer0"}
			}
		},
		{
			"name": "bow_pulling_1_87",
			"from": [2, 0, 7.5],
			"to": [3, 1, 8.5],
			"faces": {
				"north": {"uv": [2, 16, 3, 15], "rotation": 180, "texture": "#layer0"},
				"east": {"uv": [2, 15, 3, 16], "texture": "#layer0"},
				"south": {"uv": [2, 15, 3, 16], "texture": "#layer0"},
				"west": {"uv": [2, 15, 3, 16], "texture": "#layer0"},
				"up": {"uv": [3, 15, 2, 16], "rotation": 180, "texture": "#layer0"},
				"down": {"uv": [2, 15, 3, 16], "texture": "#layer0"}
			}
		}
	],
    "display": {
        "thirdperson_righthand": {
            "rotation": [ -80, 260, -40 ],
            "translation": [ -1, -2, 2.5 ],
            "scale": [ 0.9, 0.9, 0.9 ]
        },
        "thirdperson_lefthand": {
            "rotation": [ -80, -280, 40 ],
            "translation": [ -1, -2, 2.5 ],
            "scale": [ 0.9, 0.9, 0.9 ]
        },
        "firstperson_righthand": {
            "rotation": [ 0, -90, 25 ],
            "translation": [ 1.13, 3.2, 1.13],
            "scale": [ 0.68, 0.68, 0.68 ]
        },
        "firstperson_lefthand": {
            "rotation": [ 0, 90, -25 ],
            "translation": [ 1.13, 3.2, 1.13],
            "scale": [ 0.68, 0.68, 0.68 ]
        }
    },
	"groups": [
		{
			"name": "bow_pulling_1",
			"origin": [8, 8, 8],
			"children": [0, 1, 2, 3, 4, 5, 6, 7, 8, 9, 10, 11, 12, 13, 14, 15, 16, 17, 18, 19, 20, 21, 22, 23, 24, 25, 26, 27, 28, 29, 30, 31, 32, 33, 34, 35, 36, 37, 38, 39, 40, 41, 42, 43, 44, 45, 46, 47, 48, 49, 50, 51, 52, 53, 54, 55, 56, 57, 58, 59, 60, 61, 62, 63, 64, 65, 66, 67, 68, 69, 70, 71, 72, 73, 74, 75, 76, 77, 78, 79, 80, 81, 82, 83, 84, 85, 86, 87]
		}
	]
}