{
  "model": {
    "type": "minecraft:select",
    "cases": [
      {
        "model": {
    "type": "minecraft:condition",
        "property": "minecraft:has_component",
        "component": "minecraft:enchantments",
        "ignore_default": true,
    "on_true": {
      "type": "minecraft:composite",
      "models": [
        {
          "type": "minecraft:model",
          "model": "minecraft:item/maces/enchanted_mace"
        },
        {
          "type": "minecraft:model",
          "model": "minecraft:item/mace"
        }
      ]
    },
    "on_false": {
      "type": "minecraft:condition",
          "property": "minecraft:has_component",
          "component": "minecraft:enchantment_glint_override",
          "ignore_default": true,
      "on_true": {
        "type": "minecraft:composite",
        "models": [
          {
            "type": "minecraft:model",
            "model": "minecraft:item/maces/enchanted_mace"
          },
          {
            "type": "minecraft:model",
            "model": "minecraft:item/mace"
          }
        ]
      },
      "on_false": {
        "type": "minecraft:model",
        "model": "minecraft:item/mace"
      }
    }
  },
        "when": [
          "gui",
          "ground",
          "fixed"
        ]
      }
    ],
    "fallback": {
    "type": "minecraft:condition",
        "property": "minecraft:has_component",
        "component": "minecraft:enchantments",
        "ignore_default": true,
    "on_true": {
      "type": "minecraft:composite",
      "models": [
        {
          "type": "minecraft:model",
          "model": "minecraft:item/maces/enchanted_mace_but3d"
        },
        {
          "type": "minecraft:model",
          "model": "minecraft:item/mace_in_hand"
        }
      ]
    },
    "on_false": {
      "type": "minecraft:condition",
          "property": "minecraft:has_component",
          "component": "minecraft:enchantment_glint_override",
          "ignore_default": true,
      "on_true": {
        "type": "minecraft:composite",
        "models": [
          {
            "type": "minecraft:model",
            "model": "minecraft:item/maces/enchanted_mace_but3d"
          },
          {
            "type": "minecraft:model",
            "model": "minecraft:item/mace_in_hand"
          }
        ]
      },
      "on_false": {
        "type": "minecraft:model",
        "model": "minecraft:item/mace_in_hand"
      }
    }
  },
    "property": "minecraft:display_context"
  }
}