{
	"parent": "minecraft:item/handheld_rod",
	"credit": "Made with Blockbench",
	"textures": {
		"3": "item/enchanted_tool_overlays/enchantment_outline",
		"particle": "item/enchanted_tool_overlays/enchantment_outline"
	},
	"elements": [
		{
			"from": [1.9, 0.9, 8.6],
			"to": [2.9, 3.1, 7.4],
			"light_emission": 15,
			"rotation": {"angle": 0, "axis": "y", "origin": [2, 1.025, 1.1]},
			"faces": {
				"north": {"uv": [2, 14, 3, 15], "texture": "#3"},
				"east": {"uv": [0, 0, 1, 1], "texture": "#3"},
				"south": {"uv": [2, 14, 3, 15], "texture": "#3"},
				"west": {"uv": [2, 14, 3, 15], "texture": "#3"},
				"up": {"uv": [2, 14, 3, 15], "texture": "#3"},
				"down": {"uv": [2, 14, 3, 15], "texture": "#3"}
			}
		},
		{
			"from": [2.9, 0.9, 8.6],
			"to": [4.1, 1.9, 7.4],
			"light_emission": 15,
			"rotation": {"angle": 0, "axis": "y", "origin": [3, 1.025, 1.1]},
			"faces": {
				"north": {"uv": [3, 14, 4, 15], "texture": "#3"},
				"east": {"uv": [3, 14, 4, 15], "texture": "#3"},
				"south": {"uv": [3, 14, 4, 15], "texture": "#3"},
				"west": {"uv": [0, 0, 1, 1], "texture": "#3"},
				"up": {"uv": [0, 0, 1, 1], "texture": "#3"},
				"down": {"uv": [3, 14, 4, 15], "texture": "#3"}
			}
		},
		{
			"from": [4.1, 1.9, 8.6],
			"to": [5.1, 2.9, 7.4],
			"light_emission": 15,
			"rotation": {"angle": 0, "axis": "y", "origin": [4, 2.025, 1.1]},
			"faces": {
				"north": {"uv": [4, 13, 5, 14], "texture": "#3"},
				"east": {"uv": [4, 13, 5, 14], "texture": "#3"},
				"south": {"uv": [4, 13, 5, 14], "texture": "#3"},
				"west": {"uv": [0, 0, 1, 1], "texture": "#3"},
				"up": {"uv": [0, 0, 1, 1], "texture": "#3"},
				"down": {"uv": [4, 13, 5, 14], "texture": "#3"}
			}
		},
		{
			"from": [5.9, 1.9, 8.6],
			"to": [8.1, 2.9, 7.4],
			"light_emission": 15,
			"rotation": {"angle": 0, "axis": "y", "origin": [6, 2.025, 1.1]},
			"faces": {
				"north": {"uv": [6, 13, 7, 14], "texture": "#3"},
				"east": {"uv": [6, 13, 7, 14], "texture": "#3"},
				"south": {"uv": [6, 13, 7, 14], "texture": "#3"},
				"west": {"uv": [6, 13, 7, 14], "texture": "#3"},
				"up": {"uv": [0, 0, 1, 1], "texture": "#3"},
				"down": {"uv": [6, 13, 7, 14], "texture": "#3"}
			}
		},
		{
			"from": [2.9, 3.1, 8.6],
			"to": [3.9, 4.1, 7.4],
			"light_emission": 15,
			"rotation": {"angle": 0, "axis": "y", "origin": [3, 3.025, 1.1]},
			"faces": {
				"north": {"uv": [3, 12, 4, 13], "texture": "#3"},
				"east": {"uv": [0, 0, 1, 1], "texture": "#3"},
				"south": {"uv": [3, 12, 4, 13], "texture": "#3"},
				"west": {"uv": [3, 12, 4, 13], "texture": "#3"},
				"up": {"uv": [3, 12, 4, 13], "texture": "#3"},
				"down": {"uv": [0, 0, 1, 1], "texture": "#3"}
			}
		},
		{
			"from": [5.1, 2.9, 8.6],
			"to": [5.9, 4, 7.4],
			"light_emission": 15,
			"rotation": {"angle": 0, "axis": "y", "origin": [5, 3.025, 1.1]},
			"faces": {
				"north": {"uv": [5, 12, 6, 13], "texture": "#3"},
				"east": {"uv": [0, 0, 1, 1], "texture": "#3"},
				"south": {"uv": [5, 12, 6, 13], "texture": "#3"},
				"west": {"uv": [0, 0, 1, 1], "texture": "#3"},
				"up": {"uv": [0, 0, 1, 1], "texture": "#3"},
				"down": {"uv": [5, 12, 6, 13], "texture": "#3"}
			}
		},
		{
			"from": [8.1, 2.9, 8.6],
			"to": [9.1, 5.1, 7.4],
			"light_emission": 15,
			"rotation": {"angle": 0, "axis": "y", "origin": [8, 3.025, 1.1]},
			"faces": {
				"north": {"uv": [8, 12, 9, 13], "texture": "#3"},
				"east": {"uv": [8, 12, 9, 13], "texture": "#3"},
				"south": {"uv": [8, 12, 9, 13], "texture": "#3"},
				"west": {"uv": [0, 0, 1, 1], "texture": "#3"},
				"up": {"uv": [8, 12, 9, 13], "texture": "#3"},
				"down": {"uv": [8, 12, 9, 13], "texture": "#3"}
			}
		},
		{
			"from": [3.9, 4.1, 8.6],
			"to": [4.9, 5.1, 7.4],
			"light_emission": 15,
			"rotation": {"angle": 0, "axis": "y", "origin": [4, 4.025, 1.1]},
			"faces": {
				"north": {"uv": [4, 11, 5, 12], "texture": "#3"},
				"east": {"uv": [0, 0, 1, 1], "texture": "#3"},
				"south": {"uv": [4, 11, 5, 12], "texture": "#3"},
				"west": {"uv": [4, 11, 5, 12], "texture": "#3"},
				"up": {"uv": [4, 11, 5, 12], "texture": "#3"},
				"down": {"uv": [0, 0, 1, 1], "texture": "#3"}
			}
		},
		{
			"from": [7.1, 5.1, 8.6],
			"to": [8.1, 5.9, 7.4],
			"light_emission": 15,
			"rotation": {"angle": 0, "axis": "y", "origin": [7, 5.025, 1.1]},
			"faces": {
				"north": {"uv": [7, 10, 8, 11], "texture": "#3"},
				"east": {"uv": [7, 10, 8, 11], "texture": "#3"},
				"south": {"uv": [7, 10, 8, 11], "texture": "#3"},
				"west": {"uv": [0, 0, 1, 1], "texture": "#3"},
				"up": {"uv": [0, 0, 1, 1], "texture": "#3"},
				"down": {"uv": [0, 0, 1, 1], "texture": "#3"}
			}
		},
		{
			"from": [4.9, 5.1, 8.6],
			"to": [5.9, 7.1, 7.4],
			"light_emission": 15,
			"rotation": {"angle": 0, "axis": "y", "origin": [5, 6.025, 1.1]},
			"faces": {
				"north": {"uv": [5, 9, 6, 10], "texture": "#3"},
				"east": {"uv": [0, 0, 1, 1], "texture": "#3"},
				"south": {"uv": [5, 9, 6, 10], "texture": "#3"},
				"west": {"uv": [5, 9, 6, 10], "texture": "#3"},
				"up": {"uv": [5, 9, 6, 10], "texture": "#3"},
				"down": {"uv": [0, 0, 1, 1], "texture": "#3"}
			}
		},
		{
			"from": [8.1, 5.9, 8.6],
			"to": [9.1, 6.9, 7.4],
			"light_emission": 15,
			"rotation": {"angle": 0, "axis": "y", "origin": [8, 5.925, 1.1]},
			"faces": {
				"north": {"uv": [8, 9, 9, 10], "texture": "#3"},
				"east": {"uv": [8, 9, 9, 10], "texture": "#3"},
				"south": {"uv": [8, 9, 9, 10], "texture": "#3"},
				"west": {"uv": [0, 0, 1, 1], "texture": "#3"},
				"up": {"uv": [0, 0, 1, 1], "texture": "#3"},
				"down": {"uv": [8, 9, 9, 10], "texture": "#3"}
			}
		},
		{
			"from": [5.9, 7.1, 8.6],
			"to": [6.9, 8.1, 7.4],
			"light_emission": 15,
			"rotation": {"angle": 0, "axis": "y", "origin": [6, 7.025, 1.1]},
			"faces": {
				"north": {"uv": [6, 8, 7, 9], "texture": "#3"},
				"east": {"uv": [0, 0, 1, 1], "texture": "#3"},
				"south": {"uv": [6, 8, 7, 9], "texture": "#3"},
				"west": {"uv": [6, 8, 7, 9], "texture": "#3"},
				"up": {"uv": [6, 8, 7, 9], "texture": "#3"},
				"down": {"uv": [0, 0, 1, 1], "texture": "#3"}
			}
		},
		{
			"from": [9.1, 6.9, 8.6],
			"to": [10.1, 7.9, 7.4],
			"light_emission": 15,
			"rotation": {"angle": 0, "axis": "y", "origin": [9, 6.925, 1.1]},
			"faces": {
				"north": {"uv": [9, 8, 10, 9], "texture": "#3"},
				"east": {"uv": [9, 8, 10, 9], "texture": "#3"},
				"south": {"uv": [9, 8, 10, 9], "texture": "#3"},
				"west": {"uv": [0, 0, 1, 1], "texture": "#3"},
				"up": {"uv": [0, 0, 1, 1], "texture": "#3"},
				"down": {"uv": [9, 8, 10, 9], "texture": "#3"}
			}
		},
		{
			"from": [6.9, 8.1, 8.6],
			"to": [7.9, 9.1, 7.4],
			"light_emission": 15,
			"rotation": {"angle": 0, "axis": "y", "origin": [7, 8.025, 1.1]},
			"faces": {
				"north": {"uv": [7, 7, 8, 8], "texture": "#3"},
				"east": {"uv": [0, 0, 1, 1], "texture": "#3"},
				"south": {"uv": [7, 7, 8, 8], "texture": "#3"},
				"west": {"uv": [7, 7, 8, 8], "texture": "#3"},
				"up": {"uv": [7, 7, 8, 8], "texture": "#3"},
				"down": {"uv": [0, 0, 1, 1], "texture": "#3"}
			}
		},
		{
			"from": [10.1, 7.9, 8.6],
			"to": [11.1, 8.9, 7.4],
			"light_emission": 15,
			"rotation": {"angle": 0, "axis": "y", "origin": [10, 7.925, 1.1]},
			"faces": {
				"north": {"uv": [10, 7, 11, 8], "texture": "#3"},
				"east": {"uv": [10, 7, 11, 8], "texture": "#3"},
				"south": {"uv": [10, 7, 11, 8], "texture": "#3"},
				"west": {"uv": [0, 0, 1, 1], "texture": "#3"},
				"up": {"uv": [0, 0, 1, 1], "texture": "#3"},
				"down": {"uv": [10, 7, 11, 8], "texture": "#3"}
			}
		},
		{
			"from": [7.9, 9.1, 8.6],
			"to": [8.9, 10.1, 7.4],
			"light_emission": 15,
			"rotation": {"angle": 0, "axis": "y", "origin": [8, 9.025, 1.1]},
			"faces": {
				"north": {"uv": [8, 6, 9, 7], "texture": "#3"},
				"east": {"uv": [0, 0, 1, 1], "texture": "#3"},
				"south": {"uv": [8, 6, 9, 7], "texture": "#3"},
				"west": {"uv": [8, 6, 9, 7], "texture": "#3"},
				"up": {"uv": [8, 6, 9, 7], "texture": "#3"},
				"down": {"uv": [0, 0, 1, 1], "texture": "#3"}
			}
		},
		{
			"from": [11.1, 8.9, 8.6],
			"to": [12.1, 9.9, 7.4],
			"light_emission": 15,
			"rotation": {"angle": 0, "axis": "y", "origin": [11, 8.925, 1.1]},
			"faces": {
				"north": {"uv": [11, 6, 12, 7], "texture": "#3"},
				"east": {"uv": [11, 6, 12, 7], "texture": "#3"},
				"south": {"uv": [11, 6, 12, 7], "texture": "#3"},
				"west": {"uv": [0, 0, 1, 1], "texture": "#3"},
				"up": {"uv": [0, 0, 1, 1], "texture": "#3"},
				"down": {"uv": [11, 6, 12, 7], "texture": "#3"}
			}
		},
		{
			"from": [8.9, 10.1, 8.6],
			"to": [9.9, 11.1, 7.4],
			"light_emission": 15,
			"rotation": {"angle": 0, "axis": "y", "origin": [9, 10.025, 1.1]},
			"faces": {
				"north": {"uv": [9, 5, 10, 6], "texture": "#3"},
				"east": {"uv": [0, 0, 1, 1], "texture": "#3"},
				"south": {"uv": [9, 5, 10, 6], "texture": "#3"},
				"west": {"uv": [9, 5, 10, 6], "texture": "#3"},
				"up": {"uv": [9, 5, 10, 6], "texture": "#3"},
				"down": {"uv": [0, 0, 1, 1], "texture": "#3"}
			}
		},
		{
			"from": [12.1, 9.9, 8.6],
			"to": [13.1, 10.9, 7.4],
			"light_emission": 15,
			"rotation": {"angle": 0, "axis": "y", "origin": [12, 9.925, 1.1]},
			"faces": {
				"north": {"uv": [12, 5, 13, 6], "texture": "#3"},
				"east": {"uv": [12, 5, 13, 6], "texture": "#3"},
				"south": {"uv": [12, 5, 13, 6], "texture": "#3"},
				"west": {"uv": [0, 0, 1, 1], "texture": "#3"},
				"up": {"uv": [0, 0, 1, 1], "texture": "#3"},
				"down": {"uv": [12, 5, 13, 6], "texture": "#3"}
			}
		},
		{
			"from": [9.9, 11.1, 8.6],
			"to": [10.9, 12.1, 7.4],
			"light_emission": 15,
			"rotation": {"angle": 0, "axis": "y", "origin": [10, 11.025, 1.1]},
			"faces": {
				"north": {"uv": [10, 4, 11, 5], "texture": "#3"},
				"east": {"uv": [0, 0, 1, 1], "texture": "#3"},
				"south": {"uv": [10, 4, 11, 5], "texture": "#3"},
				"west": {"uv": [10, 4, 11, 5], "texture": "#3"},
				"up": {"uv": [10, 4, 11, 5], "texture": "#3"},
				"down": {"uv": [0, 0, 1, 1], "texture": "#3"}
			}
		},
		{
			"from": [13.1, 10.9, 8.6],
			"to": [14.1, 11.9, 7.4],
			"light_emission": 15,
			"rotation": {"angle": 0, "axis": "y", "origin": [13, 10.925, 1.1]},
			"faces": {
				"north": {"uv": [13, 4, 14, 5], "texture": "#3"},
				"east": {"uv": [13, 4, 14, 5], "texture": "#3"},
				"south": {"uv": [13, 4, 14, 5], "texture": "#3"},
				"west": {"uv": [0, 0, 1, 1], "texture": "#3"},
				"up": {"uv": [0, 0, 1, 1], "texture": "#3"},
				"down": {"uv": [13, 4, 14, 5], "texture": "#3"}
			}
		},
		{
			"from": [10.9, 12.1, 8.6],
			"to": [11.9, 13.1, 7.4],
			"light_emission": 15,
			"rotation": {"angle": 0, "axis": "y", "origin": [11, 12.025, 1.1]},
			"faces": {
				"north": {"uv": [11, 3, 12, 4], "texture": "#3"},
				"east": {"uv": [0, 0, 1, 1], "texture": "#3"},
				"south": {"uv": [11, 3, 12, 4], "texture": "#3"},
				"west": {"uv": [11, 3, 12, 4], "texture": "#3"},
				"up": {"uv": [11, 3, 12, 4], "texture": "#3"},
				"down": {"uv": [0, 0, 1, 1], "texture": "#3"}
			}
		},
		{
			"from": [14.1, 11.9, 8.6],
			"to": [15.1, 14.1, 7.4],
			"light_emission": 15,
			"rotation": {"angle": 0, "axis": "y", "origin": [14, 12.025, 1.1]},
			"faces": {
				"north": {"uv": [14, 3, 15, 4], "texture": "#3"},
				"east": {"uv": [14, 3, 15, 4], "texture": "#3"},
				"south": {"uv": [14, 3, 15, 4], "texture": "#3"},
				"west": {"uv": [0, 0, 1, 1], "texture": "#3"},
				"up": {"uv": [0, 0, 1, 1], "texture": "#3"},
				"down": {"uv": [14, 3, 15, 4], "texture": "#3"}
			}
		},
		{
			"from": [11.9, 13.1, 8.6],
			"to": [12.9, 14.1, 7.4],
			"light_emission": 15,
			"rotation": {"angle": 0, "axis": "y", "origin": [12, 13.025, 1.1]},
			"faces": {
				"north": {"uv": [12, 2, 13, 3], "texture": "#3"},
				"east": {"uv": [0, 0, 1, 1], "texture": "#3"},
				"south": {"uv": [12, 2, 13, 3], "texture": "#3"},
				"west": {"uv": [12, 2, 13, 3], "texture": "#3"},
				"up": {"uv": [12, 2, 13, 3], "texture": "#3"},
				"down": {"uv": [0, 0, 1, 1], "texture": "#3"}
			}
		},
		{
			"from": [13.1, 11.9, 8.6],
			"to": [14.1, 14.1, 7.4],
			"light_emission": 15,
			"rotation": {"angle": 0, "axis": "y", "origin": [13, 13.025, 1.1]},
			"faces": {
				"north": {"uv": [12, 2, 13, 3], "texture": "#3"},
				"east": {"uv": [0, 0, 1, 1], "texture": "#3"},
				"south": {"uv": [12, 2, 13, 3], "texture": "#3"},
				"west": {"uv": [0, 0, 1, 1], "texture": "#3"},
				"up": {"uv": [0, 0, 1, 1], "texture": "#3"},
				"down": {"uv": [0, 0, 1, 1], "texture": "#3"}
			}
		},
		{
			"from": [12.1, 10.9, 8.6],
			"to": [13.1, 13.1, 7.4],
			"light_emission": 15,
			"rotation": {"angle": 0, "axis": "y", "origin": [12, 12.025, 1.1]},
			"faces": {
				"north": {"uv": [12, 2, 13, 3], "texture": "#3"},
				"east": {"uv": [0, 0, 1, 1], "texture": "#3"},
				"south": {"uv": [12, 2, 13, 3], "texture": "#3"},
				"west": {"uv": [0, 0, 1, 1], "texture": "#3"},
				"up": {"uv": [0, 0, 1, 1], "texture": "#3"},
				"down": {"uv": [0, 0, 1, 1], "texture": "#3"}
			}
		},
		{
			"from": [10.1, 8.9, 8.6],
			"to": [11.1, 11.1, 7.4],
			"light_emission": 15,
			"rotation": {"angle": 0, "axis": "y", "origin": [10, 10.025, 1.1]},
			"faces": {
				"north": {"uv": [12, 2, 13, 3], "texture": "#3"},
				"east": {"uv": [0, 0, 1, 1], "texture": "#3"},
				"south": {"uv": [12, 2, 13, 3], "texture": "#3"},
				"west": {"uv": [0, 0, 1, 1], "texture": "#3"},
				"up": {"uv": [0, 0, 1, 1], "texture": "#3"},
				"down": {"uv": [0, 0, 1, 1], "texture": "#3"}
			}
		},
		{
			"from": [11.1, 9.9, 8.6],
			"to": [12.1, 12.1, 7.4],
			"light_emission": 15,
			"rotation": {"angle": 0, "axis": "y", "origin": [11, 11.025, 1.1]},
			"faces": {
				"north": {"uv": [12, 2, 13, 3], "texture": "#3"},
				"east": {"uv": [0, 0, 1, 1], "texture": "#3"},
				"south": {"uv": [12, 2, 13, 3], "texture": "#3"},
				"west": {"uv": [0, 0, 1, 1], "texture": "#3"},
				"up": {"uv": [0, 0, 1, 1], "texture": "#3"},
				"down": {"uv": [0, 0, 1, 1], "texture": "#3"}
			}
		},
		{
			"from": [5.9, 2.9, 8.6],
			"to": [7.1, 7.1, 7.4],
			"light_emission": 15,
			"rotation": {"angle": 0, "axis": "y", "origin": [6, 6.025, 1.1]},
			"faces": {
				"north": {"uv": [12, 2, 13, 3], "texture": "#3"},
				"east": {"uv": [0, 0, 1, 1], "texture": "#3"},
				"south": {"uv": [12, 2, 13, 3], "texture": "#3"},
				"west": {"uv": [0, 0, 1, 1], "texture": "#3"},
				"up": {"uv": [0, 0, 1, 1], "texture": "#3"},
				"down": {"uv": [0, 0, 1, 1], "texture": "#3"}
			}
		},
		{
			"from": [7.1, 5.9, 8.6],
			"to": [8.1, 8.1, 7.4],
			"light_emission": 15,
			"rotation": {"angle": 0, "axis": "y", "origin": [7, 7.025, 1.1]},
			"faces": {
				"north": {"uv": [12, 2, 13, 3], "texture": "#3"},
				"east": {"uv": [0, 0, 1, 1], "texture": "#3"},
				"south": {"uv": [12, 2, 13, 3], "texture": "#3"},
				"west": {"uv": [0, 0, 1, 1], "texture": "#3"},
				"up": {"uv": [0, 0, 1, 1], "texture": "#3"},
				"down": {"uv": [0, 0, 1, 1], "texture": "#3"}
			}
		},
		{
			"from": [7.1, 2.9, 8.6],
			"to": [8.1, 5.1, 7.4],
			"light_emission": 15,
			"rotation": {"angle": 0, "axis": "y", "origin": [7, 4.025, 1.1]},
			"faces": {
				"north": {"uv": [12, 2, 13, 3], "texture": "#3"},
				"east": {"uv": [0, 0, 1, 1], "texture": "#3"},
				"south": {"uv": [12, 2, 13, 3], "texture": "#3"},
				"west": {"uv": [0, 0, 1, 1], "texture": "#3"},
				"up": {"uv": [0, 0, 1, 1], "texture": "#3"},
				"down": {"uv": [0, 0, 1, 1], "texture": "#3"}
			}
		},
		{
			"from": [5.1, 4, 8.6],
			"to": [5.9, 5.1, 7.4],
			"light_emission": 15,
			"rotation": {"angle": 0, "axis": "y", "origin": [4.8, 4.025, 1.1]},
			"faces": {
				"north": {"uv": [12, 2, 13, 3], "texture": "#3"},
				"east": {"uv": [0, 0, 1, 1], "texture": "#3"},
				"south": {"uv": [12, 2, 13, 3], "texture": "#3"},
				"west": {"uv": [0, 0, 1, 1], "texture": "#3"},
				"up": {"uv": [0, 0, 1, 1], "texture": "#3"},
				"down": {"uv": [0, 0, 1, 1], "texture": "#3"}
			}
		},
		{
			"from": [4.1, 2.9, 8.6],
			"to": [5.1, 4.1, 7.4],
			"light_emission": 15,
			"rotation": {"angle": 0, "axis": "y", "origin": [4, 3.025, 1.1]},
			"faces": {
				"north": {"uv": [12, 2, 13, 3], "texture": "#3"},
				"east": {"uv": [0, 0, 1, 1], "texture": "#3"},
				"south": {"uv": [12, 2, 13, 3], "texture": "#3"},
				"west": {"uv": [0, 0, 1, 1], "texture": "#3"},
				"up": {"uv": [0, 0, 1, 1], "texture": "#3"},
				"down": {"uv": [0, 0, 1, 1], "texture": "#3"}
			}
		},
		{
			"from": [3.9, 3.1, 8.6],
			"to": [4.1, 4.1, 7.4],
			"light_emission": 15,
			"rotation": {"angle": 0, "axis": "y", "origin": [3.8, 3.025, 1.1]},
			"faces": {
				"north": {"uv": [12, 2, 13, 3], "texture": "#3"},
				"east": {"uv": [0, 0, 1, 1], "texture": "#3"},
				"south": {"uv": [12, 2, 13, 3], "texture": "#3"},
				"west": {"uv": [0, 0, 1, 1], "texture": "#3"},
				"up": {"uv": [0, 0, 1, 1], "texture": "#3"},
				"down": {"uv": [0, 0, 1, 1], "texture": "#3"}
			}
		},
		{
			"from": [4.9, 4.1, 8.6],
			"to": [5.1, 5.1, 7.4],
			"light_emission": 15,
			"rotation": {"angle": 0, "axis": "y", "origin": [4.8, 4.025, 1.1]},
			"faces": {
				"north": {"uv": [12, 2, 13, 3], "texture": "#3"},
				"east": {"uv": [0, 0, 1, 1], "texture": "#3"},
				"south": {"uv": [12, 2, 13, 3], "texture": "#3"},
				"west": {"uv": [0, 0, 1, 1], "texture": "#3"},
				"up": {"uv": [0, 0, 1, 1], "texture": "#3"},
				"down": {"uv": [0, 0, 1, 1], "texture": "#3"}
			}
		},
		{
			"from": [7.9, 8.1, 8.6],
			"to": [8.1, 9.1, 7.4],
			"light_emission": 15,
			"rotation": {"angle": 0, "axis": "y", "origin": [7.8, 8.025, 1.1]},
			"faces": {
				"north": {"uv": [12, 2, 13, 3], "texture": "#3"},
				"east": {"uv": [0, 0, 1, 1], "texture": "#3"},
				"south": {"uv": [12, 2, 13, 3], "texture": "#3"},
				"west": {"uv": [0, 0, 1, 1], "texture": "#3"},
				"up": {"uv": [0, 0, 1, 1], "texture": "#3"},
				"down": {"uv": [0, 0, 1, 1], "texture": "#3"}
			}
		},
		{
			"from": [6.9, 7.1, 8.6],
			"to": [7.1, 8.1, 7.4],
			"light_emission": 15,
			"rotation": {"angle": 0, "axis": "y", "origin": [6.8, 7.025, 1.1]},
			"faces": {
				"north": {"uv": [12, 2, 13, 3], "texture": "#3"},
				"east": {"uv": [0, 0, 1, 1], "texture": "#3"},
				"south": {"uv": [12, 2, 13, 3], "texture": "#3"},
				"west": {"uv": [0, 0, 1, 1], "texture": "#3"},
				"up": {"uv": [0, 0, 1, 1], "texture": "#3"},
				"down": {"uv": [0, 0, 1, 1], "texture": "#3"}
			}
		},
		{
			"from": [9.9, 10.1, 8.6],
			"to": [10.1, 11.1, 7.4],
			"light_emission": 15,
			"rotation": {"angle": 0, "axis": "y", "origin": [9.8, 10.025, 1.1]},
			"faces": {
				"north": {"uv": [12, 2, 13, 3], "texture": "#3"},
				"east": {"uv": [0, 0, 1, 1], "texture": "#3"},
				"south": {"uv": [12, 2, 13, 3], "texture": "#3"},
				"west": {"uv": [0, 0, 1, 1], "texture": "#3"},
				"up": {"uv": [0, 0, 1, 1], "texture": "#3"},
				"down": {"uv": [0, 0, 1, 1], "texture": "#3"}
			}
		},
		{
			"from": [8.9, 9.1, 8.6],
			"to": [9.1, 10.1, 7.4],
			"light_emission": 15,
			"rotation": {"angle": 0, "axis": "y", "origin": [8.8, 9.025, 1.1]},
			"faces": {
				"north": {"uv": [12, 2, 13, 3], "texture": "#3"},
				"east": {"uv": [0, 0, 1, 1], "texture": "#3"},
				"south": {"uv": [12, 2, 13, 3], "texture": "#3"},
				"west": {"uv": [0, 0, 1, 1], "texture": "#3"},
				"up": {"uv": [0, 0, 1, 1], "texture": "#3"},
				"down": {"uv": [0, 0, 1, 1], "texture": "#3"}
			}
		},
		{
			"from": [11.9, 12.1, 8.6],
			"to": [12.1, 13.1, 7.4],
			"light_emission": 15,
			"rotation": {"angle": 0, "axis": "y", "origin": [11.8, 12.025, 1.1]},
			"faces": {
				"north": {"uv": [12, 2, 13, 3], "texture": "#3"},
				"east": {"uv": [0, 0, 1, 1], "texture": "#3"},
				"south": {"uv": [12, 2, 13, 3], "texture": "#3"},
				"west": {"uv": [0, 0, 1, 1], "texture": "#3"},
				"up": {"uv": [0, 0, 1, 1], "texture": "#3"},
				"down": {"uv": [0, 0, 1, 1], "texture": "#3"}
			}
		},
		{
			"from": [12.9, 13.1, 8.6],
			"to": [13.1, 14.1, 7.4],
			"light_emission": 15,
			"rotation": {"angle": 0, "axis": "y", "origin": [12.8, 13.025, 1.1]},
			"faces": {
				"north": {"uv": [12, 2, 13, 3], "texture": "#3"},
				"east": {"uv": [0, 0, 1, 1], "texture": "#3"},
				"south": {"uv": [12, 2, 13, 3], "texture": "#3"},
				"west": {"uv": [0, 0, 1, 1], "texture": "#3"},
				"up": {"uv": [0, 0, 1, 1], "texture": "#3"},
				"down": {"uv": [0, 0, 1, 1], "texture": "#3"}
			}
		},
		{
			"from": [10.9, 11.1, 8.6],
			"to": [11.1, 12.1, 7.4],
			"light_emission": 15,
			"rotation": {"angle": 0, "axis": "y", "origin": [10.8, 11.025, 1.1]},
			"faces": {
				"north": {"uv": [12, 2, 13, 3], "texture": "#3"},
				"east": {"uv": [0, 0, 1, 1], "texture": "#3"},
				"south": {"uv": [12, 2, 13, 3], "texture": "#3"},
				"west": {"uv": [0, 0, 1, 1], "texture": "#3"},
				"up": {"uv": [0, 0, 1, 1], "texture": "#3"},
				"down": {"uv": [0, 0, 1, 1], "texture": "#3"}
			}
		},
		{
			"from": [2.9, 1.9, 8.6],
			"to": [4.1, 3.1, 7.4],
			"light_emission": 15,
			"rotation": {"angle": 0, "axis": "y", "origin": [3, 2.025, 1.1]},
			"faces": {
				"north": {"uv": [12, 2, 13, 3], "texture": "#3"},
				"east": {"uv": [0, 0, 1, 1], "texture": "#3"},
				"south": {"uv": [12, 2, 13, 3], "texture": "#3"},
				"west": {"uv": [0, 0, 1, 1], "texture": "#3"},
				"up": {"uv": [0, 0, 1, 1], "texture": "#3"},
				"down": {"uv": [0, 0, 1, 1], "texture": "#3"}
			}
		},
		{
			"from": [8.1, 6.9, 8.6],
			"to": [9.1, 9.1, 7.4],
			"light_emission": 15,
			"rotation": {"angle": 0, "axis": "y", "origin": [8, 8.025, 1.1]},
			"faces": {
				"north": {"uv": [12, 2, 13, 3], "texture": "#3"},
				"east": {"uv": [0, 0, 1, 1], "texture": "#3"},
				"south": {"uv": [12, 2, 13, 3], "texture": "#3"},
				"west": {"uv": [0, 0, 1, 1], "texture": "#3"},
				"up": {"uv": [0, 0, 1, 1], "texture": "#3"},
				"down": {"uv": [0, 0, 1, 1], "texture": "#3"}
			}
		},
		{
			"from": [9.1, 7.9, 8.6],
			"to": [10.1, 10.1, 7.4],
			"light_emission": 15,
			"rotation": {"angle": 0, "axis": "y", "origin": [9, 9.025, 1.1]},
			"faces": {
				"north": {"uv": [12, 2, 13, 3], "texture": "#3"},
				"east": {"uv": [0, 0, 1, 1], "texture": "#3"},
				"south": {"uv": [12, 2, 13, 3], "texture": "#3"},
				"west": {"uv": [0, 0, 1, 1], "texture": "#3"},
				"up": {"uv": [0, 0, 1, 1], "texture": "#3"},
				"down": {"uv": [0, 0, 1, 1], "texture": "#3"}
			}
		},
		{
			"from": [12.9, 14.1, 8.6],
			"to": [15.1, 15.1, 7.4],
			"light_emission": 15,
			"rotation": {"angle": 0, "axis": "y", "origin": [14, 14.025, 1.1]},
			"faces": {
				"north": {"uv": [14, 1, 15, 2], "texture": "#3"},
				"east": {"uv": [14, 1, 15, 2], "texture": "#3"},
				"south": {"uv": [14, 1, 15, 2], "texture": "#3"},
				"west": {"uv": [14, 1, 15, 2], "texture": "#3"},
				"up": {"uv": [14, 1, 15, 2], "texture": "#3"},
				"down": {"uv": [0, 0, 1, 1], "texture": "#3"}
			}
		}
	],
	"gui_light": "front",
	"display": {
		"gui": {
			"scale": [1, 1, 1]
		}
	},
	"groups": [
		{
			"name": "emissive_1",
			"origin": [12, 15, 0],
			"color": 0,
			"children": [0, 1, 2, 3, 4, 5, 6, 7, 8, 9, 10, 11, 12, 13, 14, 15, 16, 17, 18, 19, 20, 21, 22, 23, 24, 25, 26, 27, 28, 29, 30, 31, 32, 33, 34, 35, 36, 37, 38, 39, 40, 41, 42, 43, 44, 45]
		}
	]
}