{
	"format_version": "1.21.6",
	"credit": "Made with Blockbench",
	"textures": {
		"particle": "item/enchanted_tool_overlays/enchantment_outline",
		"glow": "item/enchanted_tool_overlays/enchantment_outline"
	},
	"elements": [
		{
			"from": [3.1, 1.9, 8.6],
			"to": [4.1, 2.9, 7.4],
			"light_emission": 15,
			"rotation": {"angle": 0, "axis": "y", "origin": [3, 2, 10.225]},
			"faces": {
				"north": {"uv": [3, 13, 4, 14], "texture": "#glow"},
				"east": {"uv": [3, 13, 4, 14], "texture": "#glow"},
				"south": {"uv": [3, 13, 4, 14], "texture": "#glow"},
				"west": {"uv": [0, 0, 1, 1], "texture": "#glow"},
				"up": {"uv": [0, 0, 1, 1], "texture": "#glow"},
				"down": {"uv": [3, 13, 4, 14], "texture": "#glow"}
			}
		},
		{
			"from": [1.9, 3.075, 8.6],
			"to": [2.9, 4.1, 7.4],
			"light_emission": 15,
			"rotation": {"angle": 0, "axis": "y", "origin": [2, 3, 10.225]},
			"faces": {
				"north": {"uv": [2, 12, 3, 13], "texture": "#glow"},
				"east": {"uv": [0, 0, 1, 1], "texture": "#glow"},
				"south": {"uv": [2, 12, 3, 13], "texture": "#glow"},
				"west": {"uv": [2, 12, 3, 13], "texture": "#glow"},
				"up": {"uv": [2, 12, 3, 13], "texture": "#glow"},
				"down": {"uv": [0, 0, 1, 1], "texture": "#glow"}
			}
		},
		{
			"from": [-0.1, -0.125, 8.6],
			"to": [1.9, 3.075, 7.4],
			"light_emission": 15,
			"rotation": {"angle": 0, "axis": "y", "origin": [0, 2, 10.225]},
			"faces": {
				"north": {"uv": [2, 12, 3, 13], "texture": "#glow"},
				"east": {"uv": [0, 0, 1, 1], "texture": "#glow"},
				"south": {"uv": [2, 12, 3, 13], "texture": "#glow"},
				"west": {"uv": [2, 12, 3, 13], "texture": "#glow"},
				"up": {"uv": [2, 12, 3, 13], "texture": "#glow"},
				"down": {"uv": [15, 8, 16, 9], "texture": "#glow"}
			}
		},
		{
			"from": [1.9, -0.125, 8.6],
			"to": [3.1, 1.9, 7.4],
			"light_emission": 15,
			"rotation": {"angle": 0, "axis": "y", "origin": [2.1, 0, 10.225]},
			"faces": {
				"north": {"uv": [3, 13, 4, 14], "texture": "#glow"},
				"east": {"uv": [3, 13, 4, 14], "texture": "#glow"},
				"south": {"uv": [3, 13, 4, 14], "texture": "#glow"},
				"west": {"uv": [0, 0, 1, 1], "texture": "#glow"},
				"up": {"uv": [0, 0, 1, 1], "texture": "#glow"},
				"down": {"uv": [3, 13, 4, 14], "texture": "#glow"}
			}
		},
		{
			"from": [4.1, 2.9, 8.6],
			"to": [5.1, 3.9, 7.4],
			"light_emission": 15,
			"rotation": {"angle": 0, "axis": "y", "origin": [4, 3, 10.225]},
			"faces": {
				"north": {"uv": [4, 12, 5, 13], "texture": "#glow"},
				"east": {"uv": [4, 12, 5, 13], "texture": "#glow"},
				"south": {"uv": [4, 12, 5, 13], "texture": "#glow"},
				"west": {"uv": [0, 0, 1, 1], "texture": "#glow"},
				"up": {"uv": [0, 0, 1, 1], "texture": "#glow"},
				"down": {"uv": [4, 12, 5, 13], "texture": "#glow"}
			}
		},
		{
			"from": [2.9, 4.1, 8.6],
			"to": [3.9, 5.1, 7.4],
			"light_emission": 15,
			"rotation": {"angle": 0, "axis": "y", "origin": [3, 4, 10.225]},
			"faces": {
				"north": {"uv": [3, 11, 4, 12], "texture": "#glow"},
				"east": {"uv": [0, 0, 1, 1], "texture": "#glow"},
				"south": {"uv": [3, 11, 4, 12], "texture": "#glow"},
				"west": {"uv": [3, 11, 4, 12], "texture": "#glow"},
				"up": {"uv": [3, 11, 4, 12], "texture": "#glow"},
				"down": {"uv": [0, 0, 1, 1], "texture": "#glow"}
			}
		},
		{
			"from": [5.1, 3.9, 8.6],
			"to": [5.9, 5.1, 7.4],
			"light_emission": 15,
			"rotation": {"angle": 0, "axis": "y", "origin": [5, 4, 10.225]},
			"faces": {
				"north": {"uv": [5, 11, 6, 12], "texture": "#glow"},
				"east": {"uv": [0, 0, 1, 1], "texture": "#glow"},
				"south": {"uv": [5, 11, 6, 12], "texture": "#glow"},
				"west": {"uv": [0, 0, 1, 1], "texture": "#glow"},
				"up": {"uv": [0, 0, 1, 1], "texture": "#glow"},
				"down": {"uv": [5, 11, 6, 12], "texture": "#glow"}
			}
		},
		{
			"from": [8.1, 2.9, 8.6],
			"to": [9.1, 5.1, 7.4],
			"light_emission": 15,
			"rotation": {"angle": 0, "axis": "y", "origin": [8, 4, 10.225]},
			"faces": {
				"north": {"uv": [8, 11, 9, 12], "texture": "#glow"},
				"east": {"uv": [8, 11, 9, 12], "texture": "#glow"},
				"south": {"uv": [8, 11, 9, 12], "texture": "#glow"},
				"west": {"uv": [0, 0, 1, 1], "texture": "#glow"},
				"up": {"uv": [8, 11, 9, 12], "texture": "#glow"},
				"down": {"uv": [7, 3, 8, 4], "texture": "#glow"}
			}
		},
		{
			"from": [5.9, 2.9, 8.6],
			"to": [8.1, 3.9, 7.4],
			"light_emission": 15,
			"rotation": {"angle": 0, "axis": "y", "origin": [7, 4, 10.225]},
			"faces": {
				"north": {"uv": [8, 11, 9, 12], "texture": "#glow"},
				"east": {"uv": [0, 0, 1, 1], "texture": "#glow"},
				"south": {"uv": [8, 11, 9, 12], "texture": "#glow"},
				"west": {"uv": [7, 7, 8, 8], "texture": "#glow"},
				"up": {"uv": [0, 0, 1, 1], "texture": "#glow"},
				"down": {"uv": [7, 7, 8, 8], "texture": "#glow"}
			}
		},
		{
			"from": [3.9, 5.1, 8.6],
			"to": [5.1, 5.9, 7.4],
			"light_emission": 15,
			"rotation": {"angle": 0, "axis": "y", "origin": [4, 5, 10.225]},
			"faces": {
				"north": {"uv": [4, 10, 5, 11], "texture": "#glow"},
				"east": {"uv": [0, 0, 1, 1], "texture": "#glow"},
				"south": {"uv": [4, 10, 5, 11], "texture": "#glow"},
				"west": {"uv": [4, 10, 5, 11], "texture": "#glow"},
				"up": {"uv": [0, 0, 1, 1], "texture": "#glow"},
				"down": {"uv": [0, 0, 1, 1], "texture": "#glow"}
			}
		},
		{
			"from": [7, 5.1, 8.6],
			"to": [8.1, 5.9, 7.4],
			"light_emission": 15,
			"rotation": {"angle": 0, "axis": "y", "origin": [7, 5, 10.225]},
			"faces": {
				"north": {"uv": [7, 10, 8, 11], "texture": "#glow"},
				"east": {"uv": [7, 10, 8, 11], "texture": "#glow"},
				"south": {"uv": [7, 10, 8, 11], "texture": "#glow"},
				"west": {"uv": [0, 0, 1, 1], "texture": "#glow"},
				"up": {"uv": [0, 0, 1, 1], "texture": "#glow"},
				"down": {"uv": [0, 0, 1, 1], "texture": "#glow"}
			}
		},
		{
			"from": [8.1, 5.9, 8.6],
			"to": [9.1, 6.9, 7.4],
			"light_emission": 15,
			"rotation": {"angle": 0, "axis": "y", "origin": [8, 6, 10.225]},
			"faces": {
				"north": {"uv": [8, 9, 9, 10], "texture": "#glow"},
				"east": {"uv": [8, 9, 9, 10], "texture": "#glow"},
				"south": {"uv": [8, 9, 9, 10], "texture": "#glow"},
				"west": {"uv": [0, 0, 1, 1], "texture": "#glow"},
				"up": {"uv": [0, 0, 1, 1], "texture": "#glow"},
				"down": {"uv": [8, 9, 9, 10], "texture": "#glow"}
			}
		},
		{
			"from": [5.1, 7, 8.6],
			"to": [5.9, 8.1, 7.4],
			"light_emission": 15,
			"rotation": {"angle": 0, "axis": "y", "origin": [5, 7, 10.225]},
			"faces": {
				"north": {"uv": [5, 8, 6, 9], "texture": "#glow"},
				"east": {"uv": [0, 0, 1, 1], "texture": "#glow"},
				"south": {"uv": [5, 8, 6, 9], "texture": "#glow"},
				"west": {"uv": [0, 0, 1, 1], "texture": "#glow"},
				"up": {"uv": [5, 8, 6, 9], "texture": "#glow"},
				"down": {"uv": [0, 0, 1, 1], "texture": "#glow"}
			}
		},
		{
			"from": [9.1, 6.9, 8.6],
			"to": [10.1, 7.9, 7.4],
			"light_emission": 15,
			"rotation": {"angle": 0, "axis": "y", "origin": [9, 7, 10.225]},
			"faces": {
				"north": {"uv": [9, 8, 10, 9], "texture": "#glow"},
				"east": {"uv": [9, 8, 10, 9], "texture": "#glow"},
				"south": {"uv": [9, 8, 10, 9], "texture": "#glow"},
				"west": {"uv": [0, 0, 1, 1], "texture": "#glow"},
				"up": {"uv": [0, 0, 1, 1], "texture": "#glow"},
				"down": {"uv": [9, 8, 10, 9], "texture": "#glow"}
			}
		},
		{
			"from": [2.9, 5.9, 8.6],
			"to": [3.9, 8.1, 7.4],
			"light_emission": 15,
			"rotation": {"angle": 0, "axis": "y", "origin": [2.8, 7, 10.225]},
			"faces": {
				"north": {"uv": [4, 7, 5, 8], "texture": "#glow"},
				"east": {"uv": [0, 0, 1, 1], "texture": "#glow"},
				"south": {"uv": [4, 7, 5, 8], "texture": "#glow"},
				"west": {"uv": [9, 3, 10, 4], "texture": "#glow"},
				"up": {"uv": [0, 0, 1, 1], "texture": "#glow"},
				"down": {"uv": [9, 3, 10, 4], "texture": "#glow"}
			}
		},
		{
			"from": [2.9, 8.1, 8.6],
			"to": [5.1, 9.1, 7.4],
			"light_emission": 15,
			"rotation": {"angle": 0, "axis": "y", "origin": [4, 8, 10.225]},
			"faces": {
				"north": {"uv": [4, 7, 5, 8], "texture": "#glow"},
				"east": {"uv": [4, 7, 5, 8], "texture": "#glow"},
				"south": {"uv": [4, 7, 5, 8], "texture": "#glow"},
				"west": {"uv": [10, 2, 11, 3], "texture": "#glow"},
				"up": {"uv": [4, 7, 5, 8], "texture": "#glow"},
				"down": {"uv": [0, 0, 1, 1], "texture": "#glow"}
			}
		},
		{
			"from": [5.9, 8.1, 8.6],
			"to": [6.9, 9.1, 7.4],
			"light_emission": 15,
			"rotation": {"angle": 0, "axis": "y", "origin": [6, 8, 10.225]},
			"faces": {
				"north": {"uv": [6, 7, 7, 8], "texture": "#glow"},
				"east": {"uv": [0, 0, 1, 1], "texture": "#glow"},
				"south": {"uv": [6, 7, 7, 8], "texture": "#glow"},
				"west": {"uv": [6, 7, 7, 8], "texture": "#glow"},
				"up": {"uv": [6, 7, 7, 8], "texture": "#glow"},
				"down": {"uv": [0, 0, 1, 1], "texture": "#glow"}
			}
		},
		{
			"from": [10.1, 7.9, 8.6],
			"to": [11.1, 8.9, 7.4],
			"light_emission": 15,
			"rotation": {"angle": 0, "axis": "y", "origin": [10, 8, 10.225]},
			"faces": {
				"north": {"uv": [10, 7, 11, 8], "texture": "#glow"},
				"east": {"uv": [10, 7, 11, 8], "texture": "#glow"},
				"south": {"uv": [10, 7, 11, 8], "texture": "#glow"},
				"west": {"uv": [0, 0, 1, 1], "texture": "#glow"},
				"up": {"uv": [0, 0, 1, 1], "texture": "#glow"},
				"down": {"uv": [10, 7, 11, 8], "texture": "#glow"}
			}
		},
		{
			"from": [6.9, 9.1, 8.6],
			"to": [7.9, 10.1, 7.4],
			"light_emission": 15,
			"rotation": {"angle": 0, "axis": "y", "origin": [7, 9, 10.225]},
			"faces": {
				"north": {"uv": [7, 6, 8, 7], "texture": "#glow"},
				"east": {"uv": [0, 0, 1, 1], "texture": "#glow"},
				"south": {"uv": [7, 6, 8, 7], "texture": "#glow"},
				"west": {"uv": [7, 6, 8, 7], "texture": "#glow"},
				"up": {"uv": [7, 6, 8, 7], "texture": "#glow"},
				"down": {"uv": [0, 0, 1, 1], "texture": "#glow"}
			}
		},
		{
			"from": [11.1, 8.9, 8.6],
			"to": [12.1, 9.9, 7.4],
			"light_emission": 15,
			"rotation": {"angle": 0, "axis": "y", "origin": [11, 9, 10.225]},
			"faces": {
				"north": {"uv": [11, 6, 12, 7], "texture": "#glow"},
				"east": {"uv": [11, 6, 12, 7], "texture": "#glow"},
				"south": {"uv": [11, 6, 12, 7], "texture": "#glow"},
				"west": {"uv": [0, 0, 1, 1], "texture": "#glow"},
				"up": {"uv": [0, 0, 1, 1], "texture": "#glow"},
				"down": {"uv": [11, 6, 12, 7], "texture": "#glow"}
			}
		},
		{
			"from": [7.9, 10.1, 8.6],
			"to": [8.9, 11.1, 7.4],
			"light_emission": 15,
			"rotation": {"angle": 0, "axis": "y", "origin": [8, 10, 10.225]},
			"faces": {
				"north": {"uv": [8, 5, 9, 6], "texture": "#glow"},
				"east": {"uv": [0, 0, 1, 1], "texture": "#glow"},
				"south": {"uv": [8, 5, 9, 6], "texture": "#glow"},
				"west": {"uv": [8, 5, 9, 6], "texture": "#glow"},
				"up": {"uv": [8, 5, 9, 6], "texture": "#glow"},
				"down": {"uv": [0, 0, 1, 1], "texture": "#glow"}
			}
		},
		{
			"from": [8.9, 11.1, 8.6],
			"to": [9.9, 12.1, 7.4],
			"light_emission": 15,
			"rotation": {"angle": 0, "axis": "y", "origin": [9, 11, 10.225]},
			"faces": {
				"north": {"uv": [9, 4, 10, 5], "texture": "#glow"},
				"east": {"uv": [0, 0, 1, 1], "texture": "#glow"},
				"south": {"uv": [9, 4, 10, 5], "texture": "#glow"},
				"west": {"uv": [9, 4, 10, 5], "texture": "#glow"},
				"up": {"uv": [9, 4, 10, 5], "texture": "#glow"},
				"down": {"uv": [0, 0, 1, 1], "texture": "#glow"}
			}
		},
		{
			"from": [9.9, 12.1, 8.6],
			"to": [13.1, 13.1, 7.4],
			"light_emission": 15,
			"rotation": {"angle": 0, "axis": "y", "origin": [10, 12, 10.225]},
			"faces": {
				"north": {"uv": [12, 1, 13, 2], "texture": "#glow"},
				"east": {"uv": [12, 2, 13, 3], "texture": "#glow"},
				"south": {"uv": [12, 1, 13, 2], "texture": "#glow"},
				"west": {"uv": [12, 1, 13, 2], "texture": "#glow"},
				"up": {"uv": [12, 1, 13, 2], "texture": "#glow"},
				"down": {"uv": [0, 0, 1, 1], "texture": "#glow"}
			}
		},
		{
			"from": [12.1, 9.9, 8.6],
			"to": [13.1, 12.1, 7.4],
			"light_emission": 15,
			"rotation": {"angle": 0, "axis": "y", "origin": [12, 10, 10.225]},
			"faces": {
				"north": {"uv": [14, 3, 15, 4], "texture": "#glow"},
				"east": {"uv": [14, 3, 15, 4], "texture": "#glow"},
				"south": {"uv": [14, 3, 15, 4], "texture": "#glow"},
				"west": {"uv": [0, 0, 1, 1], "texture": "#glow"},
				"up": {"uv": [0, 0, 1, 1], "texture": "#glow"},
				"down": {"uv": [14, 3, 15, 4], "texture": "#glow"}
			}
		},
		{
			"from": [9.9, 9.9, 8.6],
			"to": [12.1, 12.1, 7.4],
			"light_emission": 15,
			"rotation": {"angle": 0, "axis": "y", "origin": [12, 12, 10.225]},
			"faces": {
				"north": {"uv": [15, 0, 16, 1], "texture": "#glow"},
				"east": {"uv": [0, 0, 1, 1], "texture": "#glow"},
				"south": {"uv": [15, 0, 16, 1], "texture": "#glow"},
				"west": {"uv": [0, 0, 1, 1], "texture": "#glow"},
				"up": {"uv": [0, 0, 1, 1], "texture": "#glow"},
				"down": {"uv": [0, 0, 1, 1], "texture": "#glow"}
			}
		},
		{
			"from": [6.9, 6.9, 8.6],
			"to": [7.9, 7.9, 7.4],
			"light_emission": 15,
			"rotation": {"angle": 0, "axis": "y", "origin": [9, 9, 10.225]},
			"faces": {
				"north": {"uv": [15, 0, 16, 1], "texture": "#glow"},
				"east": {"uv": [0, 0, 1, 1], "texture": "#glow"},
				"south": {"uv": [15, 0, 16, 1], "texture": "#glow"},
				"west": {"uv": [0, 0, 1, 1], "texture": "#glow"},
				"up": {"uv": [0, 0, 1, 1], "texture": "#glow"},
				"down": {"uv": [0, 0, 1, 1], "texture": "#glow"}
			}
		},
		{
			"from": [5.9, 5.9, 8.6],
			"to": [6.9, 6.9, 7.4],
			"light_emission": 15,
			"rotation": {"angle": 0, "axis": "y", "origin": [8, 8, 10.225]},
			"faces": {
				"north": {"uv": [15, 0, 16, 1], "texture": "#glow"},
				"east": {"uv": [0, 0, 1, 1], "texture": "#glow"},
				"south": {"uv": [15, 0, 16, 1], "texture": "#glow"},
				"west": {"uv": [0, 0, 1, 1], "texture": "#glow"},
				"up": {"uv": [0, 0, 1, 1], "texture": "#glow"},
				"down": {"uv": [0, 0, 1, 1], "texture": "#glow"}
			}
		},
		{
			"from": [3.9, 7, 8.6],
			"to": [5.1, 8.1, 7.4],
			"light_emission": 15,
			"rotation": {"angle": 0, "axis": "y", "origin": [6, 9, 10.225]},
			"faces": {
				"north": {"uv": [15, 0, 16, 1], "texture": "#glow"},
				"east": {"uv": [0, 0, 1, 1], "texture": "#glow"},
				"south": {"uv": [15, 0, 16, 1], "texture": "#glow"},
				"west": {"uv": [0, 0, 1, 1], "texture": "#glow"},
				"up": {"uv": [0, 0, 1, 1], "texture": "#glow"},
				"down": {"uv": [0, 0, 1, 1], "texture": "#glow"}
			}
		},
		{
			"from": [5.1, 5.1, 8.6],
			"to": [5.9, 5.9, 7.4],
			"light_emission": 15,
			"rotation": {"angle": 0, "axis": "y", "origin": [7, 7, 10.225]},
			"faces": {
				"north": {"uv": [15, 0, 16, 1], "texture": "#glow"},
				"east": {"uv": [0, 0, 1, 1], "texture": "#glow"},
				"south": {"uv": [15, 0, 16, 1], "texture": "#glow"},
				"west": {"uv": [0, 0, 1, 1], "texture": "#glow"},
				"up": {"uv": [0, 0, 1, 1], "texture": "#glow"},
				"down": {"uv": [0, 0, 1, 1], "texture": "#glow"}
			}
		},
		{
			"from": [7, 3.9, 8.6],
			"to": [8.1, 5.1, 7.4],
			"light_emission": 15,
			"rotation": {"angle": 0, "axis": "y", "origin": [9, 6, 10.225]},
			"faces": {
				"north": {"uv": [15, 0, 16, 1], "texture": "#glow"},
				"east": {"uv": [0, 0, 1, 1], "texture": "#glow"},
				"south": {"uv": [15, 0, 16, 1], "texture": "#glow"},
				"west": {"uv": [0, 0, 1, 1], "texture": "#glow"},
				"up": {"uv": [0, 0, 1, 1], "texture": "#glow"},
				"down": {"uv": [0, 0, 1, 1], "texture": "#glow"}
			}
		},
		{
			"from": [4.1, 4.1, 8.6],
			"to": [5.1, 5.1, 7.4],
			"light_emission": 15,
			"rotation": {"angle": 0, "axis": "y", "origin": [6.1, 6.1, 10.225]},
			"faces": {
				"north": {"uv": [15, 0, 16, 1], "texture": "#glow"},
				"east": {"uv": [0, 0, 1, 1], "texture": "#glow"},
				"south": {"uv": [15, 0, 16, 1], "texture": "#glow"},
				"west": {"uv": [0, 0, 1, 1], "texture": "#glow"},
				"up": {"uv": [0, 0, 1, 1], "texture": "#glow"},
				"down": {"uv": [0, 0, 1, 1], "texture": "#glow"}
			}
		},
		{
			"from": [4.1, 3.9, 8.6],
			"to": [5.1, 4.1, 7.4],
			"light_emission": 15,
			"rotation": {"angle": 0, "axis": "y", "origin": [6.1, 6.1, 10.225]},
			"faces": {
				"north": {"uv": [15, 0, 16, 1], "texture": "#glow"},
				"east": {"uv": [0, 0, 1, 1], "texture": "#glow"},
				"south": {"uv": [15, 0, 16, 1], "texture": "#glow"},
				"west": {"uv": [0, 0, 1, 1], "texture": "#glow"},
				"up": {"uv": [0, 0, 1, 1], "texture": "#glow"},
				"down": {"uv": [0, 0, 1, 1], "texture": "#glow"}
			}
		},
		{
			"from": [3.9, 4.1, 8.6],
			"to": [4.1, 5.1, 7.4],
			"light_emission": 15,
			"rotation": {"angle": 0, "axis": "y", "origin": [6.1, 6.1, 10.225]},
			"faces": {
				"north": {"uv": [15, 0, 16, 1], "texture": "#glow"},
				"east": {"uv": [0, 0, 1, 1], "texture": "#glow"},
				"south": {"uv": [15, 0, 16, 1], "texture": "#glow"},
				"west": {"uv": [0, 0, 1, 1], "texture": "#glow"},
				"up": {"uv": [0, 0, 1, 1], "texture": "#glow"},
				"down": {"uv": [0, 0, 1, 1], "texture": "#glow"}
			}
		},
		{
			"from": [3.1, 3.1, 8.6],
			"to": [4.1, 4.1, 7.4],
			"light_emission": 15,
			"rotation": {"angle": 0, "axis": "y", "origin": [5.1, 5.1, 10.225]},
			"faces": {
				"north": {"uv": [15, 0, 16, 1], "texture": "#glow"},
				"east": {"uv": [0, 0, 1, 1], "texture": "#glow"},
				"south": {"uv": [15, 0, 16, 1], "texture": "#glow"},
				"west": {"uv": [0, 0, 1, 1], "texture": "#glow"},
				"up": {"uv": [0, 0, 1, 1], "texture": "#glow"},
				"down": {"uv": [0, 0, 1, 1], "texture": "#glow"}
			}
		},
		{
			"from": [1.9, 1.9, 8.6],
			"to": [3.1, 3.075, 7.4],
			"light_emission": 15,
			"rotation": {"angle": 0, "axis": "y", "origin": [4.1, 4.1, 10.225]},
			"faces": {
				"north": {"uv": [15, 0, 16, 1], "texture": "#glow"},
				"east": {"uv": [0, 0, 1, 1], "texture": "#glow"},
				"south": {"uv": [15, 0, 16, 1], "texture": "#glow"},
				"west": {"uv": [0, 0, 1, 1], "texture": "#glow"},
				"up": {"uv": [0, 0, 1, 1], "texture": "#glow"},
				"down": {"uv": [0, 0, 1, 1], "texture": "#glow"}
			}
		},
		{
			"from": [3.1, 2.9, 8.6],
			"to": [4.1, 3.1, 7.4],
			"light_emission": 15,
			"rotation": {"angle": 0, "axis": "y", "origin": [5.1, 5.1, 10.225]},
			"faces": {
				"north": {"uv": [15, 0, 16, 1], "texture": "#glow"},
				"east": {"uv": [0, 0, 1, 1], "texture": "#glow"},
				"south": {"uv": [15, 0, 16, 1], "texture": "#glow"},
				"west": {"uv": [0, 0, 1, 1], "texture": "#glow"},
				"up": {"uv": [0, 0, 1, 1], "texture": "#glow"},
				"down": {"uv": [0, 0, 1, 1], "texture": "#glow"}
			}
		},
		{
			"from": [2.9, 3.075, 8.6],
			"to": [3.1, 4.1, 7.4],
			"light_emission": 15,
			"rotation": {"angle": 0, "axis": "y", "origin": [5.1, 5.1, 10.225]},
			"faces": {
				"north": {"uv": [15, 0, 16, 1], "texture": "#glow"},
				"east": {"uv": [0, 0, 1, 1], "texture": "#glow"},
				"south": {"uv": [15, 0, 16, 1], "texture": "#glow"},
				"west": {"uv": [0, 0, 1, 1], "texture": "#glow"},
				"up": {"uv": [0, 0, 1, 1], "texture": "#glow"},
				"down": {"uv": [0, 0, 1, 1], "texture": "#glow"}
			}
		},
		{
			"from": [7.9, 7.9, 8.6],
			"to": [8.9, 8.9, 7.4],
			"light_emission": 15,
			"rotation": {"angle": 0, "axis": "y", "origin": [10, 10, 10.225]},
			"faces": {
				"north": {"uv": [15, 0, 16, 1], "texture": "#glow"},
				"east": {"uv": [0, 0, 1, 1], "texture": "#glow"},
				"south": {"uv": [15, 0, 16, 1], "texture": "#glow"},
				"west": {"uv": [0, 0, 1, 1], "texture": "#glow"},
				"up": {"uv": [0, 0, 1, 1], "texture": "#glow"},
				"down": {"uv": [0, 0, 1, 1], "texture": "#glow"}
			}
		},
		{
			"from": [8.9, 8.9, 8.6],
			"to": [9.9, 9.9, 7.4],
			"light_emission": 15,
			"rotation": {"angle": 0, "axis": "y", "origin": [11, 11, 10.225]},
			"faces": {
				"north": {"uv": [15, 0, 16, 1], "texture": "#glow"},
				"east": {"uv": [0, 0, 1, 1], "texture": "#glow"},
				"south": {"uv": [15, 0, 16, 1], "texture": "#glow"},
				"west": {"uv": [0, 0, 1, 1], "texture": "#glow"},
				"up": {"uv": [0, 0, 1, 1], "texture": "#glow"},
				"down": {"uv": [0, 0, 1, 1], "texture": "#glow"}
			}
		},
		{
			"from": [8.9, 9.9, 8.6],
			"to": [9.9, 11.1, 7.4],
			"light_emission": 15,
			"rotation": {"angle": 0, "axis": "y", "origin": [11, 12, 10.225]},
			"faces": {
				"north": {"uv": [15, 0, 16, 1], "texture": "#glow"},
				"east": {"uv": [0, 0, 1, 1], "texture": "#glow"},
				"south": {"uv": [15, 0, 16, 1], "texture": "#glow"},
				"west": {"uv": [0, 0, 1, 1], "texture": "#glow"},
				"up": {"uv": [0, 0, 1, 1], "texture": "#glow"},
				"down": {"uv": [0, 0, 1, 1], "texture": "#glow"}
			}
		},
		{
			"from": [9.9, 8.9, 8.6],
			"to": [11.1, 9.9, 7.4],
			"light_emission": 15,
			"rotation": {"angle": 0, "axis": "y", "origin": [12, 11, 10.225]},
			"faces": {
				"north": {"uv": [15, 0, 16, 1], "texture": "#glow"},
				"east": {"uv": [0, 0, 1, 1], "texture": "#glow"},
				"south": {"uv": [15, 0, 16, 1], "texture": "#glow"},
				"west": {"uv": [0, 0, 1, 1], "texture": "#glow"},
				"up": {"uv": [0, 0, 1, 1], "texture": "#glow"},
				"down": {"uv": [0, 0, 1, 1], "texture": "#glow"}
			}
		},
		{
			"from": [7.9, 8.9, 8.6],
			"to": [8.9, 10.1, 7.4],
			"light_emission": 15,
			"rotation": {"angle": 0, "axis": "y", "origin": [10, 11, 10.225]},
			"faces": {
				"north": {"uv": [15, 0, 16, 1], "texture": "#glow"},
				"east": {"uv": [0, 0, 1, 1], "texture": "#glow"},
				"south": {"uv": [15, 0, 16, 1], "texture": "#glow"},
				"west": {"uv": [0, 0, 1, 1], "texture": "#glow"},
				"up": {"uv": [0, 0, 1, 1], "texture": "#glow"},
				"down": {"uv": [0, 0, 1, 1], "texture": "#glow"}
			}
		},
		{
			"from": [8.9, 7.9, 8.6],
			"to": [10.1, 8.9, 7.4],
			"light_emission": 15,
			"rotation": {"angle": 0, "axis": "y", "origin": [11, 10, 10.225]},
			"faces": {
				"north": {"uv": [15, 0, 16, 1], "texture": "#glow"},
				"east": {"uv": [0, 0, 1, 1], "texture": "#glow"},
				"south": {"uv": [15, 0, 16, 1], "texture": "#glow"},
				"west": {"uv": [0, 0, 1, 1], "texture": "#glow"},
				"up": {"uv": [0, 0, 1, 1], "texture": "#glow"},
				"down": {"uv": [0, 0, 1, 1], "texture": "#glow"}
			}
		},
		{
			"from": [6.9, 7.9, 8.6],
			"to": [7.9, 9.1, 7.4],
			"light_emission": 15,
			"rotation": {"angle": 0, "axis": "y", "origin": [9, 10, 10.225]},
			"faces": {
				"north": {"uv": [15, 0, 16, 1], "texture": "#glow"},
				"east": {"uv": [0, 0, 1, 1], "texture": "#glow"},
				"south": {"uv": [15, 0, 16, 1], "texture": "#glow"},
				"west": {"uv": [0, 0, 1, 1], "texture": "#glow"},
				"up": {"uv": [0, 0, 1, 1], "texture": "#glow"},
				"down": {"uv": [0, 0, 1, 1], "texture": "#glow"}
			}
		},
		{
			"from": [7.9, 6.9, 8.6],
			"to": [9.1, 7.9, 7.4],
			"light_emission": 15,
			"rotation": {"angle": 0, "axis": "y", "origin": [10, 9, 10.225]},
			"faces": {
				"north": {"uv": [15, 0, 16, 1], "texture": "#glow"},
				"east": {"uv": [0, 0, 1, 1], "texture": "#glow"},
				"south": {"uv": [15, 0, 16, 1], "texture": "#glow"},
				"west": {"uv": [0, 0, 1, 1], "texture": "#glow"},
				"up": {"uv": [0, 0, 1, 1], "texture": "#glow"},
				"down": {"uv": [0, 0, 1, 1], "texture": "#glow"}
			}
		},
		{
			"from": [5.9, 6.9, 8.6],
			"to": [6.9, 8.1, 7.4],
			"light_emission": 15,
			"rotation": {"angle": 0, "axis": "y", "origin": [8, 9, 10.225]},
			"faces": {
				"north": {"uv": [15, 0, 16, 1], "texture": "#glow"},
				"east": {"uv": [0, 0, 1, 1], "texture": "#glow"},
				"south": {"uv": [15, 0, 16, 1], "texture": "#glow"},
				"west": {"uv": [0, 0, 1, 1], "texture": "#glow"},
				"up": {"uv": [0, 0, 1, 1], "texture": "#glow"},
				"down": {"uv": [0, 0, 1, 1], "texture": "#glow"}
			}
		},
		{
			"from": [6.9, 5.9, 8.6],
			"to": [8.1, 6.9, 7.4],
			"light_emission": 15,
			"rotation": {"angle": 0, "axis": "y", "origin": [9, 8, 10.225]},
			"faces": {
				"north": {"uv": [15, 0, 16, 1], "texture": "#glow"},
				"east": {"uv": [0, 0, 1, 1], "texture": "#glow"},
				"south": {"uv": [15, 0, 16, 1], "texture": "#glow"},
				"west": {"uv": [0, 0, 1, 1], "texture": "#glow"},
				"up": {"uv": [0, 0, 1, 1], "texture": "#glow"},
				"down": {"uv": [0, 0, 1, 1], "texture": "#glow"}
			}
		},
		{
			"from": [3.9, 5.9, 8.6],
			"to": [5.9, 7, 7.4],
			"light_emission": 15,
			"rotation": {"angle": 0, "axis": "y", "origin": [7, 8, 10.225]},
			"faces": {
				"north": {"uv": [15, 0, 16, 1], "texture": "#glow"},
				"east": {"uv": [0, 0, 1, 1], "texture": "#glow"},
				"south": {"uv": [15, 0, 16, 1], "texture": "#glow"},
				"west": {"uv": [0, 0, 1, 1], "texture": "#glow"},
				"up": {"uv": [0, 0, 1, 1], "texture": "#glow"},
				"down": {"uv": [0, 0, 1, 1], "texture": "#glow"}
			}
		},
		{
			"from": [5.9, 3.9, 8.6],
			"to": [7, 5.9, 7.4],
			"light_emission": 15,
			"rotation": {"angle": 0, "axis": "y", "origin": [8, 7, 10.225]},
			"faces": {
				"north": {"uv": [15, 0, 16, 1], "texture": "#glow"},
				"east": {"uv": [0, 0, 1, 1], "texture": "#glow"},
				"south": {"uv": [15, 0, 16, 1], "texture": "#glow"},
				"west": {"uv": [0, 0, 1, 1], "texture": "#glow"},
				"up": {"uv": [0, 0, 1, 1], "texture": "#glow"},
				"down": {"uv": [0, 0, 1, 1], "texture": "#glow"}
			}
		}
	],
	"gui_light": "front",
	"display": {
		"thirdperson_righthand": {
			"rotation": [0, -90, 55],
			"translation": [0, 4, 0.5],
			"scale": [0.85, 0.85, 0.85]
		},
		"thirdperson_lefthand": {
			"rotation": [0, 90, -55],
			"translation": [0, 4, 0.5],
			"scale": [0.85, 0.85, 0.85]
		},
		"firstperson_righthand": {
			"rotation": [0, -90, 25],
			"translation": [1.13, 3.2, 1.13],
			"scale": [0.68, 0.68, 0.68]
		},
		"firstperson_lefthand": {
			"rotation": [0, 90, -25],
			"translation": [1.13, 3.2, 1.13],
			"scale": [0.68, 0.68, 0.68]
		},
		"ground": {
			"translation": [0, 3, 0],
			"scale": [0.5, 0.5, 0.5]
		},
		"gui": {
			"scale": [1, 1, 1]
		},
		"head": {
			"rotation": [0, -180, 0],
			"translation": [0, 13, 7]
		},
		"fixed": {
			"rotation": [0, -180, 0],
			"scale": [1.02, 1.02, 1.02]
		}
	},
	"groups": [
		{
			"name": "ench",
			"origin": [12, 15, 0],
			"color": 0,
			"children": [
				0,
				1,
				2,
				3,
				4,
				5,
				6,
				7,
				8,
				9,
				10,
				11,
				12,
				13,
				14,
				15,
				16,
				17,
				18,
				19,
				20,
				21,
				22,
				23,
				24,
				25,
				26,
				27,
				28,
				29,
				30,
				31,
				32,
				33,
				34,
				35,
				36,
				37,
				38,
				39,
				40,
				41,
				42,
				43,
				44,
				45,
				46,
				47,
				48
			]
		}
	]
}