{
	"credit": "Made by Ap1lon",
	"parent": "badfonarik",
	"textures": {
		"1": "item/fonar",
		"2": "item/texturelight",
		"3": "item/texture2",
		"4": "item/texture3",
		"5": "item/buttons",
		"6": "item/fonarlight",
		"7": "item/verhfonarik",
		"8": "item/fonar1",
		"particle": "item/verhfonarik"
	},
	"elements": [
		{
			"from": [7, 0, 8],
			"to": [10, 8.5, 11],
			"rotation": {"angle": 0, "axis": "y", "origin": [9, 6, 10]},
			"faces": {
				"north": {"uv": [0, 0, 4, 12], "texture": "#2"},
				"east": {"uv": [0, 0, 4, 12], "texture": "#2"},
				"south": {"uv": [0, 3.3, 3, 12.5], "texture": "#3"},
				"west": {"uv": [0, 0, 4, 12], "texture": "#2"},
				"up": {"uv": [0, 0, 4, 4], "texture": "#missing"},
				"down": {"uv": [0, 0, 4, 4], "texture": "#4"}
			}
		},
		{
			"from": [9, 3.4, 10],
			"to": [9.3, 6.4, 11],
			"rotation": {"angle": 0, "axis": "y", "origin": [0, -4.8, 0]},
			"faces": {
				"west": {"uv": [4, 0, 3, 1], "texture": "#3"}
			}
		},
		{
			"from": [7.3, 6.2, 10],
			"to": [9.7, 6.4, 11],
			"rotation": {"angle": 0, "axis": "y", "origin": [0.5, -4.8, 0]},
			"faces": {
				"down": {"uv": [2, 6, 3, 7], "texture": "#3"}
			}
		},
		{
			"from": [7.5, 3.4, 10],
			"to": [9.4, 3.6, 11],
			"rotation": {"angle": 0, "axis": "y", "origin": [0.7, -4.4, 0]},
			"faces": {
				"up": {"uv": [2, 6, 3, 7], "texture": "#3"}
			}
		},
		{
			"from": [8, 5.1, 10.6],
			"to": [9, 6.9, 11.3],
			"rotation": {"angle": 0, "axis": "z", "origin": [7.9, 7, 9.7]},
			"faces": {
				"north": {"uv": [0, 5.6, 6.4, 16], "rotation": 180, "texture": "#5"},
				"east": {"uv": [0, 5.6, 6.4, 16], "rotation": 180, "texture": "#5"},
				"south": {"uv": [0, 5.6, 6.4, 16], "rotation": 180, "texture": "#5"},
				"west": {"uv": [0, 5.6, 6.4, 16], "rotation": 180, "texture": "#5"},
				"up": {"uv": [0, 0, 5.6, 3.2], "rotation": 180, "texture": "#5"},
				"down": {"uv": [0, 5.6, 6.4, 10.4], "rotation": 180, "texture": "#5"}
			}
		},
		{
			"from": [7.7, 2.8, 10],
			"to": [8, 6.3, 11],
			"rotation": {"angle": 0, "axis": "y", "origin": [1, -4.9, 0]},
			"faces": {
				"east": {"uv": [2, 6, 3, 7], "texture": "#3"}
			}
		},
		{
			"from": [8, 2.8, 10.3],
			"to": [9, 6.3, 10.6],
			"rotation": {"angle": 0, "axis": "y", "origin": [19, -4.9, 3.6]},
			"faces": {
				"south": {"uv": [1, 10, 2, 11], "texture": "#2"}
			}
		},
		{
			"from": [7, 8.3, 8],
			"to": [10, 10, 11],
			"rotation": {"angle": 0, "axis": "y", "origin": [0.5, -5.6, 0.5]},
			"faces": {
				"up": {"uv": [0, 0, 9.1, 9.88571], "texture": "#6"}
			}
		},
		{
			"from": [10, 8.5, 8],
			"to": [10.3, 10.5, 9],
			"rotation": {"angle": 0, "axis": "y", "origin": [0.5, -5.5, 0.5]},
			"faces": {
				"west": {"uv": [5, 3, 4, 4], "texture": "#8"}
			}
		},
		{
			"from": [10, 8.5, 9],
			"to": [10.3, 10.5, 10],
			"rotation": {"angle": 0, "axis": "y", "origin": [0.5, -5.5, 0.5]},
			"faces": {
				"west": {"uv": [5, 2, 4, 3], "texture": "#8"}
			}
		},
		{
			"from": [10, 8.5, 10],
			"to": [10.3, 10.5, 11],
			"rotation": {"angle": 0, "axis": "y", "origin": [0.5, -5.5, 0.5]},
			"faces": {
				"west": {"uv": [1, 3, 0, 4], "texture": "#8"}
			}
		},
		{
			"from": [6.7, 8.5, 10],
			"to": [7, 10.5, 11],
			"rotation": {"angle": 0, "axis": "y", "origin": [0.5, -5.5, 0.5]},
			"faces": {
				"east": {"uv": [4, 3, 5, 4], "texture": "#8"}
			}
		},
		{
			"from": [6.7, 8.5, 9],
			"to": [7, 10.5, 10],
			"rotation": {"angle": 0, "axis": "y", "origin": [0.5, -5.5, 0.5]},
			"faces": {
				"east": {"uv": [4, 2, 5, 3], "texture": "#8"}
			}
		},
		{
			"from": [6.7, 8.5, 8],
			"to": [7, 10.5, 9],
			"rotation": {"angle": 0, "axis": "y", "origin": [0.5, -5.5, 0.5]},
			"faces": {
				"east": {"uv": [4, 1, 5, 2], "texture": "#8"}
			}
		},
		{
			"from": [9, 8.5, 11],
			"to": [10, 10.5, 11.2],
			"rotation": {"angle": 0, "axis": "y", "origin": [0.5, -5.5, 0.5]},
			"faces": {
				"north": {"uv": [1, 0, 2, 1], "texture": "#8"}
			}
		},
		{
			"from": [8, 8.5, 11],
			"to": [9, 10.5, 11.2],
			"rotation": {"angle": 0, "axis": "y", "origin": [0.5, -5.5, 0.5]},
			"faces": {
				"north": {"uv": [2, 0, 3, 1], "texture": "#8"}
			}
		},
		{
			"from": [7, 8.5, 11],
			"to": [8, 10.5, 11.2],
			"rotation": {"angle": 0, "axis": "y", "origin": [0.5, -5.5, 0.5]},
			"faces": {
				"north": {"uv": [3, 0, 4, 1], "texture": "#8"}
			}
		},
		{
			"from": [7, 8.5, 7.8],
			"to": [8, 10.5, 8],
			"rotation": {"angle": 0, "axis": "y", "origin": [0.5, -5.5, 0.5]},
			"faces": {
				"south": {"uv": [0, 3, 1, 4], "texture": "#8"}
			}
		},
		{
			"from": [8, 8.5, 7.8],
			"to": [9, 10.5, 8],
			"rotation": {"angle": 0, "axis": "y", "origin": [0.5, -5.5, 0.5]},
			"faces": {
				"south": {"uv": [0, 2, 1, 3], "texture": "#8"}
			}
		},
		{
			"from": [9, 8.5, 7.8],
			"to": [10, 10.5, 8],
			"rotation": {"angle": 0, "axis": "y", "origin": [0.5, -5.5, 0.5]},
			"faces": {
				"south": {"uv": [0, 1, 1, 2], "texture": "#8"}
			}
		},
		{
			"from": [6, 8.5, 7],
			"to": [11, 10.5, 12],
			"rotation": {"angle": 0, "axis": "y", "origin": [0.5, -5.5, 0.5]},
			"faces": {
				"north": {"uv": [0, 0, 5, 3], "texture": "#7"},
				"east": {"uv": [0, 0, 5, 3], "texture": "#7"},
				"south": {"uv": [0, 0, 5, 3], "texture": "#7"},
				"west": {"uv": [0, 0, 5, 3], "texture": "#7"},
				"up": {"uv": [0, 0, 5, 5], "texture": "#1"},
				"down": {"uv": [0, 15, 1, 16], "texture": "#7"}
			}
		}
	],
	"display": {
		"thirdperson_righthand": {
			"rotation": [-20, 0, 0],
			"translation": [-0.25, -0.5, -1.5],
			"scale": [0.56, 0.78, 0.56]
		},
		"thirdperson_lefthand": {
			"rotation": [-20, 0, 0],
			"translation": [-0.25, -0.5, -1.5],
			"scale": [0.56, 0.78, 0.56]
		},
		"firstperson_righthand": {
			"rotation": [-85.58, -10.17, 5.22],
			"translation": [3, -1.75, -5],
			"scale": [1.31, 0.94, 1.17]
		},
		"firstperson_lefthand": {
			"rotation": [-85.58, -10.17, 5.22],
			"translation": [3, -1.75, -5],
			"scale": [1.31, 0.94, 1.17]
		},
		"ground": {
			"translation": [-0.75, 6, -0.5],
			"scale": [0.6, 0.6, 0.6]
		},
		"gui": {
			"rotation": [42.93, -19.1, -37.73],
			"translation": [2, 2.25, 0],
			"scale": [1.2, 1.2, 1.2]
		},
		"head": {
			"rotation": [-90, 0, 0],
			"translation": [0, 4.25, -4.25],
			"scale": [0.75586, 0.33398, 0.68359]
		},
		"fixed": {
			"rotation": [173.5, 0, -180],
			"translation": [0, 3.5, -1.25],
			"scale": [1.25, 1.5, 1.25]
		}
	},
	"groups": [
		{
			"name": "bone",
			"origin": [0, 0, 0],
			"color": 0,
			"children": [
				0,
				{
					"name": "toggler",
					"origin": [0, 0, 0],
					"color": 0,
					"children": [1, 2, 3, 4, 5, 6]
				},
				{
					"name": "top",
					"origin": [8, 8, 8],
					"color": 0,
					"children": [7, 8, 9, 10, 11, 12, 13, 14, 15, 16, 17, 18, 19, 20]
				}
			]
		}
	]
}