{
	"format_version": "1.21.6",
	"credit": "Made with Blockbench",
	"texture_size": [32, 32],
	"textures": {
		"1": "item/enchanted_tool_overlays/enchantment_outline",
		"particle": "item/enchanted_tool_overlays/enchantment_outline"
	},
	"elements": [
		{
			"name": "rod",
			"from": [6.9, 2.1, 9.1],
			"to": [9.1, 11.9, 6.9],
			"rotation": {"angle": 0, "axis": "y", "origin": [7, 2, 9.1]},
			"faces": {
				"north": {"uv": [8, 0, 9, 9], "texture": "#1"},
				"east": {"uv": [8, 0, 9, 9], "texture": "#1"},
				"south": {"uv": [8, 0, 9, 9], "texture": "#1"},
				"west": {"uv": [8, 0, 9, 9], "texture": "#1"}
			}
		},
		{
			"name": "head",
			"from": [3.9, 11.9, 12.1],
			"to": [12.1, 20.1, 3.9],
			"rotation": {"angle": 0, "axis": "y", "origin": [3.9, 11.9, 12.1]},
			"faces": {
				"north": {"uv": [2, 5, 6, 9], "texture": "#1"},
				"east": {"uv": [2, 5, 6, 9], "texture": "#1"},
				"south": {"uv": [2, 5, 6, 9], "texture": "#1"},
				"west": {"uv": [2, 5, 6, 9], "texture": "#1"},
				"up": {"uv": [2, 1, 6, 5], "texture": "#1"},
				"down": {"uv": [6, 1, 10, 5], "texture": "#1"}
			}
		},
		{
			"from": [6.4, 20.1, 9.6],
			"to": [9.6, 22.1, 6.4],
			"rotation": {"angle": 0, "axis": "y", "origin": [6.9, 20.1, 10.1]},
			"faces": {
				"north": {"uv": [4, 2.5, 5.5, 3.5], "texture": "#1"},
				"east": {"uv": [4, 2.5, 5.5, 3.5], "texture": "#1"},
				"south": {"uv": [4, 2.5, 5.5, 3.5], "texture": "#1"},
				"west": {"uv": [4, 2.5, 5.5, 3.5], "texture": "#1"},
				"up": {"uv": [4, 2, 5.5, 3.5], "texture": "#1"}
			}
		},
		{
			"from": [6.4, -0.1, 9.6],
			"to": [9.6, 2.1, 6.4],
			"rotation": {"angle": 0, "axis": "y", "origin": [6.9, -0.1, 10.1]},
			"faces": {
				"north": {"uv": [4, 2.5, 5.5, 3.5], "texture": "#1"},
				"east": {"uv": [4, 2.5, 5.5, 3.5], "texture": "#1"},
				"south": {"uv": [4, 2.5, 5.5, 3.5], "texture": "#1"},
				"west": {"uv": [4, 2.5, 5.5, 3.5], "texture": "#1"},
				"up": {"uv": [4, 2, 5.5, 3.5], "texture": "#1"},
				"down": {"uv": [4, 2, 5.5, 3.5], "texture": "#1"}
			}
		}
	],
	"display": {
		"thirdperson_righthand": {
			"scale": [0.75, 0.75, 0.75]
		},
		"thirdperson_lefthand": {
			"scale": [0.75, 0.75, 0.75]
		},
		"firstperson_righthand": {
			"scale": [0.75, 0.75, 0.75]
		},
		"firstperson_lefthand": {
			"scale": [0.75, 0.75, 0.75]
		},
		"ground": {
			"translation": [0, 2, 0],
			"scale": [0.5, 0.5, 0.5]
		},
		"gui": {
			"translation": [0, -1.75, 0],
			"scale": [0.65, 0.65, 0.65]
		},
		"head": {
			"rotation": [90, 0, 0],
			"translation": [0, 0, -13],
			"scale": [2, 2, 2]
		},
		"fixed": {
			"rotation": [0, -180, 0],
			"translation": [0, -1.5, 0],
			"scale": [0.75, 0.75, 0.75]
		}
	},
	"groups": [
		{
			"name": "group",
			"origin": [7, 2, 7],
			"color": 0,
			"children": [0, 1, 2, 3]
		}
	]
}