{
	"format_version": "1.21.6",
	"credit": "Made with Blockbench",
	"textures": {
		"1": "item/enchanted_tool_overlays/enchantment_outline"
	},
	"elements": [
		{
			"from": [6.9, 13, 6.9],
			"to": [9.1, -13, 9.1],
			"rotation": {"angle": 45, "axis": "y", "origin": [8, 26, 8]},
			"faces": {
				"north": {"uv": [4.266, 6, 4.75, 12.484], "texture": "#1"},
				"east": {"uv": [4.766, 6, 5.25, 12.484], "texture": "#1"},
				"south": {"uv": [3.266, 6, 3.75, 12.484], "texture": "#1"},
				"west": {"uv": [3.766, 6, 4.25, 12.484], "texture": "#1"}
			}
		},
		{
			"from": [9.598, -14.102, 7.898],
			"to": [6.394, -12.198, 10.102],
			"rotation": {"angle": -45, "axis": "x", "origin": [11.1, -12, 8]},
			"faces": {
				"east": {"uv": [1.266, 12.758, 2.25, 13.742], "rotation": 270, "texture": "#1"},
				"south": {"uv": [1.25, 12.742, 0.516, 11.758], "rotation": 180, "texture": "#1"},
				"west": {"uv": [1.266, 11.758, 2.25, 12.742], "rotation": 90, "texture": "#1"},
				"down": {"uv": [2.266, 11.758, 3, 12.742], "texture": "#1"}
			}
		},
		{
			"from": [9.598, -14.102, 5.898],
			"to": [6.394, -9.898, 7.902],
			"rotation": {"angle": -45, "axis": "x", "origin": [11.1, -12, 8]},
			"faces": {
				"north": {"uv": [3, 12.758, 2.266, 13.742], "texture": "#1"},
				"east": {"uv": [1.266, 12.758, 2.25, 13.742], "rotation": 270, "texture": "#1"},
				"west": {"uv": [1.266, 11.758, 2.25, 12.742], "rotation": 90, "texture": "#1"},
				"up": {"uv": [0.516, 12.758, 1.25, 13.742], "rotation": 180, "texture": "#1"},
				"down": {"uv": [2.266, 11.758, 3, 12.742], "texture": "#1"}
			}
		},
		{
			"from": [6.4, 15.1, 6.44289],
			"to": [9.6, 12.9, 9.64289],
			"rotation": {"angle": 45, "axis": "y", "origin": [8, 16.1, 8.04289]},
			"faces": {
				"north": {"uv": [3.766, 5.258, 4.5, 5.742], "texture": "#1"},
				"east": {"uv": [4.516, 5.258, 5.25, 5.742], "texture": "#1"},
				"south": {"uv": [4.516, 4.008, 5.25, 4.492], "texture": "#1"},
				"west": {"uv": [3.766, 4.008, 4.5, 4.492], "texture": "#1"},
				"up": {"uv": [4.5, 3.992, 3.766, 3.258], "rotation": 270, "texture": "#1"},
				"down": {"uv": [4.5, 4.508, 3.766, 5.242], "rotation": 90, "texture": "#1"}
			}
		},
		{
			"from": [6.4, 6.1, 6.44289],
			"to": [9.6, 3.9, 9.64289],
			"rotation": {"angle": 45, "axis": "y", "origin": [8, 7.1, 8.04289]},
			"faces": {
				"north": {"uv": [3.774, 5.258, 4.508, 5.742], "texture": "#1"},
				"east": {"uv": [4.524, 5.258, 5.258, 5.742], "texture": "#1"},
				"south": {"uv": [4.524, 4.008, 5.258, 4.492], "texture": "#1"},
				"west": {"uv": [3.774, 4.008, 4.508, 4.492], "texture": "#1"},
				"up": {"uv": [4.508, 3.992, 3.774, 3.258], "rotation": 270, "texture": "#1"},
				"down": {"uv": [4.508, 4.508, 3.774, 5.242], "rotation": 90, "texture": "#1"}
			}
		},
		{
			"from": [6.4, 0.1, 6.44289],
			"to": [9.6, -2.1, 9.64289],
			"rotation": {"angle": 45, "axis": "y", "origin": [8, 1.1, 8.04289]},
			"faces": {
				"north": {"uv": [3.774, 5.258, 4.508, 5.742], "texture": "#1"},
				"east": {"uv": [4.524, 5.258, 5.258, 5.742], "texture": "#1"},
				"south": {"uv": [4.524, 4.008, 5.258, 4.492], "texture": "#1"},
				"west": {"uv": [3.774, 4.008, 4.508, 4.492], "texture": "#1"},
				"up": {"uv": [4.508, 3.992, 3.774, 3.258], "rotation": 270, "texture": "#1"},
				"down": {"uv": [4.508, 4.508, 3.774, 5.242], "rotation": 90, "texture": "#1"}
			}
		},
		{
			"from": [9.6, -10.7, 6.44289],
			"to": [6.4, -8.9, 9.64289],
			"rotation": {"angle": 0, "axis": "y", "origin": [11.1, -10, 8.04289]},
			"faces": {
				"north": {"uv": [3.266, 13.508, 4, 13.992], "texture": "#1"},
				"east": {"uv": [5.516, 13.508, 6.25, 13.992], "texture": "#1"},
				"south": {"uv": [4.766, 13.508, 5.5, 13.992], "texture": "#1"},
				"west": {"uv": [4.016, 13.508, 4.75, 13.992], "texture": "#1"},
				"up": {"uv": [5.5, 13.492, 4.766, 12.758], "rotation": 180, "texture": "#1"}
			}
		},
		{
			"from": [9.6, -12.7, 6.44289],
			"to": [6.4, -10.7, 9.64289],
			"rotation": {"angle": 0, "axis": "y", "origin": [11.1, -10, 8.04289]},
			"faces": {
				"east": {"uv": [5.516, 13.508, 6.25, 13.992], "texture": "#1"},
				"west": {"uv": [2, 2, 7, 7], "texture": "#1"}
			}
		},
		{
			"from": [5.9, 20.1, 12],
			"to": [10.1, 15.9, 18],
			"rotation": {"angle": 0, "axis": "y", "origin": [8, 22.1, 15]},
			"faces": {
				"east": {"uv": [11.516, 3.008, 13, 3.992], "texture": "#1"},
				"west": {"uv": [11.516, 4.008, 13, 4.992], "texture": "#1"},
				"up": {"uv": [11.5, 4.492, 10.516, 3.008], "rotation": 180, "texture": "#1"},
				"down": {"uv": [14, 3.008, 13.016, 4.492], "rotation": 180, "texture": "#1"}
			}
		},
		{
			"from": [4.9, 21.1, 4.9],
			"to": [11.1, 14.9, 11.1],
			"rotation": {"angle": 0, "axis": "y", "origin": [8, 24.1, 8]},
			"faces": {
				"north": {"uv": [8.766, 2.5, 10.25, 3.984], "texture": "#1"},
				"east": {"uv": [7.266, 4, 8.75, 5.484], "texture": "#1"},
				"south": {"uv": [5.766, 2.5, 7.25, 3.984], "texture": "#1"},
				"west": {"uv": [7.266, 1, 8.75, 2.484], "texture": "#1"},
				"up": {"uv": [8.75, 3.984, 7.266, 2.5], "rotation": 180, "texture": "#1"},
				"down": {"uv": [8.75, 5.5, 7.266, 6.984], "rotation": 180, "texture": "#1"}
			}
		},
		{
			"from": [3.9, 13.9, 2.1],
			"to": [12.1, 22.1, -2.1],
			"rotation": {"angle": 45, "axis": "z", "origin": [8, 18, 5.1]},
			"faces": {
				"north": {"uv": [0.508, 1, 2.492, 2.984], "texture": "#1"},
				"east": {"uv": [2.516, 1.008, 3.5, 2.992], "texture": "#1"},
				"south": {"uv": [0.508, 3.008, 2.492, 4.992], "texture": "#1"},
				"west": {"uv": [2.516, 3.008, 3.5, 4.992], "texture": "#1"},
				"up": {"uv": [5.492, 1.992, 3.508, 1.008], "texture": "#1"},
				"down": {"uv": [5.492, 2.008, 3.508, 2.992], "texture": "#1"}
			}
		},
		{
			"from": [5.9, 20.1, 3],
			"to": [10.1, 15.9, 5],
			"rotation": {"angle": 0, "axis": "y", "origin": [8, 22.1, 4]},
			"faces": {
				"east": {"uv": [1.5, 6.742, 0.516, 6.258], "rotation": 90, "texture": "#1"},
				"west": {"uv": [1.5, 6.758, 0.516, 7.242], "rotation": 90, "texture": "#1"},
				"up": {"uv": [1.016, 5.258, 1.5, 6.242], "rotation": 90, "texture": "#1"},
				"down": {"uv": [0.516, 5.258, 1, 6.242], "rotation": 90, "texture": "#1"}
			}
		},
		{
			"from": [5.4, 15.4, 19.1],
			"to": [10.6, 20.6, 16.9],
			"rotation": {"angle": 0, "axis": "y", "origin": [8, 18, 20.1]},
			"faces": {
				"north": {"uv": [14.266, 3.008, 15.5, 4.242], "texture": "#1"},
				"east": {"uv": [15.516, 1.758, 16, 2.992], "texture": "#1"},
				"south": {"uv": [14.266, 1.758, 15.5, 2.992], "texture": "#1"},
				"west": {"uv": [15.516, 3.008, 16, 4.242], "texture": "#1"},
				"up": {"uv": [15.5, 1.742, 14.266, 1.258], "texture": "#1"},
				"down": {"uv": [15.5, 4.258, 14.266, 4.742], "texture": "#1"}
			}
		},
		{
			"from": [5.4, 15.4, 12.1],
			"to": [10.6, 20.6, 10.9],
			"rotation": {"angle": 0, "axis": "y", "origin": [8.5, 17.5, 13.1]},
			"faces": {
				"east": {"uv": [12.016, 1.258, 12.25, 2.492], "texture": "#1"},
				"south": {"uv": [10.766, 1.258, 12, 2.492], "texture": "#1"},
				"west": {"uv": [10.516, 1.258, 10.75, 2.492], "texture": "#1"},
				"up": {"uv": [11.75, 1.242, 10.516, 1.008], "texture": "#1"},
				"down": {"uv": [11.75, 2.508, 10.516, 2.742], "texture": "#1"}
			}
		},
		{
			"from": [4.875, 14.875, 4.125],
			"to": [11.125, 21.125, 1.875],
			"rotation": {"angle": -45, "axis": "z", "origin": [8, 18, 5.15]},
			"faces": {
				"north": {"uv": [1.016, 8.008, 2.5, 9.492], "texture": "#1"},
				"east": {"uv": [2.516, 8.008, 3, 9.492], "texture": "#1"},
				"south": {"uv": [1.016, 10.008, 2.5, 11.492], "texture": "#1"},
				"west": {"uv": [0.516, 8.008, 1, 9.492], "texture": "#1"},
				"up": {"uv": [1.016, 7.508, 2.5, 7.992], "texture": "#1"},
				"down": {"uv": [1.016, 9.508, 2.5, 9.992], "texture": "#1"}
			}
		}
	],
	"gui_light": "front",
	"display": {
		"thirdperson_righthand": {
			"translation": [0, 4, 2]
		},
		"firstperson_righthand": {
			"rotation": [0, 7, 0],
			"translation": [0.75, -0.75, 1.75],
			"scale": [0.75, 0.75, 0.75]
		},
		"firstperson_lefthand": {
			"rotation": [0, 7, 0],
			"translation": [0.75, -0.75, 1.75],
			"scale": [0.75, 0.75, 0.75]
		},
		"ground": {
			"rotation": [60, -45, 90],
			"translation": [0, 6.5, 0],
			"scale": [0.5, 0.5, 0.5]
		},
		"gui": {
			"rotation": [90, 45, -90],
			"translation": [-0.25, 0, 0],
			"scale": [0.45, 0.45, 0.45]
		},
		"fixed": {
			"rotation": [90, -45, 90],
			"scale": [0.5, 0.5, 0.5]
		}
	},
	"groups": [
		{
			"name": "group",
			"origin": [8.5, 17.5, 14],
			"color": 0,
			"children": [
				{
					"name": "Handle",
					"origin": [8.5, 17.5, 14],
					"color": 0,
					"children": [0, 1, 2, 3, 4, 5, 6, 7]
				},
				{
					"name": "Head",
					"origin": [8, 8, 8],
					"color": 0,
					"children": [8, 9, 10, 11, 12, 13, 14]
				}
			]
		}
	]
}