{
	"format_version": "1.21.6",
	"credit": "Made with Blockbench",
	"texture_size": [32, 32],
	"textures": {
		"1": "item/rethoughted_spawn_eggs/allay_spawn_egg_3d",
		"particle": "item/rethoughted_spawn_eggs/allay_spawn_egg_3d"
	},
	"elements": [
		{
			"from": [5, 0, 5],
			"to": [11, 7, 11],
			"rotation": {"angle": 0, "axis": "y", "origin": [5, 0, 5]},
			"faces": {
				"north": {"uv": [0, 6.5, 3, 10], "texture": "#1"},
				"east": {"uv": [3, 6.5, 6, 10], "texture": "#1"},
				"south": {"uv": [6, 6.5, 9, 10], "texture": "#1"},
				"west": {"uv": [8, 0, 11, 3.5], "texture": "#1"},
				"up": {"uv": [11, 6.5, 8, 3.5], "texture": "#1"},
				"down": {"uv": [12, 6.5, 9, 9.5], "texture": "#1"}
			}
		},
		{
			"from": [-2, 1, 10],
			"to": [6, 6, 10],
			"rotation": {"angle": 40, "axis": "y", "origin": [6, 6, 10]},
			"faces": {
				"north": {"uv": [4, 4, 0, 6.5], "texture": "#1"},
				"east": {"uv": [4, 4, 4, 6.5], "texture": "#1"},
				"south": {"uv": [8, 4, 4, 6.5], "texture": "#1"},
				"west": {"uv": [0, 4, 0, 6.5], "texture": "#1"},
				"up": {"uv": [0, 4, 4, 4], "texture": "#1"},
				"down": {"uv": [4, 4, 8, 4], "texture": "#1"}
			}
		},
		{
			"from": [10, 1, 10],
			"to": [18, 6, 10],
			"rotation": {"angle": -40, "axis": "y", "origin": [10, 6, 10]},
			"faces": {
				"north": {"uv": [0, 4, 4, 6.5], "texture": "#1"},
				"east": {"uv": [0, 4, 0, 6.5], "texture": "#1"},
				"south": {"uv": [4, 4, 8, 6.5], "texture": "#1"},
				"west": {"uv": [4, 4, 4, 6.5], "texture": "#1"},
				"up": {"uv": [4, 4, 0, 4], "texture": "#1"},
				"down": {"uv": [8, 4, 4, 4], "texture": "#1"}
			}
		}
	],
	"display": {
		"thirdperson_righthand": {
			"rotation": [-180, 0, -180],
			"translation": [0, 4, 1],
			"scale": [0.55, 0.55, 0.55]
		},
		"thirdperson_lefthand": {
			"rotation": [-180, 0, -180],
			"translation": [0, 4, 1],
			"scale": [0.55, 0.55, 0.55]
		},
		"firstperson_righthand": {
			"rotation": [-180, 0, -180],
			"translation": [-2.12, 7.45, 1.13],
			"scale": [0.68, 0.68, 0.68]
		},
		"firstperson_lefthand": {
			"rotation": [-180, 0, -180],
			"translation": [-2.12, 7.45, 1.13],
			"scale": [0.68, 0.68, 0.68]
		},
		"ground": {
			"rotation": [128, -180, 0],
			"translation": [0, -1, 1.75],
			"scale": [0.5, 0.5, 0.5]
		},
		"gui": {
			"rotation": [27, 146, 0],
			"translation": [0, 6, 0],
			"scale": [1.5, 1.5, 1.5]
		},
		"head": {
			"translation": [0, 14.5, 0.25]
		},
		"fixed": {
			"translation": [0, 6.5, 0.75],
			"scale": [1.5, 1.5, 1.5]
		}
	},
	"groups": [
		{
			"name": "base",
			"origin": [8, 8, 8],
			"color": 0,
			"children": [
				0,
				{
					"name": "wings",
					"origin": [8, 8, 8],
					"color": 0,
					"children": [
						{
							"name": "left_wing",
							"origin": [-0.5, 6, 1],
							"color": 0,
							"children": [1]
						},
						{
							"name": "right_wing",
							"origin": [-0.5, 6, 1],
							"color": 0,
							"children": [2]
						}
					]
				}
			]
		}
	]
}