{
	"format_version": "1.21.6",
	"credit": "Made with Blockbench",
	"texture_size": [32, 32],
	"textures": {
		"2": "item/rethoughted_spawn_eggs/armadillo_spawn_egg_3d",
		"particle": "item/rethoughted_spawn_eggs/armadillo_spawn_egg_3d"
	},
	"elements": [
		{
			"from": [5, 0, 5],
			"to": [11, 7, 11],
			"rotation": {"angle": 0, "axis": "y", "origin": [5, 0, 5]},
			"faces": {
				"north": {"uv": [2, 4, 5, 7.5], "texture": "#2"},
				"east": {"uv": [5, 0, 8, 3.5], "texture": "#2"},
				"south": {"uv": [5, 3.5, 8, 7], "texture": "#2"},
				"west": {"uv": [5, 7, 8, 10.5], "texture": "#2"},
				"up": {"uv": [3, 10.5, 0, 7.5], "texture": "#2"},
				"down": {"uv": [11, 0, 8, 3], "texture": "#2"}
			}
		},
		{
			"from": [6.5, 0.93, 4.35],
			"to": [9.5, 6.93, 6.35],
			"rotation": {"angle": 12.5, "axis": "x", "origin": [8, 4, 5]},
			"faces": {
				"north": {"uv": [1, 1, 2.5, 4], "texture": "#2"},
				"east": {"uv": [0, 1, 1, 4], "texture": "#2"},
				"south": {"uv": [3.5, 1, 5, 4], "texture": "#2"},
				"west": {"uv": [2.5, 1, 3.5, 4], "texture": "#2"},
				"up": {"uv": [2.5, 1, 1, 0], "texture": "#2"},
				"down": {"uv": [4, 0, 2.5, 1], "texture": "#2"}
			}
		},
		{
			"from": [3, 4, 8],
			"to": [5, 9, 8],
			"rotation": {"angle": 0, "axis": "y", "origin": [0, -1, 0]},
			"faces": {
				"north": {"uv": [0, 4, 1, 6.5], "texture": "#2"},
				"east": {"uv": [0, 4, 0, 6.5], "texture": "#2"},
				"south": {"uv": [1, 4, 2, 6.5], "texture": "#2"},
				"west": {"uv": [1, 4, 1, 6.5], "texture": "#2"},
				"up": {"uv": [1, 4, 0, 4], "texture": "#2"},
				"down": {"uv": [2, 4, 1, 4], "texture": "#2"}
			}
		},
		{
			"from": [11, 4, 8],
			"to": [13, 9, 8],
			"rotation": {"angle": 0, "axis": "y", "origin": [0, -1, 0]},
			"faces": {
				"north": {"uv": [1, 4, 0, 6.5], "texture": "#2"},
				"east": {"uv": [1, 4, 1, 6.5], "texture": "#2"},
				"south": {"uv": [2, 4, 1, 6.5], "texture": "#2"},
				"west": {"uv": [0, 4, 0, 6.5], "texture": "#2"},
				"up": {"uv": [0, 4, 1, 4], "texture": "#2"},
				"down": {"uv": [1, 4, 2, 4], "texture": "#2"}
			}
		}
	],
	"display": {
		"thirdperson_righthand": {
			"rotation": [-180, 0, -180],
			"translation": [0, 4, 1],
			"scale": [0.55, 0.55, 0.55]
		},
		"thirdperson_lefthand": {
			"rotation": [-180, 0, -180],
			"translation": [0, 4, 1],
			"scale": [0.55, 0.55, 0.55]
		},
		"firstperson_righthand": {
			"rotation": [-180, 0, -180],
			"translation": [-2.12, 7.45, 1.13],
			"scale": [0.68, 0.68, 0.68]
		},
		"firstperson_lefthand": {
			"rotation": [-180, 0, -180],
			"translation": [-2.12, 7.45, 1.13],
			"scale": [0.68, 0.68, 0.68]
		},
		"ground": {
			"rotation": [128, -180, 0],
			"translation": [0, -1, 1.75],
			"scale": [0.5, 0.5, 0.5]
		},
		"gui": {
			"rotation": [27, 146, 0],
			"translation": [0, 6, 0],
			"scale": [1.5, 1.5, 1.5]
		},
		"head": {
			"translation": [0, 14.5, 0.25]
		},
		"fixed": {
			"translation": [0, 6.5, 0.75],
			"scale": [1.5, 1.5, 1.5]
		}
	},
	"groups": [
		{
			"name": "base",
			"origin": [8, 8, 8],
			"color": 0,
			"children": [
				0,
				{
					"name": "head",
					"origin": [8, 8, 8],
					"color": 0,
					"children": [1]
				},
				{
					"name": "ears",
					"origin": [8, 8, 8],
					"color": 0,
					"children": [
						{
							"name": "left",
							"origin": [8, 8, 8],
							"color": 0,
							"children": [2]
						},
						{
							"name": "right",
							"origin": [8, 8, 8],
							"color": 0,
							"children": [3]
						}
					]
				}
			]
		}
	]
}