{
	"format_version": "1.21.6",
	"credit": "Made with Blockbench",
	"texture_size": [32, 32],
	"textures": {
		"1": "item/rethoughted_spawn_eggs/donkey_spawn_egg_3d",
		"particle": "item/rethoughted_spawn_eggs/donkey_spawn_egg_3d"
	},
	"elements": [
		{
			"from": [5, 0, 5],
			"to": [11, 7, 11],
			"rotation": {"angle": 0, "axis": "y", "origin": [5, 0, 5]},
			"faces": {
				"north": {"uv": [0, 0, 3, 3.5], "texture": "#1"},
				"east": {"uv": [3, 0, 6, 3.5], "texture": "#1"},
				"south": {"uv": [0, 3.5, 3, 7], "texture": "#1"},
				"west": {"uv": [3, 3.5, 6, 7], "texture": "#1"},
				"up": {"uv": [9, 3, 6, 0], "texture": "#1"},
				"down": {"uv": [9, 3, 6, 6], "texture": "#1"}
			}
		},
		{
			"from": [6, 0, 3],
			"to": [10, 3, 5],
			"rotation": {"angle": 0, "axis": "y", "origin": [7, 0, 3]},
			"faces": {
				"north": {"uv": [1, 7, 3, 8.5], "texture": "#1"},
				"east": {"uv": [1.5, 8.5, 2.5, 10], "texture": "#1"},
				"south": {"uv": [3, 7, 5, 8.5], "texture": "#1"},
				"west": {"uv": [2.5, 8.5, 3.5, 10], "texture": "#1"},
				"up": {"uv": [9, 7, 7, 6], "texture": "#1"},
				"down": {"uv": [9, 7, 7, 8], "texture": "#1"}
			}
		},
		{
			"from": [9, 6, 8],
			"to": [11, 10, 9],
			"rotation": {"angle": -15, "axis": "z", "origin": [10, 6, 8]},
			"faces": {
				"north": {"uv": [6, 7, 5, 9], "texture": "#1"},
				"east": {"uv": [4.5, 8.5, 5, 10.5], "texture": "#1"},
				"south": {"uv": [8, 8, 7, 10], "texture": "#1"},
				"west": {"uv": [9, 0, 9.5, 2], "texture": "#1"},
				"up": {"uv": [10, 3.5, 9, 3], "texture": "#1"},
				"down": {"uv": [10, 3.5, 9, 4], "texture": "#1"}
			}
		},
		{
			"from": [5, 6, 8],
			"to": [7, 10, 9],
			"rotation": {"angle": 15, "axis": "z", "origin": [6, 6, 8]},
			"faces": {
				"north": {"uv": [5, 7, 6, 9], "texture": "#1"},
				"east": {"uv": [9, 0, 9.5, 2], "texture": "#1"},
				"south": {"uv": [7, 8, 8, 10], "texture": "#1"},
				"west": {"uv": [4.5, 8.5, 5, 10.5], "texture": "#1"},
				"up": {"uv": [9, 3, 10, 3.5], "texture": "#1"},
				"down": {"uv": [9, 3.5, 10, 4], "texture": "#1"}
			}
		},
		{
			"from": [7, 0, 11],
			"to": [9, 8, 12],
			"rotation": {"angle": 0, "axis": "y", "origin": [7, 6, 10]},
			"faces": {
				"north": {"uv": [6, 6, 7, 10], "texture": "#1"},
				"east": {"uv": [8, 8, 8.5, 12], "texture": "#1"},
				"south": {"uv": [0, 7, 1, 11], "texture": "#1"},
				"west": {"uv": [1, 8.5, 1.5, 12.5], "texture": "#1"},
				"up": {"uv": [10, 4.5, 9, 4], "texture": "#1"},
				"down": {"uv": [10, 4.5, 9, 5], "texture": "#1"}
			}
		},
		{
			"from": [7, 7, 8],
			"to": [9, 8, 11],
			"rotation": {"angle": 0, "axis": "y", "origin": [7, 6, 10]},
			"faces": {
				"north": {"uv": [5, 9, 6, 9.5], "texture": "#1"},
				"east": {"uv": [9, 2, 10.5, 2.5], "texture": "#1"},
				"south": {"uv": [9, 5, 10, 5.5], "texture": "#1"},
				"west": {"uv": [9, 2.5, 10.5, 3], "texture": "#1"},
				"up": {"uv": [4.5, 10, 3.5, 8.5], "texture": "#1"},
				"down": {"uv": [9.5, 8, 8.5, 9.5], "texture": "#1"}
			}
		}
	],
	"display": {
		"thirdperson_righthand": {
			"rotation": [-180, 0, -180],
			"translation": [0, 4, 1],
			"scale": [0.55, 0.55, 0.55]
		},
		"thirdperson_lefthand": {
			"rotation": [-180, 0, -180],
			"translation": [0, 4, 1],
			"scale": [0.55, 0.55, 0.55]
		},
		"firstperson_righthand": {
			"rotation": [-180, 0, -180],
			"translation": [-2.12, 7.45, 1.13],
			"scale": [0.68, 0.68, 0.68]
		},
		"firstperson_lefthand": {
			"rotation": [-180, 0, -180],
			"translation": [-2.12, 7.45, 1.13],
			"scale": [0.68, 0.68, 0.68]
		},
		"ground": {
			"rotation": [128, -180, 0],
			"translation": [0, -1, 1.75],
			"scale": [0.5, 0.5, 0.5]
		},
		"gui": {
			"rotation": [27, 146, 0],
			"translation": [0, 6, 0],
			"scale": [1.5, 1.5, 1.5]
		},
		"head": {
			"translation": [0, 14.5, 0.25]
		},
		"fixed": {
			"translation": [0, 6.5, 0.75],
			"scale": [1.5, 1.5, 1.5]
		}
	},
	"groups": [
		{
			"name": "base",
			"origin": [8, 8, 8],
			"color": 0,
			"children": [
				0,
				{
					"name": "mouth",
					"origin": [8, 8, 8],
					"color": 0,
					"children": [1]
				},
				{
					"name": "ears",
					"origin": [8, 8, 8],
					"color": 0,
					"children": [
						{
							"name": "right",
							"origin": [8, 8, 8],
							"color": 0,
							"children": [2]
						},
						{
							"name": "left",
							"origin": [8, 8, 8],
							"color": 0,
							"children": [3]
						}
					]
				},
				{
					"name": "mane",
					"origin": [8, 8, 8],
					"color": 0,
					"children": [4, 5]
				}
			]
		}
	]
}