{
	"format_version": "1.21.6",
	"credit": "Made with Blockbench",
	"texture_size": [32, 32],
	"textures": {
		"1": "item/rethoughted_spawn_eggs/elder_guardian_spawn_egg_3d",
		"particle": "item/rethoughted_spawn_eggs/elder_guardian_spawn_egg_3d"
	},
	"elements": [
		{
			"from": [5, 0, 5],
			"to": [11, 7, 11],
			"rotation": {"angle": 0, "axis": "y", "origin": [5, 0, 5]},
			"faces": {
				"north": {"uv": [3, 0, 0, 3.5], "texture": "#1"},
				"east": {"uv": [6, 0, 3, 3.5], "texture": "#1"},
				"south": {"uv": [3, 3.5, 0, 7], "texture": "#1"},
				"west": {"uv": [6, 3.5, 3, 7], "texture": "#1"},
				"up": {"uv": [6, 3, 9, 0], "texture": "#1"},
				"down": {"uv": [6, 3, 9, 6], "texture": "#1"}
			}
		},
		{
			"from": [7, 3, 2],
			"to": [9, 5, 5],
			"rotation": {"angle": 0, "axis": "y", "origin": [8, 4, 5]},
			"faces": {
				"north": {"uv": [3.5, 7, 4.5, 8], "texture": "#1"},
				"east": {"uv": [6, 6, 7.5, 7], "texture": "#1"},
				"south": {"uv": [4.5, 7, 5.5, 8], "texture": "#1"},
				"west": {"uv": [0, 7, 1.5, 8], "texture": "#1"},
				"up": {"uv": [2.5, 8.5, 1.5, 7], "texture": "#1"},
				"down": {"uv": [3.5, 7, 2.5, 8.5], "texture": "#1"}
			}
		},
		{
			"from": [7, 3, 11],
			"to": [9, 5, 14],
			"rotation": {"angle": 0, "axis": "y", "origin": [8, 4, 11]},
			"faces": {
				"north": {"uv": [4.5, 7, 5.5, 8], "texture": "#1"},
				"east": {"uv": [0, 7, 1.5, 8], "texture": "#1"},
				"south": {"uv": [3.5, 7, 4.5, 8], "texture": "#1"},
				"west": {"uv": [6, 6, 7.5, 7], "texture": "#1"},
				"up": {"uv": [2.5, 8.5, 1.5, 7], "rotation": 180, "texture": "#1"},
				"down": {"uv": [3.5, 7, 2.5, 8.5], "rotation": 180, "texture": "#1"}
			}
		},
		{
			"from": [11, 3, 7],
			"to": [14, 5, 9],
			"rotation": {"angle": 0, "axis": "y", "origin": [11, 4, 8]},
			"faces": {
				"north": {"uv": [0, 7, 1.5, 8], "texture": "#1"},
				"east": {"uv": [3.5, 7, 4.5, 8], "texture": "#1"},
				"south": {"uv": [6, 6, 7.5, 7], "texture": "#1"},
				"west": {"uv": [4.5, 7, 5.5, 8], "texture": "#1"},
				"up": {"uv": [2.5, 8.5, 1.5, 7], "rotation": 90, "texture": "#1"},
				"down": {"uv": [3.5, 7, 2.5, 8.5], "rotation": 270, "texture": "#1"}
			}
		},
		{
			"from": [2, 3, 7],
			"to": [5, 5, 9],
			"rotation": {"angle": 0, "axis": "y", "origin": [5, 4, 8]},
			"faces": {
				"north": {"uv": [6, 6, 7.5, 7], "texture": "#1"},
				"east": {"uv": [4.5, 7, 5.5, 8], "texture": "#1"},
				"south": {"uv": [0, 7, 1.5, 8], "texture": "#1"},
				"west": {"uv": [3.5, 7, 4.5, 8], "texture": "#1"},
				"up": {"uv": [2.5, 8.5, 1.5, 7], "rotation": 270, "texture": "#1"},
				"down": {"uv": [3.5, 7, 2.5, 8.5], "rotation": 90, "texture": "#1"}
			}
		}
	],
	"display": {
		"thirdperson_righthand": {
			"rotation": [-180, 0, -180],
			"translation": [0, 4, 1],
			"scale": [0.55, 0.55, 0.55]
		},
		"thirdperson_lefthand": {
			"rotation": [-180, 0, -180],
			"translation": [0, 4, 1],
			"scale": [0.55, 0.55, 0.55]
		},
		"firstperson_righthand": {
			"rotation": [-180, 0, -180],
			"translation": [-2.12, 7.45, 1.13],
			"scale": [0.68, 0.68, 0.68]
		},
		"firstperson_lefthand": {
			"rotation": [-180, 0, -180],
			"translation": [-2.12, 7.45, 1.13],
			"scale": [0.68, 0.68, 0.68]
		},
		"ground": {
			"rotation": [128, -180, 0],
			"translation": [0, -1, 1.75],
			"scale": [0.5, 0.5, 0.5]
		},
		"gui": {
			"rotation": [27, 146, 0],
			"translation": [0, 6, 0],
			"scale": [1.5, 1.5, 1.5]
		},
		"head": {
			"translation": [0, 14.5, 0.25]
		},
		"fixed": {
			"translation": [0, 6.5, 0.75],
			"scale": [1.5, 1.5, 1.5]
		}
	},
	"groups": [
		{
			"name": "base",
			"origin": [8, 8, 8],
			"color": 0,
			"children": [
				0,
				{
					"name": "spikes",
					"origin": [8, 8, 8],
					"color": 0,
					"children": [
						{
							"name": "front",
							"origin": [8, 8, 8],
							"color": 0,
							"children": [1]
						},
						{
							"name": "back",
							"origin": [8, 8, 8],
							"color": 0,
							"children": [2]
						},
						{
							"name": "right",
							"origin": [8, 8, 8],
							"color": 0,
							"children": [3]
						},
						{
							"name": "left",
							"origin": [8, 8, 8],
							"color": 0,
							"children": [4]
						}
					]
				}
			]
		}
	]
}