{
	"format_version": "1.21.6",
	"credit": "Made with Blockbench",
	"texture_size": [32, 32],
	"textures": {
		"2": "item/rethoughted_spawn_eggs/ender_dragon_spawn_egg_3d"
	},
	"elements": [
		{
			"from": [5, 0, 5],
			"to": [11, 7, 11],
			"rotation": {"angle": 0, "axis": "y", "origin": [5, 0, 5]},
			"faces": {
				"north": {"uv": [0, 0, 3, 3.5], "texture": "#2"},
				"east": {"uv": [3, 0, 6, 3.5], "texture": "#2"},
				"south": {"uv": [0, 3.5, 3, 7], "texture": "#2"},
				"west": {"uv": [3, 3.5, 6, 7], "texture": "#2"},
				"up": {"uv": [9, 3, 6, 0], "texture": "#2"},
				"down": {"uv": [9, 3, 6, 6], "texture": "#2"}
			}
		},
		{
			"from": [6, 2, 2],
			"to": [10, 4, 5],
			"rotation": {"angle": 0, "axis": "y", "origin": [7, 1, 3]},
			"faces": {
				"north": {"uv": [2, 7, 4, 8], "texture": "#2"},
				"east": {"uv": [6, 7.5, 7.5, 8.5], "texture": "#2"},
				"south": {"uv": [4, 7, 6, 8], "texture": "#2"},
				"west": {"uv": [7.5, 7.5, 9, 8.5], "texture": "#2"},
				"up": {"uv": [8, 7.5, 6, 6], "texture": "#2"},
				"down": {"uv": [2, 7, 0, 8.5], "texture": "#2"}
			}
		},
		{
			"from": [6, 1, 2],
			"to": [10, 2, 5],
			"rotation": {"angle": -20, "axis": "x", "origin": [8, 2, 5]},
			"faces": {
				"north": {"uv": [8, 6, 10, 6.5], "texture": "#2"},
				"east": {"uv": [8, 7, 9.5, 7.5], "texture": "#2"},
				"south": {"uv": [8, 6.5, 10, 7], "texture": "#2"},
				"west": {"uv": [1, 8.5, 2.5, 9], "texture": "#2"},
				"up": {"uv": [8, 10, 6, 8.5], "texture": "#2"},
				"down": {"uv": [3, 9, 1, 10.5], "texture": "#2"}
			}
		},
		{
			"from": [6, 7, 6],
			"to": [7, 8, 10],
			"rotation": {"angle": 0, "axis": "y", "origin": [5, 7, 7]},
			"faces": {
				"north": {"uv": [2.5, 8.5, 3, 9], "texture": "#2"},
				"east": {"uv": [4, 8, 2, 8.5], "texture": "#2"},
				"south": {"uv": [3, 8.5, 3.5, 9], "texture": "#2"},
				"west": {"uv": [6, 8, 4, 8.5], "texture": "#2"},
				"up": {"uv": [0.5, 8.5, 0, 10.5], "texture": "#2"},
				"down": {"uv": [1, 8.5, 0.5, 10.5], "texture": "#2"}
			}
		},
		{
			"from": [9, 7, 6],
			"to": [10, 8, 10],
			"rotation": {"angle": 0, "axis": "y", "origin": [8, 7, 7]},
			"faces": {
				"north": {"uv": [2.5, 8.5, 3, 9], "texture": "#2"},
				"east": {"uv": [4, 8, 6, 8.5], "texture": "#2"},
				"south": {"uv": [3, 8.5, 3.5, 9], "texture": "#2"},
				"west": {"uv": [2, 8, 4, 8.5], "texture": "#2"},
				"up": {"uv": [0, 8.5, 0.5, 10.5], "texture": "#2"},
				"down": {"uv": [0.5, 8.5, 1, 10.5], "texture": "#2"}
			}
		}
	],
	"display": {
		"thirdperson_righthand": {
			"rotation": [-180, 0, -180],
			"translation": [0, 4, 1],
			"scale": [0.55, 0.55, 0.55]
		},
		"thirdperson_lefthand": {
			"rotation": [-180, 0, -180],
			"translation": [0, 4, 1],
			"scale": [0.55, 0.55, 0.55]
		},
		"firstperson_righthand": {
			"rotation": [-180, 0, -180],
			"translation": [-2.12, 7.45, 1.13],
			"scale": [0.68, 0.68, 0.68]
		},
		"firstperson_lefthand": {
			"rotation": [-180, 0, -180],
			"translation": [-2.12, 7.45, 1.13],
			"scale": [0.68, 0.68, 0.68]
		},
		"ground": {
			"rotation": [128, -180, 0],
			"translation": [0, -1, 1.75],
			"scale": [0.5, 0.5, 0.5]
		},
		"gui": {
			"rotation": [27, 146, 0],
			"translation": [0, 6, 0],
			"scale": [1.5, 1.5, 1.5]
		},
		"head": {
			"translation": [0, 14.5, 0.25]
		},
		"fixed": {
			"translation": [0, 6.5, 0.75],
			"scale": [1.5, 1.5, 1.5]
		}
	},
	"groups": [
		{
			"name": "base",
			"origin": [8, 8, 8],
			"color": 0,
			"children": [
				0,
				{
					"name": "mouth",
					"origin": [8, 8, 8],
					"color": 0,
					"children": [
						1,
						{
							"name": "bottom_part",
							"origin": [8, 8, 8],
							"color": 0,
							"children": [2]
						}
					]
				},
				{
					"name": "horns",
					"origin": [8, 8, 8],
					"color": 0,
					"children": [
						{
							"name": "left",
							"origin": [8, 8, 8],
							"color": 0,
							"children": [3]
						},
						{
							"name": "right",
							"origin": [8, 8, 8],
							"color": 0,
							"children": [4]
						}
					]
				}
			]
		}
	]
}