{
	"format_version": "1.21.6",
	"credit": "Made with Blockbench",
	"texture_size": [32, 32],
	"textures": {
		"2": "item/rethoughted_spawn_eggs/endermite_spawn_egg_3d",
		"3": "item/rethoughted_spawn_eggs/endermite_spawn_egg_particles_3d"
	},
	"elements": [
		{
			"from": [5, 0, 5],
			"to": [11, 7, 11],
			"rotation": {"angle": 0, "axis": "z", "origin": [5, 0, 5]},
			"faces": {
				"north": {"uv": [0, 0, 3, 3.5], "texture": "#2"},
				"east": {"uv": [3, 0, 6, 3.5], "texture": "#2"},
				"south": {"uv": [0, 3.5, 3, 7], "texture": "#2"},
				"west": {"uv": [3, 3.5, 6, 7], "texture": "#2"},
				"up": {"uv": [9, 3, 6, 0], "texture": "#2"},
				"down": {"uv": [9, 3, 6, 6], "texture": "#2"}
			}
		},
		{
			"from": [4.75, 1.75, 4.75],
			"to": [11.25, 5.25, 4.75],
			"rotation": {"angle": 0, "axis": "z", "origin": [7, 0, 3]},
			"faces": {
				"north": {"uv": [6, 6, 9.5, 8], "texture": "#2"},
				"east": {"uv": [0, 0, 0, 2], "texture": "#2"},
				"south": {"uv": [6, 6, 9.5, 8], "texture": "#2"},
				"west": {"uv": [0, 0, 0, 2], "texture": "#2"},
				"up": {"uv": [3.5, 0, 0, 0], "texture": "#2"},
				"down": {"uv": [0, 0, 3.5, 0], "texture": "#2"}
			}
		},
		{
			"from": [4.75, 1.75, 11.25],
			"to": [11.25, 5.25, 11.25],
			"rotation": {"angle": 0, "axis": "z", "origin": [7, 0, 9]},
			"faces": {
				"north": {"uv": [0, 7, 3.5, 9], "texture": "#2"},
				"east": {"uv": [0, 0, 0, 2], "texture": "#2"},
				"south": {"uv": [0, 7, 3.5, 9], "texture": "#2"},
				"west": {"uv": [0, 0, 0, 2], "texture": "#2"},
				"up": {"uv": [0, 0, 3.5, 0], "texture": "#2"},
				"down": {"uv": [0, 0, 3.5, 0], "texture": "#2"}
			}
		},
		{
			"from": [4.75, 1.75, 4.75],
			"to": [4.75, 5.25, 11.25],
			"rotation": {"angle": 0, "axis": "z", "origin": [-1, 0, -1]},
			"faces": {
				"north": {"uv": [0, 0, 0, 2], "texture": "#2"},
				"east": {"uv": [3.5, 8, 7, 10], "texture": "#2"},
				"south": {"uv": [0, 0, 0, 2], "texture": "#2"},
				"west": {"uv": [3.5, 8, 7, 10], "texture": "#2"},
				"up": {"uv": [0, 3.5, 0, 0], "texture": "#2"},
				"down": {"uv": [0, 0, 0, 3.5], "texture": "#2"}
			}
		},
		{
			"from": [11.25, 1.75, 4.75],
			"to": [11.25, 5.25, 11.25],
			"rotation": {"angle": 0, "axis": "z", "origin": [5, 0, -1]},
			"faces": {
				"north": {"uv": [0, 0, 0, 2], "texture": "#2"},
				"east": {"uv": [7, 8, 10.5, 10], "texture": "#2"},
				"south": {"uv": [0, 0, 0, 2], "texture": "#2"},
				"west": {"uv": [7, 8, 10.5, 10], "texture": "#2"},
				"up": {"uv": [0, 0, 0, 3.5], "texture": "#2"},
				"down": {"uv": [0, 0, 0, 3.5], "texture": "#2"}
			}
		},
		{
			"from": [4.5, -0.5, 4.5],
			"to": [11.5, 1.5, 4.5],
			"light_emission": 7,
			"rotation": {"angle": 0, "axis": "y", "origin": [7, -2, 3]},
			"faces": {
				"north": {"uv": [0, 7, 7, 9], "texture": "#3"},
				"east": {"uv": [0, 0, 0, 2], "texture": "#3"},
				"south": {"uv": [7, 7, 0, 9], "texture": "#3"},
				"west": {"uv": [0, 0, 0, 2], "texture": "#3"},
				"up": {"uv": [7, 0, 0, 0], "texture": "#3"},
				"down": {"uv": [0, 0, 7, 0], "texture": "#3"}
			}
		},
		{
			"from": [4.5, -0.5, 11.5],
			"to": [11.5, 1.5, 11.5],
			"light_emission": 7,
			"rotation": {"angle": 0, "axis": "y", "origin": [7, -2, 16]},
			"faces": {
				"north": {"uv": [7, 0, 14, 2], "texture": "#3"},
				"east": {"uv": [0, 0, 0, 2], "texture": "#3"},
				"south": {"uv": [7, 0, 14, 2], "texture": "#3"},
				"west": {"uv": [0, 0, 0, 2], "texture": "#3"},
				"up": {"uv": [0, 0, 7, 0], "texture": "#3"},
				"down": {"uv": [0, 0, 7, 0], "texture": "#3"}
			}
		},
		{
			"from": [4.5, -0.5, 4.5],
			"to": [4.5, 1.5, 11.5],
			"light_emission": 7,
			"rotation": {"angle": 0, "axis": "y", "origin": [-1, -2, -1]},
			"faces": {
				"north": {"uv": [0, 0, 0, 2], "texture": "#3"},
				"east": {"uv": [7, 2, 14, 4], "texture": "#3"},
				"south": {"uv": [0, 0, 0, 2], "texture": "#3"},
				"west": {"uv": [7, 2, 14, 4], "texture": "#3"},
				"up": {"uv": [0, 7, 0, 0], "texture": "#3"},
				"down": {"uv": [0, 0, 0, 7], "texture": "#3"}
			}
		},
		{
			"from": [11.5, -0.5, 4.5],
			"to": [11.5, 1.5, 11.5],
			"light_emission": 7,
			"rotation": {"angle": 0, "axis": "y", "origin": [5, -2, -1]},
			"faces": {
				"north": {"uv": [0, 0, 0, 2], "texture": "#3"},
				"east": {"uv": [7, 4, 14, 6], "texture": "#3"},
				"south": {"uv": [0, 0, 0, 2], "texture": "#3"},
				"west": {"uv": [14, 4, 7, 6], "texture": "#3"},
				"up": {"uv": [0, 0, 0, 7], "texture": "#3"},
				"down": {"uv": [0, 0, 0, 7], "texture": "#3"}
			}
		},
		{
			"from": [4.5, -0.5, 4.5],
			"to": [11.5, -0.5, 11.5],
			"light_emission": 7,
			"rotation": {"angle": 0, "axis": "y", "origin": [4, -1, 4]},
			"faces": {
				"north": {"uv": [0, 0, 7, 0], "texture": "#3"},
				"east": {"uv": [0, 0, 7, 0], "texture": "#3"},
				"south": {"uv": [0, 0, 7, 0], "texture": "#3"},
				"west": {"uv": [0, 0, 7, 0], "texture": "#3"},
				"up": {"uv": [7, 7, 0, 0], "texture": "#3"},
				"down": {"uv": [0, 0, 7, 7], "texture": "#3"}
			}
		}
	],
	"display": {
		"thirdperson_righthand": {
			"rotation": [-180, 0, -180],
			"translation": [0, 4, 1],
			"scale": [0.55, 0.55, 0.55]
		},
		"thirdperson_lefthand": {
			"rotation": [-180, 0, -180],
			"translation": [0, 4, 1],
			"scale": [0.55, 0.55, 0.55]
		},
		"firstperson_righthand": {
			"rotation": [-180, 0, -180],
			"translation": [-2.12, 7.45, 1.13],
			"scale": [0.68, 0.68, 0.68]
		},
		"firstperson_lefthand": {
			"rotation": [-180, 0, -180],
			"translation": [-2.12, 7.45, 1.13],
			"scale": [0.68, 0.68, 0.68]
		},
		"ground": {
			"rotation": [128, -180, 0],
			"translation": [0, -1, 1.75],
			"scale": [0.5, 0.5, 0.5]
		},
		"gui": {
			"rotation": [27, 146, 0],
			"translation": [0, 6, 0],
			"scale": [1.5, 1.5, 1.5]
		},
		"head": {
			"translation": [0, 14.5, 0.25]
		},
		"fixed": {
			"translation": [0, 6.5, 0.75],
			"scale": [1.5, 1.5, 1.5]
		}
	},
	"groups": [
		{
			"name": "base",
			"origin": [8, 8, 8],
			"color": 0,
			"children": [
				0,
				{
					"name": "second_layer",
					"origin": [8, 8, 8],
					"color": 0,
					"children": [
						{
							"name": "idk_what_is_this_actually",
							"origin": [8, 8, 8],
							"color": 0,
							"children": [1, 2, 3, 4]
						}
					]
				},
				{
					"name": "end_particle_thing",
					"origin": [8, 8, 8],
					"color": 0,
					"children": [5, 6, 7, 8, 9]
				}
			]
		}
	]
}