{
	"format_version": "1.21.6",
	"credit": "Made with Blockbench",
	"texture_size": [32, 32],
	"textures": {
		"4": "item/rethoughted_spawn_eggs/frog_spawn_egg_3d"
	},
	"elements": [
		{
			"from": [5, 0, 5],
			"to": [11, 7, 11],
			"rotation": {"angle": 0, "axis": "y", "origin": [5, 0, 5]},
			"faces": {
				"north": {"uv": [6, 7, 9, 10.5], "texture": "#4"},
				"east": {"uv": [0, 8, 3, 11.5], "texture": "#4"},
				"south": {"uv": [3, 8, 6, 11.5], "texture": "#4"},
				"west": {"uv": [9, 0, 12, 3.5], "texture": "#4"},
				"up": {"uv": [12, 10, 9, 7], "texture": "#4"},
				"down": {"uv": [13, 3.5, 10, 6.5], "texture": "#4"}
			}
		},
		{
			"from": [3.5, -0.01, 5.5],
			"to": [5.5, 1.99, 7.5],
			"rotation": {"angle": 0, "axis": "y", "origin": [8, 0, 9]},
			"faces": {
				"north": {"uv": [7, 6, 8, 7], "texture": "#4"},
				"east": {"uv": [6, 6, 7, 7], "texture": "#4"},
				"south": {"uv": [9, 6, 10, 7], "texture": "#4"},
				"west": {"uv": [8, 6, 9, 7], "texture": "#4"},
				"up": {"uv": [8, 6, 7, 5], "texture": "#4"},
				"down": {"uv": [9, 5, 8, 6], "texture": "#4"}
			}
		},
		{
			"from": [3.5, -0.01, 2.5],
			"to": [7.5, -0.01, 7.5],
			"rotation": {"angle": 0, "axis": "y", "origin": [5, 0, 1]},
			"faces": {
				"north": {"uv": [2.5, 2.5, 4.5, 2.5], "texture": "#4"},
				"east": {"uv": [0, 2.5, 2.5, 2.5], "texture": "#4"},
				"south": {"uv": [7, 2.5, 9, 2.5], "texture": "#4"},
				"west": {"uv": [4.5, 2.5, 7, 2.5], "texture": "#4"},
				"up": {"uv": [4.5, 2.5, 2.5, 0], "texture": "#4"},
				"down": {"uv": [6.5, 0, 4.5, 2.5], "texture": "#4"}
			}
		},
		{
			"from": [10.5, -0.01, 5.5],
			"to": [12.5, 1.99, 7.5],
			"rotation": {"angle": 0, "axis": "y", "origin": [15, 0, 9]},
			"faces": {
				"north": {"uv": [8, 6, 7, 7], "texture": "#4"},
				"east": {"uv": [9, 6, 8, 7], "texture": "#4"},
				"south": {"uv": [10, 6, 9, 7], "texture": "#4"},
				"west": {"uv": [7, 6, 6, 7], "texture": "#4"},
				"up": {"uv": [7, 6, 8, 5], "texture": "#4"},
				"down": {"uv": [8, 5, 9, 6], "texture": "#4"}
			}
		},
		{
			"from": [8.5, -0.01, 2.5],
			"to": [12.5, -0.01, 7.5],
			"rotation": {"angle": 0, "axis": "y", "origin": [10, 0, 1]},
			"faces": {
				"north": {"uv": [4.5, 2.5, 2.5, 2.5], "texture": "#4"},
				"east": {"uv": [7, 2.5, 4.5, 2.5], "texture": "#4"},
				"south": {"uv": [9, 2.5, 7, 2.5], "texture": "#4"},
				"west": {"uv": [2.5, 2.5, 0, 2.5], "texture": "#4"},
				"up": {"uv": [2.5, 2.5, 4.5, 0], "texture": "#4"},
				"down": {"uv": [4.5, 0, 6.5, 2.5], "texture": "#4"}
			}
		},
		{
			"from": [3, -0.01, 9],
			"to": [6, 2.99, 12],
			"rotation": {"angle": 0, "axis": "y", "origin": [3, 0, 10]},
			"faces": {
				"north": {"uv": [1.5, 6.5, 3, 8], "texture": "#4"},
				"east": {"uv": [0, 6.5, 1.5, 8], "texture": "#4"},
				"south": {"uv": [4.5, 6.5, 6, 8], "texture": "#4"},
				"west": {"uv": [3, 6.5, 4.5, 8], "texture": "#4"},
				"up": {"uv": [3, 6.5, 1.5, 5], "texture": "#4"},
				"down": {"uv": [4.5, 5, 3, 6.5], "texture": "#4"}
			}
		},
		{
			"from": [1, -0.01, 8],
			"to": [5, -0.01, 13],
			"rotation": {"angle": 0, "axis": "y", "origin": [3, 0, 7]},
			"faces": {
				"north": {"uv": [2.5, 5, 4.5, 5], "texture": "#4"},
				"east": {"uv": [0, 5, 2.5, 5], "texture": "#4"},
				"south": {"uv": [7, 5, 9, 5], "texture": "#4"},
				"west": {"uv": [4.5, 5, 7, 5], "texture": "#4"},
				"up": {"uv": [4.5, 5, 2.5, 2.5], "texture": "#4"},
				"down": {"uv": [6.5, 2.5, 4.5, 5], "texture": "#4"}
			}
		},
		{
			"from": [10, -0.01, 9],
			"to": [13, 2.99, 12],
			"rotation": {"angle": 0, "axis": "y", "origin": [10, 0, 10]},
			"faces": {
				"north": {"uv": [3, 6.5, 1.5, 8], "texture": "#4"},
				"east": {"uv": [4.5, 6.5, 3, 8], "texture": "#4"},
				"south": {"uv": [6, 6.5, 4.5, 8], "texture": "#4"},
				"west": {"uv": [1.5, 6.5, 0, 8], "texture": "#4"},
				"up": {"uv": [1.5, 6.5, 3, 5], "texture": "#4"},
				"down": {"uv": [3, 5, 4.5, 6.5], "texture": "#4"}
			}
		},
		{
			"from": [11, -0.01, 8],
			"to": [15, -0.01, 13],
			"rotation": {"angle": 0, "axis": "y", "origin": [13, 0, 7]},
			"faces": {
				"north": {"uv": [4.5, 5, 2.5, 5], "texture": "#4"},
				"east": {"uv": [7, 5, 4.5, 5], "texture": "#4"},
				"south": {"uv": [9, 5, 7, 5], "texture": "#4"},
				"west": {"uv": [2.5, 5, 0, 5], "texture": "#4"},
				"up": {"uv": [2.5, 5, 4.5, 2.5], "texture": "#4"},
				"down": {"uv": [4.5, 2.5, 6.5, 5], "texture": "#4"}
			}
		}
	],
	"display": {
		"thirdperson_righthand": {
			"rotation": [-180, 0, -180],
			"translation": [0, 4, 1],
			"scale": [0.55, 0.55, 0.55]
		},
		"thirdperson_lefthand": {
			"rotation": [-180, 0, -180],
			"translation": [0, 4, 1],
			"scale": [0.55, 0.55, 0.55]
		},
		"firstperson_righthand": {
			"rotation": [-180, 0, -180],
			"translation": [-2.12, 7.45, 1.13],
			"scale": [0.68, 0.68, 0.68]
		},
		"firstperson_lefthand": {
			"rotation": [-180, 0, -180],
			"translation": [-2.12, 7.45, 1.13],
			"scale": [0.68, 0.68, 0.68]
		},
		"ground": {
			"rotation": [128, -180, 0],
			"translation": [0, -1, 1.75],
			"scale": [0.5, 0.5, 0.5]
		},
		"gui": {
			"rotation": [27, 146, 0],
			"translation": [0, 6, 0],
			"scale": [1.5, 1.5, 1.5]
		},
		"head": {
			"translation": [0, 14.5, 0.25]
		},
		"fixed": {
			"translation": [0, 6.5, 0.75],
			"scale": [1.5, 1.5, 1.5]
		}
	},
	"groups": [
		{
			"name": "base",
			"origin": [8, 8, 8],
			"color": 0,
			"children": [
				0,
				{
					"name": "arms",
					"origin": [8, 8, 8],
					"color": 0,
					"children": [
						{
							"name": "front",
							"origin": [8, 8, 8],
							"color": 0,
							"children": [
								{
									"name": "left",
									"origin": [-4, 3, -2.5],
									"color": 0,
									"children": [1, 2]
								},
								{
									"name": "right",
									"origin": [-4, 3, -2.5],
									"color": 0,
									"children": [3, 4]
								}
							]
						},
						{
							"name": "back",
							"origin": [8, 8, 8],
							"color": 0,
							"children": [
								{
									"name": "left",
									"origin": [8, 8, 8],
									"color": 0,
									"children": [5, 6]
								},
								{
									"name": "right",
									"origin": [8, 8, 8],
									"color": 0,
									"children": [7, 8]
								}
							]
						}
					]
				}
			]
		}
	]
}