{
	"format_version": "1.21.6",
	"credit": "Made with Blockbench",
	"texture_size": [32, 32],
	"textures": {
		"1": "item/rethoughted_spawn_eggs/goat_spawn_egg_3d",
		"particle": "item/rethoughted_spawn_eggs/goat_spawn_egg_3d"
	},
	"elements": [
		{
			"from": [5, 0, 5],
			"to": [11, 7, 11],
			"rotation": {"angle": 0, "axis": "y", "origin": [5, 0, 5]},
			"faces": {
				"north": {"uv": [0, 0, 3, 3.5], "texture": "#1"},
				"east": {"uv": [3, 0, 6, 3.5], "texture": "#1"},
				"south": {"uv": [0, 3.5, 3, 7], "texture": "#1"},
				"west": {"uv": [3, 3.5, 6, 7], "texture": "#1"},
				"up": {"uv": [9, 3, 6, 0], "texture": "#1"},
				"down": {"uv": [9, 3, 6, 6], "texture": "#1"}
			}
		},
		{
			"from": [9, 7, 7],
			"to": [11, 11, 9],
			"rotation": {"angle": 0, "axis": "y", "origin": [8, 6, 6]},
			"faces": {
				"north": {"uv": [6, 6, 7, 8], "texture": "#1"},
				"east": {"uv": [0, 7, 1, 9], "texture": "#1"},
				"south": {"uv": [1, 7, 2, 9], "texture": "#1"},
				"west": {"uv": [2, 7, 3, 9], "texture": "#1"},
				"up": {"uv": [5.5, 8, 4.5, 7], "texture": "#1"},
				"down": {"uv": [8, 6, 7, 7], "texture": "#1"}
			}
		},
		{
			"from": [5, 7, 7],
			"to": [7, 11, 9],
			"rotation": {"angle": 0, "axis": "y", "origin": [3, 6, 6]},
			"faces": {
				"north": {"uv": [7, 6, 6, 8], "texture": "#1"},
				"east": {"uv": [3, 7, 2, 9], "texture": "#1"},
				"south": {"uv": [2, 7, 1, 9], "texture": "#1"},
				"west": {"uv": [1, 7, 0, 9], "texture": "#1"},
				"up": {"uv": [4.5, 8, 5.5, 7], "texture": "#1"},
				"down": {"uv": [7, 6, 8, 7], "texture": "#1"}
			}
		},
		{
			"from": [6.5, 1.5, 4.75],
			"to": [9.5, 3.5, 4.75],
			"rotation": {"angle": 0, "axis": "y", "origin": [5, 1, 3]},
			"faces": {
				"north": {"uv": [3, 7, 4.5, 8], "texture": "#1"},
				"east": {"uv": [0, 0, 0, 1], "texture": "#1"},
				"south": {"uv": [3, 7, 4.5, 8], "texture": "#1"},
				"west": {"uv": [0, 0, 0, 1], "texture": "#1"},
				"up": {"uv": [1.5, 0, 0, 0], "texture": "#1"},
				"down": {"uv": [0, 0, 1.5, 0], "texture": "#1"}
			}
		},
		{
			"from": [3, 5, 8],
			"to": [5, 7, 9],
			"rotation": {"angle": 0, "axis": "y", "origin": [3, 5, 7]},
			"faces": {
				"north": {"uv": [7, 7, 8, 8], "texture": "#1"},
				"east": {"uv": [5.5, 7, 6, 8], "texture": "#1"},
				"south": {"uv": [3, 8, 4, 9], "texture": "#1"},
				"west": {"uv": [4, 8, 4.5, 9], "texture": "#1"},
				"up": {"uv": [5.5, 8.5, 4.5, 8], "texture": "#1"},
				"down": {"uv": [6.5, 8, 5.5, 8.5], "texture": "#1"}
			}
		},
		{
			"from": [11, 5, 8],
			"to": [13, 7, 9],
			"rotation": {"angle": 0, "axis": "y", "origin": [11, 5, 7]},
			"faces": {
				"north": {"uv": [8, 7, 7, 8], "texture": "#1"},
				"east": {"uv": [4, 8, 4.5, 9], "texture": "#1"},
				"south": {"uv": [4, 8, 3, 9], "texture": "#1"},
				"west": {"uv": [5.5, 7, 6, 8], "texture": "#1"},
				"up": {"uv": [4.5, 8, 5.5, 8.5], "texture": "#1"},
				"down": {"uv": [5.5, 8, 6.5, 8.5], "texture": "#1"}
			}
		}
	],
	"display": {
		"thirdperson_righthand": {
			"rotation": [-180, 0, -180],
			"translation": [0, 4, 1],
			"scale": [0.55, 0.55, 0.55]
		},
		"thirdperson_lefthand": {
			"rotation": [-180, 0, -180],
			"translation": [0, 4, 1],
			"scale": [0.55, 0.55, 0.55]
		},
		"firstperson_righthand": {
			"rotation": [-180, 0, -180],
			"translation": [-2.12, 7.45, 1.13],
			"scale": [0.68, 0.68, 0.68]
		},
		"firstperson_lefthand": {
			"rotation": [-180, 0, -180],
			"translation": [-2.12, 7.45, 1.13],
			"scale": [0.68, 0.68, 0.68]
		},
		"ground": {
			"rotation": [128, -180, 0],
			"translation": [0, -1, 1.75],
			"scale": [0.5, 0.5, 0.5]
		},
		"gui": {
			"rotation": [27, 146, 0],
			"translation": [0, 6, 0],
			"scale": [1.5, 1.5, 1.5]
		},
		"head": {
			"translation": [0, 14.5, 0.25]
		},
		"fixed": {
			"translation": [0, 6.5, 0.75],
			"scale": [1.5, 1.5, 1.5]
		}
	},
	"groups": [
		{
			"name": "base",
			"origin": [8, 8, 8],
			"color": 0,
			"children": [
				0,
				{
					"name": "horns",
					"origin": [8, 8, 8],
					"color": 0,
					"children": [1]
				},
				2,
				{
					"name": "second_layer",
					"origin": [8, 8, 8],
					"color": 0,
					"children": [
						{
							"name": "nose",
							"origin": [8, 8, 8],
							"color": 0,
							"children": [3]
						}
					]
				},
				{
					"name": "ears",
					"origin": [8, 8, 8],
					"color": 0,
					"children": [
						{
							"name": "left",
							"origin": [8, 8, 8],
							"color": 0,
							"children": [4]
						},
						{
							"name": "right",
							"origin": [8, 8, 8],
							"color": 0,
							"children": [5]
						}
					]
				}
			]
		}
	]
}