{
	"format_version": "1.21.6",
	"credit": "Made with Blockbench",
	"texture_size": [32, 32],
	"textures": {
		"2": "item/rethoughted_spawn_eggs/iron_golem_spawn_egg_3d",
		"particle": "item/rethoughted_spawn_eggs/iron_golem_spawn_egg_3d"
	},
	"elements": [
		{
			"from": [5, 0, 5],
			"to": [11, 7, 11],
			"rotation": {"angle": 0, "axis": "y", "origin": [5, 0, 5]},
			"faces": {
				"north": {"uv": [7, 3.5, 10, 7], "texture": "#2"},
				"east": {"uv": [7, 7, 10, 10.5], "texture": "#2"},
				"south": {"uv": [0, 8, 3, 11.5], "texture": "#2"},
				"west": {"uv": [3, 8, 6, 11.5], "texture": "#2"},
				"up": {"uv": [13, 6.5, 10, 3.5], "texture": "#2"},
				"down": {"uv": [13, 6.5, 10, 9.5], "texture": "#2"}
			}
		},
		{
			"from": [7, 1, 3],
			"to": [9, 5, 5],
			"rotation": {"angle": 0, "axis": "y", "origin": [0, 2, 3]},
			"faces": {
				"north": {"uv": [6, 8, 7, 10], "texture": "#2"},
				"east": {"uv": [6, 10, 7, 12], "texture": "#2"},
				"south": {"uv": [10, 9.5, 11, 11.5], "texture": "#2"},
				"west": {"uv": [10.5, 0, 11.5, 2], "texture": "#2"},
				"up": {"uv": [11.5, 3, 10.5, 2], "texture": "#2"},
				"down": {"uv": [8, 10.5, 7, 11.5], "texture": "#2"}
			}
		},
		{
			"from": [6, 5, 4.75],
			"to": [10, 6, 4.75],
			"rotation": {"angle": 0, "axis": "y", "origin": [6, 4, 2]},
			"faces": {
				"north": {"uv": [10.5, 3, 12.5, 3.5], "texture": "#2"},
				"east": {"uv": [0, 0, 0, 0.5], "texture": "#2"},
				"south": {"uv": [8, 10.5, 10, 11], "texture": "#2"},
				"west": {"uv": [0, 0, 0, 0.5], "texture": "#2"},
				"up": {"uv": [2, 0, 0, 0], "texture": "#2"},
				"down": {"uv": [2, 0, 0, 0], "texture": "#2"}
			}
		},
		{
			"from": [4.75, -0.25, 4.75],
			"to": [11.25, 7.25, 4.75],
			"rotation": {"angle": 0, "axis": "y", "origin": [7, 0, 3]},
			"faces": {
				"north": {"uv": [0, 0, 3.5, 4], "texture": "#2"},
				"east": {"uv": [0, 0, 0, 4], "texture": "#2"},
				"south": {"uv": [3.5, 0, 0, 4], "texture": "#2"},
				"west": {"uv": [0, 0, 0, 4], "texture": "#2"},
				"up": {"uv": [3.5, 0, 0, 0], "texture": "#2"},
				"down": {"uv": [0, 0, 3.5, 0], "texture": "#2"}
			}
		},
		{
			"from": [4.75, -0.25, 11.25],
			"to": [11.25, 7.25, 11.25],
			"rotation": {"angle": 0, "axis": "y", "origin": [7, 0, 9]},
			"faces": {
				"north": {"uv": [7, 0, 3.5, 4], "texture": "#2"},
				"east": {"uv": [0, 0, 0, 4], "texture": "#2"},
				"south": {"uv": [3.5, 0, 7, 4], "texture": "#2"},
				"west": {"uv": [0, 0, 0, 4], "texture": "#2"},
				"up": {"uv": [0, 0, 3.5, 0], "texture": "#2"},
				"down": {"uv": [0, 0, 3.5, 0], "texture": "#2"}
			}
		},
		{
			"from": [4.75, -0.25, 4.75],
			"to": [4.75, 7.25, 11.25],
			"rotation": {"angle": 0, "axis": "y", "origin": [-1, 0, -1]},
			"faces": {
				"north": {"uv": [0, 0, 0, 4], "texture": "#2"},
				"east": {"uv": [3.5, 4, 0, 8], "texture": "#2"},
				"south": {"uv": [0, 0, 0, 4], "texture": "#2"},
				"west": {"uv": [0, 4, 3.5, 8], "texture": "#2"},
				"up": {"uv": [0, 3.5, 0, 0], "texture": "#2"},
				"down": {"uv": [0, 0, 0, 3.5], "texture": "#2"}
			}
		},
		{
			"from": [11.25, -0.25, 4.75],
			"to": [11.25, 7.25, 11.25],
			"rotation": {"angle": 0, "axis": "y", "origin": [5, 0, -1]},
			"faces": {
				"north": {"uv": [0, 0, 0, 4], "texture": "#2"},
				"east": {"uv": [3.5, 4, 7, 8], "texture": "#2"},
				"south": {"uv": [0, 0, 0, 4], "texture": "#2"},
				"west": {"uv": [7, 4, 3.5, 8], "texture": "#2"},
				"up": {"uv": [0, 0, 0, 3.5], "texture": "#2"},
				"down": {"uv": [0, 0, 0, 3.5], "texture": "#2"}
			}
		},
		{
			"from": [4.75, -0.25, 4.75],
			"to": [11.25, -0.25, 11.25],
			"rotation": {"angle": 0, "axis": "y", "origin": [9, -1, 9]},
			"faces": {
				"north": {"uv": [0, 0, 3.5, 0], "texture": "#2"},
				"east": {"uv": [0, 0, 3.5, 0], "texture": "#2"},
				"south": {"uv": [0, 0, 3.5, 0], "texture": "#2"},
				"west": {"uv": [0, 0, 3.5, 0], "texture": "#2"},
				"up": {"uv": [7, 3.5, 10.5, 0], "texture": "#2"},
				"down": {"uv": [7, 0, 10.5, 3.5], "texture": "#2"}
			}
		}
	],
	"display": {
		"thirdperson_righthand": {
			"rotation": [-180, 0, -180],
			"translation": [0, 4, 1],
			"scale": [0.55, 0.55, 0.55]
		},
		"thirdperson_lefthand": {
			"rotation": [-180, 0, -180],
			"translation": [0, 4, 1],
			"scale": [0.55, 0.55, 0.55]
		},
		"firstperson_righthand": {
			"rotation": [-180, 0, -180],
			"translation": [-2.12, 7.45, 1.13],
			"scale": [0.68, 0.68, 0.68]
		},
		"firstperson_lefthand": {
			"rotation": [-180, 0, -180],
			"translation": [-2.12, 7.45, 1.13],
			"scale": [0.68, 0.68, 0.68]
		},
		"ground": {
			"rotation": [128, -180, 0],
			"translation": [0, -1, 1.75],
			"scale": [0.5, 0.5, 0.5]
		},
		"gui": {
			"rotation": [27, 146, 0],
			"translation": [0, 6, 0],
			"scale": [1.5, 1.5, 1.5]
		},
		"head": {
			"translation": [0, 14.5, 0.25]
		},
		"fixed": {
			"translation": [0, 6.5, 0.75],
			"scale": [1.5, 1.5, 1.5]
		}
	},
	"groups": [
		{
			"name": "base",
			"origin": [8, 8, 8],
			"color": 0,
			"children": [
				0,
				{
					"name": "nose",
					"origin": [0, 2, 3],
					"color": 0,
					"children": [1]
				},
				{
					"name": "second_layer",
					"origin": [8, 8, 8],
					"color": 0,
					"children": [
						{
							"name": "eyebrow",
							"origin": [6, 4, 2],
							"color": 0,
							"children": [2]
						},
						{
							"name": "vines",
							"origin": [8, 8, 8],
							"color": 0,
							"children": [3, 4, 5, 6, 7]
						}
					]
				}
			]
		}
	]
}