{
	"format_version": "1.21.6",
	"credit": "Made with Blockbench",
	"texture_size": [32, 32],
	"textures": {
		"3": "item/rethoughted_spawn_eggs/mooshroom_spawn_egg_3d"
	},
	"elements": [
		{
			"from": [5, 0, 5],
			"to": [11, 7, 11],
			"rotation": {"angle": 0, "axis": "y", "origin": [5, 0, 5]},
			"faces": {
				"north": {"uv": [0, 0, 3, 3.5], "texture": "#3"},
				"east": {"uv": [3, 0, 6, 3.5], "texture": "#3"},
				"south": {"uv": [0, 3.5, 3, 7], "texture": "#3"},
				"west": {"uv": [3, 3.5, 6, 7], "texture": "#3"},
				"up": {"uv": [9, 3, 6, 0], "texture": "#3"},
				"down": {"uv": [9, 3, 6, 6], "texture": "#3"}
			}
		},
		{
			"from": [11, 5, 7.5],
			"to": [12, 8, 8.5],
			"rotation": {"angle": 0, "axis": "y", "origin": [10, 5, 6]},
			"faces": {
				"north": {"uv": [6, 6, 6.5, 7.5], "texture": "#3"},
				"east": {"uv": [6.5, 6, 7, 7.5], "texture": "#3"},
				"south": {"uv": [0, 7, 0.5, 8.5], "texture": "#3"},
				"west": {"uv": [0.5, 7, 1, 8.5], "texture": "#3"},
				"up": {"uv": [3.5, 7.5, 3, 7], "texture": "#3"},
				"down": {"uv": [4, 7, 3.5, 7.5], "texture": "#3"}
			}
		},
		{
			"from": [4, 5, 7.5],
			"to": [5, 8, 8.5],
			"rotation": {"angle": 0, "axis": "y", "origin": [3, 5, 6]},
			"faces": {
				"north": {"uv": [1, 7, 1.5, 8.5], "texture": "#3"},
				"east": {"uv": [1.5, 7, 2, 8.5], "texture": "#3"},
				"south": {"uv": [2, 7, 2.5, 8.5], "texture": "#3"},
				"west": {"uv": [2.5, 7, 3, 8.5], "texture": "#3"},
				"up": {"uv": [4.5, 7.5, 4, 7], "texture": "#3"},
				"down": {"uv": [5, 7, 4.5, 7.5], "texture": "#3"}
			}
		}
	],
	"display": {
		"thirdperson_righthand": {
			"rotation": [-180, 0, -180],
			"translation": [0, 4, 1],
			"scale": [0.55, 0.55, 0.55]
		},
		"thirdperson_lefthand": {
			"rotation": [-180, 0, -180],
			"translation": [0, 4, 1],
			"scale": [0.55, 0.55, 0.55]
		},
		"firstperson_righthand": {
			"rotation": [-180, 0, -180],
			"translation": [-2.12, 7.45, 1.13],
			"scale": [0.68, 0.68, 0.68]
		},
		"firstperson_lefthand": {
			"rotation": [-180, 0, -180],
			"translation": [-2.12, 7.45, 1.13],
			"scale": [0.68, 0.68, 0.68]
		},
		"ground": {
			"rotation": [128, -180, 0],
			"translation": [0, -1, 1.75],
			"scale": [0.5, 0.5, 0.5]
		},
		"gui": {
			"rotation": [27, 146, 0],
			"translation": [0, 6, 0],
			"scale": [1.5, 1.5, 1.5]
		},
		"head": {
			"translation": [0, 14.5, 0.25]
		},
		"fixed": {
			"translation": [0, 6.5, 0.75],
			"scale": [1.5, 1.5, 1.5]
		}
	},
	"groups": [
		{
			"name": "base",
			"origin": [8, 8, 8],
			"color": 0,
			"children": [
				0,
				{
					"name": "horns",
					"origin": [8, 8, 8],
					"color": 0,
					"children": [1, 2]
				},
				{
					"name": "mushroom",
					"origin": [8, 8, 8],
					"color": 0,
					"children": []
				}
			]
		}
	]
}