{
	"format_version": "1.21.6",
	"credit": "Made with Blockbench",
	"texture_size": [32, 32],
	"textures": {
		"3": "item/rethoughted_spawn_eggs/parrot_spawn_egg_3d"
	},
	"elements": [
		{
			"from": [5, 0, 5],
			"to": [11, 7, 11],
			"rotation": {"angle": 0, "axis": "y", "origin": [5, 0, 5]},
			"faces": {
				"north": {"uv": [0, 0, 3, 3.5], "texture": "#3"},
				"east": {"uv": [3, 0, 6, 3.5], "texture": "#3"},
				"south": {"uv": [0, 3.5, 3, 7], "texture": "#3"},
				"west": {"uv": [3, 3.5, 6, 7], "texture": "#3"},
				"up": {"uv": [9, 3, 6, 0], "texture": "#3"},
				"down": {"uv": [9, 3, 6, 6], "texture": "#3"}
			}
		},
		{
			"name": "head",
			"from": [7.5, 2.5, 4.55],
			"to": [8.5, 4.5, 5.55],
			"rotation": {"angle": 0, "axis": "y", "origin": [8, -5, 7]},
			"faces": {
				"north": {"uv": [0, 7, 0.5, 8], "texture": "#3"},
				"east": {"uv": [0.5, 7, 1, 8], "texture": "#3"},
				"south": {"uv": [1, 7, 1.5, 8], "texture": "#3"},
				"west": {"uv": [1.5, 7, 2, 8], "texture": "#3"},
				"up": {"uv": [5.5, 7.5, 5, 7], "texture": "#3"},
				"down": {"uv": [6, 7, 5.5, 7.5], "texture": "#3"}
			}
		},
		{
			"name": "head",
			"from": [7.5, 2.75, 3.55],
			"to": [8.5, 3.5, 4.55],
			"rotation": {"angle": 0, "axis": "y", "origin": [8, -3, 7]},
			"faces": {
				"north": {"uv": [2, 7, 2.5, 7.5], "texture": "#3"},
				"east": {"uv": [2.5, 7, 3, 7.5], "texture": "#3"},
				"south": {"uv": [3, 7, 3.5, 7.5], "texture": "#3"},
				"west": {"uv": [3.5, 7, 4, 7.5], "texture": "#3"},
				"up": {"uv": [4.5, 7.5, 4, 7], "texture": "#3"},
				"down": {"uv": [5, 7, 4.5, 7.5], "texture": "#3"}
			}
		},
		{
			"name": "head",
			"from": [7.5, 3.5, 3.55],
			"to": [8.5, 4.5, 4.55],
			"rotation": {"angle": 0, "axis": "y", "origin": [8, -4, 7]},
			"faces": {
				"north": {"uv": [2, 7.5, 2.5, 8], "texture": "#3"},
				"east": {"uv": [2.5, 7.5, 3, 8], "texture": "#3"},
				"south": {"uv": [3, 7.5, 3.5, 8], "texture": "#3"},
				"west": {"uv": [3.5, 7.5, 4, 8], "texture": "#3"},
				"up": {"uv": [4.5, 8, 4, 7.5], "texture": "#3"},
				"down": {"uv": [5, 7.5, 4.5, 8], "texture": "#3"}
			}
		},
		{
			"name": "feather",
			"from": [8, 5.53407, 7.75882],
			"to": [8, 10.53407, 11.75882],
			"rotation": {"angle": 15, "axis": "x", "origin": [8, 9, 9.5]},
			"faces": {
				"north": {"uv": [0, 0, 0, 2.5], "texture": "#3"},
				"east": {"uv": [6, 6, 8, 8.5], "texture": "#3"},
				"south": {"uv": [0, 0, 0, 2.5], "texture": "#3"},
				"west": {"uv": [8, 6, 6, 8.5], "texture": "#3"},
				"up": {"uv": [0, 2, 0, 0], "texture": "#3"},
				"down": {"uv": [0, 0, 0, 2], "texture": "#3"}
			}
		}
	],
	"display": {
		"thirdperson_righthand": {
			"rotation": [-180, 0, -180],
			"translation": [0, 4, 1],
			"scale": [0.55, 0.55, 0.55]
		},
		"thirdperson_lefthand": {
			"rotation": [-180, 0, -180],
			"translation": [0, 4, 1],
			"scale": [0.55, 0.55, 0.55]
		},
		"firstperson_righthand": {
			"rotation": [-180, 0, -180],
			"translation": [-2.12, 7.45, 1.13],
			"scale": [0.68, 0.68, 0.68]
		},
		"firstperson_lefthand": {
			"rotation": [-180, 0, -180],
			"translation": [-2.12, 7.45, 1.13],
			"scale": [0.68, 0.68, 0.68]
		},
		"ground": {
			"rotation": [128, -180, 0],
			"translation": [0, -1, 1.75],
			"scale": [0.5, 0.5, 0.5]
		},
		"gui": {
			"rotation": [27, 146, 0],
			"translation": [0, 6, 0],
			"scale": [1.5, 1.5, 1.5]
		},
		"head": {
			"translation": [0, 14.5, 0.25]
		},
		"fixed": {
			"translation": [0, 6.5, 0.75],
			"scale": [1.5, 1.5, 1.5]
		}
	},
	"groups": [
		{
			"name": "base",
			"origin": [8, 8, 8],
			"color": 0,
			"children": [
				0,
				{
					"name": "beak",
					"origin": [8, 8, 8],
					"color": 0,
					"children": [
						1,
						2,
						3,
						{
							"name": "feather",
							"origin": [0, 9.5, -2.5],
							"rotation": [15, 0, 0],
							"color": 0,
							"children": [4]
						}
					]
				}
			]
		}
	]
}