{
	"format_version": "1.21.6",
	"credit": "Made with Blockbench",
	"texture_size": [32, 32],
	"textures": {
		"4": "item/rethoughted_spawn_eggs/pufferfish_spawn_egg_3d"
	},
	"elements": [
		{
			"from": [5, 0, 5],
			"to": [11, 7, 11],
			"rotation": {"angle": 0, "axis": "y", "origin": [5, 0, 5]},
			"faces": {
				"north": {"uv": [0, 0, 3, 3.5], "texture": "#4"},
				"east": {"uv": [3, 0, 6, 3.5], "texture": "#4"},
				"south": {"uv": [0, 3.5, 3, 7], "texture": "#4"},
				"west": {"uv": [3, 3.5, 6, 7], "texture": "#4"},
				"up": {"uv": [9, 3, 6, 0], "texture": "#4"},
				"down": {"uv": [9, 3, 6, 6], "texture": "#4"}
			}
		},
		{
			"from": [5, 7, 5],
			"to": [11, 8, 5],
			"rotation": {"angle": -32.5, "axis": "x", "origin": [8, 7, 5]},
			"faces": {
				"north": {"uv": [1, 7, 4, 7.5], "texture": "#4"},
				"east": {"uv": [0, 0, 0, 0.5], "texture": "#4"},
				"south": {"uv": [4, 7, 1, 7.5], "texture": "#4"},
				"west": {"uv": [0, 0, 0, 0.5], "texture": "#4"},
				"up": {"uv": [3, 0, 0, 0], "texture": "#4"},
				"down": {"uv": [3, 0, 0, 0], "texture": "#4"}
			}
		},
		{
			"from": [5, -1, 5],
			"to": [11, 0, 5],
			"rotation": {"angle": 32.5, "axis": "x", "origin": [8, 0, 5]},
			"faces": {
				"north": {"uv": [7, 6, 10, 6.5], "texture": "#4"},
				"east": {"uv": [0, 0, 0, 0.5], "texture": "#4"},
				"south": {"uv": [7, 6, 10, 6.5], "texture": "#4"},
				"west": {"uv": [0, 0, 0, 0.5], "texture": "#4"},
				"up": {"uv": [3, 0, 0, 0], "texture": "#4"},
				"down": {"uv": [3, 0, 0, 0], "texture": "#4"}
			}
		},
		{
			"from": [4, 0, 5],
			"to": [5, 7, 5],
			"rotation": {"angle": -32.5, "axis": "y", "origin": [5, 3.5, 5]},
			"faces": {
				"north": {"uv": [6, 6, 6.5, 9.5], "texture": "#4"},
				"east": {"uv": [0, 0, 0, 3.5], "texture": "#4"},
				"south": {"uv": [6, 6, 6.5, 9.5], "texture": "#4"},
				"west": {"uv": [0, 0, 0, 3.5], "texture": "#4"},
				"up": {"uv": [0.5, 0, 0, 0], "texture": "#4"},
				"down": {"uv": [0.5, 0, 0, 0], "texture": "#4"}
			}
		},
		{
			"from": [11, 0, 5],
			"to": [12, 7, 5],
			"rotation": {"angle": 32.5, "axis": "y", "origin": [11, 3.5, 5]},
			"faces": {
				"north": {"uv": [6.5, 6, 7, 9.5], "texture": "#4"},
				"east": {"uv": [0, 0, 0, 3.5], "texture": "#4"},
				"south": {"uv": [6.5, 6, 7, 9.5], "texture": "#4"},
				"west": {"uv": [0, 0, 0, 3.5], "texture": "#4"},
				"up": {"uv": [0.5, 0, 0, 0], "texture": "#4"},
				"down": {"uv": [0.5, 0, 0, 0], "texture": "#4"}
			}
		},
		{
			"from": [5, 7, 11],
			"to": [11, 8, 11],
			"rotation": {"angle": 32.5, "axis": "x", "origin": [8, 7, 11]},
			"faces": {
				"north": {"uv": [7, 6.5, 10, 7], "texture": "#4"},
				"east": {"uv": [0, 0, 0, 0.5], "texture": "#4"},
				"south": {"uv": [10, 6.5, 7, 7], "texture": "#4"},
				"west": {"uv": [0, 0, 0, 0.5], "texture": "#4"},
				"up": {"uv": [3, 0, 0, 0], "texture": "#4"},
				"down": {"uv": [3, 0, 0, 0], "texture": "#4"}
			}
		},
		{
			"from": [5, -1, 11],
			"to": [11, 0, 11],
			"rotation": {"angle": -32.5, "axis": "x", "origin": [8, 0, 11]},
			"faces": {
				"north": {"uv": [7, 7, 10, 7.5], "texture": "#4"},
				"east": {"uv": [0, 0, 0, 0.5], "texture": "#4"},
				"south": {"uv": [10, 7, 7, 7.5], "texture": "#4"},
				"west": {"uv": [0, 0, 0, 0.5], "texture": "#4"},
				"up": {"uv": [3, 0, 0, 0], "texture": "#4"},
				"down": {"uv": [3, 0, 0, 0], "texture": "#4"}
			}
		},
		{
			"from": [5, 0, 11],
			"to": [5, 7, 12],
			"rotation": {"angle": -32.5, "axis": "y", "origin": [5, 3.5, 11]},
			"faces": {
				"north": {"uv": [0, 0, 0, 3.5], "texture": "#4"},
				"east": {"uv": [0, 7, 0.5, 10.5], "texture": "#4"},
				"south": {"uv": [0, 0, 0, 3.5], "texture": "#4"},
				"west": {"uv": [0, 7, 0.5, 10.5], "texture": "#4"},
				"up": {"uv": [0, 0, 0, 0.5], "texture": "#4"},
				"down": {"uv": [0, 0, 0, 0.5], "texture": "#4"}
			}
		},
		{
			"from": [11, 0, 11],
			"to": [11, 7, 12],
			"rotation": {"angle": 32.5, "axis": "y", "origin": [11, 3.5, 11]},
			"faces": {
				"north": {"uv": [0, 0, 0, 3.5], "texture": "#4"},
				"east": {"uv": [0.5, 7, 1, 10.5], "texture": "#4"},
				"south": {"uv": [0, 0, 0, 3.5], "texture": "#4"},
				"west": {"uv": [0.5, 7, 1, 10.5], "texture": "#4"},
				"up": {"uv": [0, 0.5, 0, 0], "texture": "#4"},
				"down": {"uv": [0, 0, 0, 0.5], "texture": "#4"}
			}
		},
		{
			"from": [5, 7, 8],
			"to": [11, 8, 8],
			"rotation": {"angle": 0, "axis": "y", "origin": [8, 7, 6]},
			"faces": {
				"north": {"uv": [1, 7.5, 4, 8], "texture": "#4"},
				"east": {"uv": [0, 0, 0, 0.5], "texture": "#4"},
				"south": {"uv": [4, 7.5, 1, 8], "texture": "#4"},
				"west": {"uv": [0, 0, 0, 0.5], "texture": "#4"},
				"up": {"uv": [3, 0, 0, 0], "texture": "#4"},
				"down": {"uv": [3, 0, 0, 0], "texture": "#4"}
			}
		},
		{
			"from": [5, -1, 8],
			"to": [11, 0, 8],
			"rotation": {"angle": 0, "axis": "y", "origin": [8, -1, 6]},
			"faces": {
				"north": {"uv": [7, 7.5, 10, 8], "texture": "#4"},
				"east": {"uv": [0, 0, 0, 0.5], "texture": "#4"},
				"south": {"uv": [10, 8, 7, 7.5], "texture": "#4"},
				"west": {"uv": [0, 0, 0, 0.5], "texture": "#4"},
				"up": {"uv": [3, 0, 0, 0], "texture": "#4"},
				"down": {"uv": [3, 0, 0, 0], "texture": "#4"}
			}
		},
		{
			"from": [3, 4, 7],
			"to": [5, 4, 9],
			"rotation": {"angle": 45, "axis": "z", "origin": [5, 4, 8]},
			"faces": {
				"north": {"uv": [0, 0, 1, 0], "texture": "#4"},
				"east": {"uv": [0, 0, 1, 0], "texture": "#4"},
				"south": {"uv": [0, 0, 1, 0], "texture": "#4"},
				"west": {"uv": [0, 0, 1, 0], "texture": "#4"},
				"up": {"uv": [1, 9, 2, 8], "texture": "#4"},
				"down": {"uv": [1, 8, 2, 9], "texture": "#4"}
			}
		},
		{
			"from": [11, 4, 7],
			"to": [13, 4, 9],
			"rotation": {"angle": -45, "axis": "z", "origin": [11, 4, 8]},
			"faces": {
				"north": {"uv": [0, 0, 1, 0], "texture": "#4"},
				"east": {"uv": [0, 0, 1, 0], "texture": "#4"},
				"south": {"uv": [0, 0, 1, 0], "texture": "#4"},
				"west": {"uv": [0, 0, 1, 0], "texture": "#4"},
				"up": {"uv": [2, 9, 1, 8], "texture": "#4"},
				"down": {"uv": [2, 8, 1, 9], "texture": "#4"}
			}
		}
	],
	"display": {
		"thirdperson_righthand": {
			"rotation": [-180, 0, -180],
			"translation": [0, 4, 1],
			"scale": [0.55, 0.55, 0.55]
		},
		"thirdperson_lefthand": {
			"rotation": [-180, 0, -180],
			"translation": [0, 4, 1],
			"scale": [0.55, 0.55, 0.55]
		},
		"firstperson_righthand": {
			"rotation": [-180, 0, -180],
			"translation": [-2.12, 7.45, 1.13],
			"scale": [0.68, 0.68, 0.68]
		},
		"firstperson_lefthand": {
			"rotation": [-180, 0, -180],
			"translation": [-2.12, 7.45, 1.13],
			"scale": [0.68, 0.68, 0.68]
		},
		"ground": {
			"rotation": [128, -180, 0],
			"translation": [0, -1, 1.75],
			"scale": [0.5, 0.5, 0.5]
		},
		"gui": {
			"rotation": [27, 146, 0],
			"translation": [0, 6, 0],
			"scale": [1.5, 1.5, 1.5]
		},
		"head": {
			"translation": [0, 14.5, 0.25]
		},
		"fixed": {
			"translation": [0, 6.5, 0.75],
			"scale": [1.5, 1.5, 1.5]
		}
	},
	"groups": [
		{
			"name": "base",
			"origin": [8, 8, 8],
			"color": 0,
			"children": [
				0,
				{
					"name": "spikes",
					"origin": [8, 8, 8],
					"color": 0,
					"children": [
						{
							"name": "front",
							"origin": [8, 8, 8],
							"color": 0,
							"children": [1, 2, 3, 4]
						},
						{
							"name": "back",
							"origin": [8, 8, 8],
							"color": 0,
							"children": [5, 6, 7, 8]
						},
						{
							"name": "top",
							"origin": [8, 8, 8],
							"color": 0,
							"children": [9]
						},
						{
							"name": "bottom",
							"origin": [8, 8, 8],
							"color": 0,
							"children": [10]
						}
					]
				},
				{
					"name": "fins",
					"origin": [8, 8, 8],
					"color": 0,
					"children": [
						{
							"name": "left",
							"origin": [8, 8, 8],
							"color": 0,
							"children": [11]
						},
						{
							"name": "right",
							"origin": [8, 8, 8],
							"color": 0,
							"children": [12]
						}
					]
				}
			]
		}
	]
}