{
	"format_version": "1.21.6",
	"credit": "Made with Blockbench",
	"texture_size": [32, 32],
	"textures": {
		"2": "item/rethoughted_spawn_eggs/shulker_spawn_egg_3d"
	},
	"elements": [
		{
			"from": [6, 1, 6],
			"to": [10, 6, 10],
			"rotation": {"angle": 0, "axis": "y", "origin": [7, 0, 7], "rescale": true},
			"faces": {
				"north": {"uv": [6, 6, 8, 8.5], "texture": "#2"},
				"east": {"uv": [0, 7, 2, 9.5], "texture": "#2"},
				"south": {"uv": [2, 7, 4, 9.5], "texture": "#2"},
				"west": {"uv": [4, 7, 6, 9.5], "texture": "#2"},
				"up": {"uv": [10, 8, 8, 6], "texture": "#2"},
				"down": {"uv": [10, 8, 8, 10], "texture": "#2"}
			}
		},
		{
			"from": [5, 0, 5],
			"to": [11, 7, 5],
			"rotation": {"angle": 0, "axis": "y", "origin": [7, 0, 3]},
			"faces": {
				"north": {"uv": [3, 0, 6, 3.5], "texture": "#2"},
				"east": {"uv": [0, 0, 0, 3.5], "texture": "#2"},
				"south": {"uv": [3, 0, 6, 3.5], "texture": "#2"},
				"west": {"uv": [0, 0, 0, 3.5], "texture": "#2"},
				"up": {"uv": [3, 0, 0, 0], "texture": "#2"},
				"down": {"uv": [3, 0, 0, 0], "texture": "#2"}
			}
		},
		{
			"from": [5, 0, 11],
			"to": [11, 7, 11],
			"rotation": {"angle": 0, "axis": "y", "origin": [7, 0, 9]},
			"faces": {
				"north": {"uv": [0, 3.5, 3, 7], "texture": "#2"},
				"east": {"uv": [0, 0, 0, 3.5], "texture": "#2"},
				"south": {"uv": [0, 3.5, 3, 7], "texture": "#2"},
				"west": {"uv": [0, 0, 0, 3.5], "texture": "#2"},
				"up": {"uv": [3, 0, 0, 0], "texture": "#2"},
				"down": {"uv": [3, 0, 0, 0], "texture": "#2"}
			}
		},
		{
			"from": [5, 0, 5],
			"to": [5, 7, 11],
			"faces": {
				"north": {"uv": [0, 0, 0, 3.5], "texture": "#2"},
				"east": {"uv": [0, 0, 3, 3.5], "texture": "#2"},
				"south": {"uv": [0, 0, 0, 3.5], "texture": "#2"},
				"west": {"uv": [0, 0, 3, 3.5], "texture": "#2"},
				"up": {"uv": [0, 3, 0, 0], "texture": "#2"},
				"down": {"uv": [0, 0, 0, 3], "texture": "#2"}
			}
		},
		{
			"from": [11, 0, 5],
			"to": [11, 7, 11],
			"rotation": {"angle": 0, "axis": "y", "origin": [6, 0, 0]},
			"faces": {
				"north": {"uv": [0, 0, 0, 3.5], "texture": "#2"},
				"east": {"uv": [3, 3.5, 6, 7], "texture": "#2"},
				"south": {"uv": [0, 0, 0, 3.5], "texture": "#2"},
				"west": {"uv": [3, 3.5, 6, 7], "texture": "#2"},
				"up": {"uv": [0, 0, 0, 3], "texture": "#2"},
				"down": {"uv": [0, 0, 0, 3], "texture": "#2"}
			}
		},
		{
			"from": [5, 7, 5],
			"to": [11, 7, 11],
			"rotation": {"angle": 0, "axis": "y", "origin": [9, 7, 9]},
			"faces": {
				"north": {"uv": [0, 0, 3, 0], "texture": "#2"},
				"east": {"uv": [0, 0, 3, 0], "texture": "#2"},
				"south": {"uv": [0, 0, 3, 0], "texture": "#2"},
				"west": {"uv": [0, 0, 3, 0], "texture": "#2"},
				"up": {"uv": [9, 3, 6, 0], "texture": "#2"},
				"down": {"uv": [9, 0, 6, 3], "texture": "#2"}
			}
		},
		{
			"from": [5, 0, 5],
			"to": [11, 0, 11],
			"rotation": {"angle": 0, "axis": "y", "origin": [9, 0, 9]},
			"faces": {
				"north": {"uv": [0, 0, 3, 0], "texture": "#2"},
				"east": {"uv": [0, 0, 3, 0], "texture": "#2"},
				"south": {"uv": [0, 0, 3, 0], "texture": "#2"},
				"west": {"uv": [0, 0, 3, 0], "texture": "#2"},
				"up": {"uv": [9, 6, 6, 3], "texture": "#2"},
				"down": {"uv": [9, 3, 6, 6], "texture": "#2"}
			}
		}
	],
	"display": {
		"thirdperson_righthand": {
			"rotation": [-180, 0, -180],
			"translation": [0, 4, 1],
			"scale": [0.55, 0.55, 0.55]
		},
		"thirdperson_lefthand": {
			"rotation": [-180, 0, -180],
			"translation": [0, 4, 1],
			"scale": [0.55, 0.55, 0.55]
		},
		"firstperson_righthand": {
			"rotation": [-180, 0, -180],
			"translation": [-2.12, 7.45, 1.13],
			"scale": [0.68, 0.68, 0.68]
		},
		"firstperson_lefthand": {
			"rotation": [-180, 0, -180],
			"translation": [-2.12, 7.45, 1.13],
			"scale": [0.68, 0.68, 0.68]
		},
		"ground": {
			"rotation": [128, -180, 0],
			"translation": [0, -1, 1.75],
			"scale": [0.5, 0.5, 0.5]
		},
		"gui": {
			"rotation": [27, 146, 0],
			"translation": [0, 6, 0],
			"scale": [1.5, 1.5, 1.5]
		},
		"head": {
			"translation": [0, 14.5, 0.25]
		},
		"fixed": {
			"translation": [0, 6.5, 0.75],
			"scale": [1.5, 1.5, 1.5]
		}
	},
	"groups": [
		{
			"name": "base",
			"origin": [8, 8, 8],
			"color": 0,
			"children": [
				0,
				{
					"name": "second(first)_layer",
					"origin": [8, 8, 8],
					"color": 0,
					"children": [
						{
							"name": "shell",
							"origin": [8, 8, 8],
							"color": 0,
							"children": [1, 2, 3, 4, 5, 6]
						}
					]
				}
			]
		}
	]
}