{
	"format_version": "1.21.6",
	"credit": "Made with Blockbench",
	"texture_size": [32, 32],
	"textures": {
		"2": "item/rethoughted_spawn_eggs/silverfish_spawn_egg_3d"
	},
	"elements": [
		{
			"from": [5, 0, 5],
			"to": [11, 7, 11],
			"rotation": {"angle": 0, "axis": "y", "origin": [5, 0, 5]},
			"faces": {
				"north": {"uv": [5, 0, 8, 3.5], "texture": "#2"},
				"east": {"uv": [5, 3.5, 8, 7], "texture": "#2"},
				"south": {"uv": [5, 7, 8, 10.5], "texture": "#2"},
				"west": {"uv": [8, 0, 11, 3.5], "texture": "#2"},
				"up": {"uv": [11, 6.5, 8, 3.5], "texture": "#2"},
				"down": {"uv": [11, 6.5, 8, 9.5], "texture": "#2"}
			}
		},
		{
			"from": [4.75, 1.75, 4.75],
			"to": [11.25, 5.25, 4.75],
			"rotation": {"angle": 0, "axis": "y", "origin": [7, 0, 3]},
			"faces": {
				"north": {"uv": [0, 10, 3.5, 12], "texture": "#2"},
				"east": {"uv": [0, 0, 0, 2], "texture": "#2"},
				"south": {"uv": [0, 10, 3.5, 12], "texture": "#2"},
				"west": {"uv": [0, 0, 0, 2], "texture": "#2"},
				"up": {"uv": [3.5, 0, 0, 0], "texture": "#2"},
				"down": {"uv": [3.5, 0, 0, 0], "texture": "#2"}
			}
		},
		{
			"from": [4.75, 1.75, 11.25],
			"to": [11.25, 5.25, 11.25],
			"rotation": {"angle": 0, "axis": "y", "origin": [7, 0, 9]},
			"faces": {
				"north": {"uv": [3.5, 10.5, 7, 12.5], "texture": "#2"},
				"east": {"uv": [0, 0, 0, 2], "texture": "#2"},
				"south": {"uv": [3.5, 10.5, 7, 12.5], "texture": "#2"},
				"west": {"uv": [0, 0, 0, 2], "texture": "#2"},
				"up": {"uv": [3.5, 0, 0, 0], "texture": "#2"},
				"down": {"uv": [3.5, 0, 0, 0], "texture": "#2"}
			}
		},
		{
			"from": [4.75, 1.75, 4.75],
			"to": [4.75, 5.25, 11.25],
			"rotation": {"angle": 0, "axis": "y", "origin": [-1, 0, -1]},
			"faces": {
				"north": {"uv": [0, 0, 0, 2], "texture": "#2"},
				"east": {"uv": [11, 0, 14.5, 2], "texture": "#2"},
				"south": {"uv": [0, 0, 0, 2], "texture": "#2"},
				"west": {"uv": [11, 0, 14.5, 2], "texture": "#2"},
				"up": {"uv": [0, 3.5, 0, 0], "texture": "#2"},
				"down": {"uv": [0, 0, 0, 3.5], "texture": "#2"}
			}
		},
		{
			"from": [11.25, 1.75, 4.75],
			"to": [11.25, 5.25, 11.25],
			"rotation": {"angle": 0, "axis": "y", "origin": [5, 0, -1]},
			"faces": {
				"north": {"uv": [0, 0, 0, 2], "texture": "#2"},
				"east": {"uv": [11, 2, 14.5, 4], "texture": "#2"},
				"south": {"uv": [0, 0, 0, 2], "texture": "#2"},
				"west": {"uv": [11, 2, 14.5, 4], "texture": "#2"},
				"up": {"uv": [0, 3.5, 0, 0], "texture": "#2"},
				"down": {"uv": [0, 0, 0, 3.5], "texture": "#2"}
			}
		},
		{
			"from": [3, 5.25, 3],
			"to": [13, 5.25, 13],
			"rotation": {"angle": 0, "axis": "y", "origin": [6, 4, 4]},
			"faces": {
				"north": {"uv": [0, 0, 5, 0], "texture": "#2"},
				"east": {"uv": [0, 0, 5, 0], "texture": "#2"},
				"south": {"uv": [0, 0, 5, 0], "texture": "#2"},
				"west": {"uv": [0, 0, 5, 0], "texture": "#2"},
				"up": {"uv": [5, 5, 0, 0], "texture": "#2"},
				"down": {"uv": [5, 0, 0, 5], "texture": "#2"}
			}
		},
		{
			"from": [3, 1.75, 3],
			"to": [13, 1.75, 13],
			"rotation": {"angle": 0, "axis": "y", "origin": [6, 1, 4]},
			"faces": {
				"north": {"uv": [0, 0, 5, 0], "texture": "#2"},
				"east": {"uv": [0, 0, 5, 0], "texture": "#2"},
				"south": {"uv": [0, 0, 5, 0], "texture": "#2"},
				"west": {"uv": [0, 0, 5, 0], "texture": "#2"},
				"up": {"uv": [5, 10, 0, 5], "texture": "#2"},
				"down": {"uv": [5, 5, 0, 10], "texture": "#2"}
			}
		},
		{
			"from": [3, 6, 8],
			"to": [13, 9, 8],
			"rotation": {"angle": 0, "axis": "y", "origin": [4, 7, 6]},
			"faces": {
				"north": {"uv": [8, 9.5, 13, 11], "texture": "#2"},
				"east": {"uv": [0, 0, 0, 1.5], "texture": "#2"},
				"south": {"uv": [13, 9.5, 8, 11], "texture": "#2"},
				"west": {"uv": [0, 0, 0, 1.5], "texture": "#2"},
				"up": {"uv": [5, 0, 0, 0], "texture": "#2"},
				"down": {"uv": [0, 0, 5, 0], "texture": "#2"}
			}
		}
	],
	"display": {
		"thirdperson_righthand": {
			"rotation": [-180, 0, -180],
			"translation": [0, 4, 1],
			"scale": [0.55, 0.55, 0.55]
		},
		"thirdperson_lefthand": {
			"rotation": [-180, 0, -180],
			"translation": [0, 4, 1],
			"scale": [0.55, 0.55, 0.55]
		},
		"firstperson_righthand": {
			"rotation": [-180, 0, -180],
			"translation": [-2.12, 7.45, 1.13],
			"scale": [0.68, 0.68, 0.68]
		},
		"firstperson_lefthand": {
			"rotation": [-180, 0, -180],
			"translation": [-2.12, 7.45, 1.13],
			"scale": [0.68, 0.68, 0.68]
		},
		"ground": {
			"rotation": [128, -180, 0],
			"translation": [0, -1, 1.75],
			"scale": [0.5, 0.5, 0.5]
		},
		"gui": {
			"rotation": [27, 146, 0],
			"translation": [0, 6, 0],
			"scale": [1.5, 1.5, 1.5]
		},
		"head": {
			"translation": [0, 14.5, 0.25]
		},
		"fixed": {
			"translation": [0, 6.5, 0.75],
			"scale": [1.5, 1.5, 1.5]
		}
	},
	"groups": [
		{
			"name": "base",
			"origin": [8, 8, 8],
			"color": 0,
			"children": [
				0,
				{
					"name": "second_layer",
					"origin": [8, 8, 8],
					"color": 0,
					"children": [
						{
							"name": "idk_what_is_this_actually",
							"origin": [8, 8, 8],
							"color": 0,
							"children": [1, 2, 3, 4]
						}
					]
				},
				{
					"name": "spikes_(?)",
					"origin": [8, 8, 8],
					"color": 0,
					"children": [
						{
							"name": "top",
							"origin": [8, 8, 8],
							"color": 0,
							"children": [5]
						},
						{
							"name": "bottom",
							"origin": [8, 8, 8],
							"color": 0,
							"children": [6]
						},
						{
							"name": "vertical",
							"origin": [8, 8, 8],
							"color": 0,
							"children": [7]
						}
					]
				}
			]
		}
	]
}