{
	"format_version": "1.21.6",
	"credit": "Made with Blockbench",
	"texture_size": [32, 32],
	"textures": {
		"4": "item/rethoughted_spawn_eggs/skeleton_horse_spawn_egg_3d"
	},
	"elements": [
		{
			"from": [5, 0, 5],
			"to": [11, 7, 11],
			"rotation": {"angle": 0, "axis": "y", "origin": [5, 0, 5]},
			"faces": {
				"north": {"uv": [0, 0, 3, 3.5], "texture": "#4"},
				"east": {"uv": [3, 0, 6, 3.5], "texture": "#4"},
				"south": {"uv": [0, 3.5, 3, 7], "texture": "#4"},
				"west": {"uv": [3, 3.5, 6, 7], "texture": "#4"},
				"up": {"uv": [9, 3, 6, 0], "texture": "#4"},
				"down": {"uv": [9, 3, 6, 6], "texture": "#4"}
			}
		},
		{
			"from": [6, 0, 3],
			"to": [10, 3, 5],
			"rotation": {"angle": 0, "axis": "y", "origin": [7, 0, 3]},
			"faces": {
				"north": {"uv": [3.5, 7, 5.5, 8.5], "texture": "#4"},
				"east": {"uv": [2, 8.5, 3, 10], "texture": "#4"},
				"south": {"uv": [5.5, 7.5, 7.5, 9], "texture": "#4"},
				"west": {"uv": [3, 8.5, 4, 10], "texture": "#4"},
				"up": {"uv": [9.5, 8.5, 7.5, 7.5], "texture": "#4"},
				"down": {"uv": [2, 8.5, 0, 9.5], "texture": "#4"}
			}
		},
		{
			"from": [4.75, 0.75, 11.25],
			"to": [11.25, 3.25, 11.25],
			"rotation": {"angle": 0, "axis": "y", "origin": [7, 0, 9]},
			"faces": {
				"north": {"uv": [6, 6, 9.5, 7.5], "texture": "#4"},
				"east": {"uv": [0, 0, 0, 1.5], "texture": "#4"},
				"south": {"uv": [6, 6, 9.5, 7.5], "texture": "#4"},
				"west": {"uv": [0, 0, 0, 1.5], "texture": "#4"},
				"up": {"uv": [3.5, 0, 0, 0], "texture": "#4"},
				"down": {"uv": [3.5, 0, 0, 0], "texture": "#4"}
			}
		},
		{
			"from": [4.75, 0.75, 4.75],
			"to": [4.75, 3.25, 11.25],
			"rotation": {"angle": 0, "axis": "y", "origin": [-1, 0, -1]},
			"faces": {
				"north": {"uv": [0, 0, 0, 1.5], "texture": "#4"},
				"east": {"uv": [0, 7, 3.5, 8.5], "texture": "#4"},
				"south": {"uv": [0, 0, 0, 1.5], "texture": "#4"},
				"west": {"uv": [3.5, 7, 0, 8.5], "texture": "#4"},
				"up": {"uv": [0, 3.5, 0, 0], "texture": "#4"},
				"down": {"uv": [0, 0, 0, 3.5], "texture": "#4"}
			}
		},
		{
			"from": [11.25, 0.75, 4.75],
			"to": [11.25, 3.25, 11.25],
			"rotation": {"angle": 0, "axis": "y", "origin": [5, 0, -1]},
			"faces": {
				"north": {"uv": [0, 0, 0, 1.5], "texture": "#4"},
				"east": {"uv": [0, 7, 3.5, 8.5], "texture": "#4"},
				"south": {"uv": [0, 0, 0, 1.5], "texture": "#4"},
				"west": {"uv": [3.5, 7, 0, 8.5], "texture": "#4"},
				"up": {"uv": [0, 3.5, 0, 0], "texture": "#4"},
				"down": {"uv": [0, 0, 0, 3.5], "texture": "#4"}
			}
		}
	],
	"display": {
		"thirdperson_righthand": {
			"rotation": [-180, 0, -180],
			"translation": [0, 4, 1],
			"scale": [0.55, 0.55, 0.55]
		},
		"thirdperson_lefthand": {
			"rotation": [-180, 0, -180],
			"translation": [0, 4, 1],
			"scale": [0.55, 0.55, 0.55]
		},
		"firstperson_righthand": {
			"rotation": [-180, 0, -180],
			"translation": [-2.12, 7.45, 1.13],
			"scale": [0.68, 0.68, 0.68]
		},
		"firstperson_lefthand": {
			"rotation": [-180, 0, -180],
			"translation": [-2.12, 7.45, 1.13],
			"scale": [0.68, 0.68, 0.68]
		},
		"ground": {
			"rotation": [128, -180, 0],
			"translation": [0, -1, 1.75],
			"scale": [0.5, 0.5, 0.5]
		},
		"gui": {
			"rotation": [27, 146, 0],
			"translation": [0, 6, 0],
			"scale": [1.5, 1.5, 1.5]
		},
		"head": {
			"translation": [0, 14.5, 0.25]
		},
		"fixed": {
			"translation": [0, 6.5, 0.75],
			"scale": [1.5, 1.5, 1.5]
		}
	},
	"groups": [
		{
			"name": "base",
			"origin": [8, 8, 8],
			"color": 0,
			"children": [
				0,
				{
					"name": "mouth",
					"origin": [8, 8, 8],
					"color": 0,
					"children": [1]
				},
				{
					"name": "ribs",
					"origin": [8, 8, 8],
					"color": 0,
					"children": [2, 3, 4]
				}
			]
		}
	]
}