{
	"format_version": "1.21.6",
	"credit": "Made with Blockbench",
	"texture_size": [32, 32],
	"textures": {
		"5": "item/rethoughted_spawn_eggs/sniffer_spawn_egg_3d"
	},
	"elements": [
		{
			"from": [5, 0, 5],
			"to": [11, 7, 11],
			"rotation": {"angle": 0, "axis": "y", "origin": [5, 0, 5]},
			"faces": {
				"north": {"uv": [7, 3.5, 10, 7], "texture": "#5"},
				"east": {"uv": [7, 7, 10, 10.5], "texture": "#5"},
				"south": {"uv": [0, 8, 3, 11.5], "texture": "#5"},
				"west": {"uv": [3, 8, 6, 11.5], "texture": "#5"},
				"up": {"uv": [13, 6.5, 10, 3.5], "texture": "#5"},
				"down": {"uv": [13, 6.5, 10, 9.5], "texture": "#5"}
			}
		},
		{
			"from": [11.25, 2.75, 4.75],
			"to": [11.25, 7.25, 11.25],
			"rotation": {"angle": 0, "axis": "y", "origin": [9, 0, 5]},
			"faces": {
				"north": {"uv": [0, 0, 0, 4], "texture": "#5"},
				"east": {"uv": [0, 0.5, 3, 2.5], "texture": "#5"},
				"south": {"uv": [0, 0, 0, 4], "texture": "#5"},
				"west": {"uv": [3, 0.5, 0, 2.5], "texture": "#5"},
				"up": {"uv": [0, 3.5, 0, 0], "texture": "#5"},
				"down": {"uv": [0, 0, 0, 3.5], "texture": "#5"}
			}
		},
		{
			"from": [4.75, 2.75, 4.75],
			"to": [4.75, 7.25, 11.25],
			"rotation": {"angle": 0, "axis": "y", "origin": [3, 0, 5]},
			"faces": {
				"north": {"uv": [0, 0, 0, 4], "texture": "#5"},
				"east": {"uv": [6.5, 0, 3.5, 2], "texture": "#5"},
				"south": {"uv": [0, 0, 0, 4], "texture": "#5"},
				"west": {"uv": [3.5, 0, 6.5, 2], "texture": "#5"},
				"up": {"uv": [0, 0, 0, 3.5], "texture": "#5"},
				"down": {"uv": [0, 0, 0, 3.5], "texture": "#5"}
			}
		},
		{
			"from": [4.75, 2.75, 11.25],
			"to": [11.25, 7.25, 11.25],
			"rotation": {"angle": 0, "axis": "y", "origin": [5, 0, 10]},
			"faces": {
				"north": {"uv": [3, 4, 0, 6], "texture": "#5"},
				"east": {"uv": [0, 0, 0, 4], "texture": "#5"},
				"south": {"uv": [0, 4, 3, 6], "texture": "#5"},
				"west": {"uv": [0, 0, 0, 4], "texture": "#5"},
				"up": {"uv": [3.5, 0, 0, 0], "texture": "#5"},
				"down": {"uv": [0, 0, 3.5, 0], "texture": "#5"}
			}
		},
		{
			"from": [4.75, 2.75, 4.75],
			"to": [11.25, 7.25, 4.75],
			"rotation": {"angle": 0, "axis": "y", "origin": [5, 0, 4]},
			"faces": {
				"north": {"uv": [3.5, 4.5, 6.5, 6.5], "texture": "#5"},
				"east": {"uv": [0, 0, 0, 4], "texture": "#5"},
				"south": {"uv": [6.5, 4.5, 3.5, 6.5], "texture": "#5"},
				"west": {"uv": [0, 0, 0, 4], "texture": "#5"},
				"up": {"uv": [0, 0, 3.5, 0], "texture": "#5"},
				"down": {"uv": [0, 0, 3.5, 0], "texture": "#5"}
			}
		},
		{
			"from": [4.75, 7.25, 4.75],
			"to": [11.25, 7.25, 11.25],
			"rotation": {"angle": 0, "axis": "y", "origin": [5, 6, 5]},
			"faces": {
				"north": {"uv": [0, 0, 3.5, 0], "texture": "#5"},
				"east": {"uv": [0, 0, 3.5, 0], "texture": "#5"},
				"south": {"uv": [0, 0, 3.5, 0], "texture": "#5"},
				"west": {"uv": [0, 0, 3.5, 0], "texture": "#5"},
				"up": {"uv": [10, 3.5, 7, 0.5], "texture": "#5"},
				"down": {"uv": [10, 0.5, 7, 3.5], "texture": "#5"}
			}
		},
		{
			"from": [5, 0, 3],
			"to": [11, 5, 5],
			"rotation": {"angle": 0, "axis": "y", "origin": [7, 0, 3]},
			"faces": {
				"north": {"uv": [10, 9.5, 13, 12], "texture": "#5"},
				"east": {"uv": [6, 8, 7, 10.5], "texture": "#5"},
				"south": {"uv": [10.5, 0, 13.5, 2.5], "texture": "#5"},
				"west": {"uv": [9, 10.5, 10, 13], "texture": "#5"},
				"up": {"uv": [13.5, 3.5, 10.5, 2.5], "texture": "#5"},
				"down": {"uv": [9, 10.5, 6, 11.5], "texture": "#5"}
			}
		}
	],
	"display": {
		"thirdperson_righthand": {
			"rotation": [-180, 0, -180],
			"translation": [0, 4, 1],
			"scale": [0.55, 0.55, 0.55]
		},
		"thirdperson_lefthand": {
			"rotation": [-180, 0, -180],
			"translation": [0, 4, 1],
			"scale": [0.55, 0.55, 0.55]
		},
		"firstperson_righthand": {
			"rotation": [-180, 0, -180],
			"translation": [-2.12, 7.45, 1.13],
			"scale": [0.68, 0.68, 0.68]
		},
		"firstperson_lefthand": {
			"rotation": [-180, 0, -180],
			"translation": [-2.12, 7.45, 1.13],
			"scale": [0.68, 0.68, 0.68]
		},
		"ground": {
			"rotation": [128, -180, 0],
			"translation": [0, -1, 1.75],
			"scale": [0.5, 0.5, 0.5]
		},
		"gui": {
			"rotation": [27, 146, 0],
			"translation": [0, 6, 0],
			"scale": [1.5, 1.5, 1.5]
		},
		"head": {
			"translation": [0, 14.5, 0.25]
		},
		"fixed": {
			"translation": [0, 6.5, 0.75],
			"scale": [1.5, 1.5, 1.5]
		}
	},
	"groups": [
		{
			"name": "base",
			"origin": [8, 8, 8],
			"color": 0,
			"children": [
				0,
				{
					"name": "second_layer",
					"origin": [8, 8, 8],
					"color": 0,
					"children": [
						{
							"name": "hair",
							"origin": [8, 8, 8],
							"color": 0,
							"children": [1, 2, 3, 4, 5]
						}
					]
				},
				{
					"name": "mouth",
					"origin": [8, 8, 8],
					"color": 0,
					"children": [6]
				}
			]
		}
	]
}