{
	"format_version": "1.21.6",
	"credit": "Made with Blockbench",
	"texture_size": [32, 32],
	"textures": {
		"2": "item/rethoughted_spawn_eggs/snow_golem_spawn_egg_3d"
	},
	"elements": [
		{
			"from": [5, 0, 5],
			"to": [11, 7, 11],
			"rotation": {"angle": 0, "axis": "y", "origin": [5, 0, 5]},
			"faces": {
				"north": {"uv": [0, 0, 3, 3.5], "texture": "#2"},
				"east": {"uv": [3, 0, 6, 3.5], "texture": "#2"},
				"south": {"uv": [0, 3.5, 3, 7], "texture": "#2"},
				"west": {"uv": [3, 3.5, 6, 7], "texture": "#2"},
				"up": {"uv": [9, 10, 6, 7], "texture": "#2"},
				"down": {"uv": [12, 0, 9, 3], "texture": "#2"}
			}
		},
		{
			"from": [4.875, 7.125, 4.875],
			"to": [11.125, 7.125, 11.125],
			"rotation": {"angle": 0, "axis": "y", "origin": [6, 6, 8]},
			"faces": {
				"north": {"uv": [0, 0, 3, 0], "texture": "#2"},
				"east": {"uv": [0, 0, 3, 0], "texture": "#2"},
				"south": {"uv": [0, 0, 3, 0], "texture": "#2"},
				"west": {"uv": [0, 0, 3, 0], "texture": "#2"},
				"up": {"uv": [12, 6, 9, 3], "texture": "#2"},
				"down": {"uv": [12, 3, 9, 6], "texture": "#2"}
			}
		},
		{
			"from": [11.125, -0.125, 4.875],
			"to": [11.125, 7.125, 11.125],
			"rotation": {"angle": 0, "axis": "y", "origin": [6, 0, 5]},
			"faces": {
				"north": {"uv": [0, 0, 0, 3.5], "texture": "#2"},
				"east": {"uv": [6, 0, 9, 3.5], "texture": "#2"},
				"south": {"uv": [0, 0, 0, 3.5], "texture": "#2"},
				"west": {"uv": [9, 0, 6, 3.5], "texture": "#2"},
				"up": {"uv": [0, 3, 0, 0], "texture": "#2"},
				"down": {"uv": [0, 0, 0, 3], "texture": "#2"}
			}
		},
		{
			"from": [4.875, -0.125, 4.875],
			"to": [4.875, 7.125, 11.125],
			"rotation": {"angle": 0, "axis": "y", "origin": [-1, 0, 5]},
			"faces": {
				"north": {"uv": [0, 0, 0, 3.5], "texture": "#2"},
				"east": {"uv": [6, 3.5, 9, 7], "texture": "#2"},
				"south": {"uv": [0, 0, 0, 3.5], "texture": "#2"},
				"west": {"uv": [6, 3.5, 9, 7], "texture": "#2"},
				"up": {"uv": [0, 3, 0, 0], "texture": "#2"},
				"down": {"uv": [0, 0, 0, 3], "texture": "#2"}
			}
		},
		{
			"from": [4.875, -0.125, 11.125],
			"to": [11.125, 7.125, 11.125],
			"rotation": {"angle": 0, "axis": "y", "origin": [4, 0, 8]},
			"faces": {
				"north": {"uv": [0, 7, 3, 10.5], "texture": "#2"},
				"east": {"uv": [0, 0, 0, 3.5], "texture": "#2"},
				"south": {"uv": [0, 7, 3, 10.5], "texture": "#2"},
				"west": {"uv": [0, 0, 0, 3.5], "texture": "#2"},
				"up": {"uv": [3, 0, 0, 0], "texture": "#2"},
				"down": {"uv": [3, 0, 0, 0], "texture": "#2"}
			}
		},
		{
			"from": [4.875, -0.125, 4.875],
			"to": [11.125, 7.125, 4.875],
			"rotation": {"angle": 0, "axis": "y", "origin": [4, 0, 2]},
			"faces": {
				"north": {"uv": [3, 7, 6, 10.5], "texture": "#2"},
				"east": {"uv": [0, 0, 0, 3.5], "texture": "#2"},
				"south": {"uv": [6, 7, 3, 10.5], "texture": "#2"},
				"west": {"uv": [0, 0, 0, 3.5], "texture": "#2"},
				"up": {"uv": [3, 0, 0, 0], "texture": "#2"},
				"down": {"uv": [3, 0, 0, 0], "texture": "#2"}
			}
		},
		{
			"from": [8, 7.125, 6.75],
			"to": [8, 8.125, 9.25],
			"rotation": {"angle": 45, "axis": "y", "origin": [8, 7, 8]},
			"faces": {
				"north": {"uv": [0, 0, 0, 0.5], "texture": "#2"},
				"east": {"uv": [9, 6, 10, 6.5], "texture": "#2"},
				"south": {"uv": [0, 0, 0, 0.5], "texture": "#2"},
				"west": {"uv": [9, 6, 10, 6.5], "texture": "#2"},
				"up": {"uv": [0, 1.5, 0, 0], "texture": "#2"},
				"down": {"uv": [0, 0, 0, 1.5], "texture": "#2"}
			}
		},
		{
			"from": [8, 7.125, 6.75],
			"to": [8, 8.125, 9.25],
			"rotation": {"angle": -45, "axis": "y", "origin": [8, 7, 8]},
			"faces": {
				"north": {"uv": [0, 0, 0, 0.5], "texture": "#2"},
				"east": {"uv": [9, 6, 10, 6.5], "texture": "#2"},
				"south": {"uv": [0, 0, 0, 0.5], "texture": "#2"},
				"west": {"uv": [9, 6, 10, 6.5], "texture": "#2"},
				"up": {"uv": [0, 0, 0, 1.5], "texture": "#2"},
				"down": {"uv": [0, 0, 0, 1.5], "texture": "#2"}
			}
		},
		{
			"from": [10.85, 4, 7.5],
			"to": [13.85, 4, 8.5],
			"rotation": {"angle": -42.5, "axis": "z", "origin": [11, 4, 7.5]},
			"faces": {
				"north": {"uv": [0, 0, 1.5, 0], "texture": "#2"},
				"east": {"uv": [0, 0, 0.5, 0], "texture": "#2"},
				"south": {"uv": [0, 0, 1.5, 0], "texture": "#2"},
				"west": {"uv": [0, 0, 0.5, 0], "texture": "#2"},
				"up": {"uv": [10.5, 7, 9, 6.5], "texture": "#2"},
				"down": {"uv": [10.5, 6.5, 9, 7], "texture": "#2"}
			}
		},
		{
			"from": [5, 1, 7.5],
			"to": [5, 4, 8.5],
			"rotation": {"angle": -42.5, "axis": "z", "origin": [5, 4, 7.5]},
			"faces": {
				"north": {"uv": [0, 0, 0, 1.5], "texture": "#2"},
				"east": {"uv": [9, 7, 9.5, 8.5], "texture": "#2"},
				"south": {"uv": [0, 0, 0, 1.5], "texture": "#2"},
				"west": {"uv": [9, 7, 9.5, 8.5], "texture": "#2"},
				"up": {"uv": [0, 0.5, 0, 0], "texture": "#2"},
				"down": {"uv": [0, 0, 0, 0.5], "texture": "#2"}
			}
		}
	],
	"display": {
		"thirdperson_righthand": {
			"rotation": [-180, 0, -180],
			"translation": [0, 4, 1],
			"scale": [0.55, 0.55, 0.55]
		},
		"thirdperson_lefthand": {
			"rotation": [-180, 0, -180],
			"translation": [0, 4, 1],
			"scale": [0.55, 0.55, 0.55]
		},
		"firstperson_righthand": {
			"rotation": [-180, 0, -180],
			"translation": [-2.12, 7.45, 1.13],
			"scale": [0.68, 0.68, 0.68]
		},
		"firstperson_lefthand": {
			"rotation": [-180, 0, -180],
			"translation": [-2.12, 7.45, 1.13],
			"scale": [0.68, 0.68, 0.68]
		},
		"ground": {
			"rotation": [128, -180, 0],
			"translation": [0, -1, 1.75],
			"scale": [0.5, 0.5, 0.5]
		},
		"gui": {
			"rotation": [27, 146, 0],
			"translation": [0, 6, 0],
			"scale": [1.5, 1.5, 1.5]
		},
		"head": {
			"translation": [0, 14.5, 0.25]
		},
		"fixed": {
			"translation": [0, 6.5, 0.75],
			"scale": [1.5, 1.5, 1.5]
		}
	},
	"groups": [
		{
			"name": "base",
			"origin": [8, 8, 8],
			"color": 0,
			"children": [
				0,
				{
					"name": "pumpkin",
					"origin": [8, 8, 8],
					"color": 0,
					"children": [
						{
							"name": "base",
							"origin": [8, 8, 8],
							"color": 0,
							"children": [1, 2, 3, 4, 5]
						},
						{
							"name": "sapling",
							"origin": [8, 8, 8],
							"color": 0,
							"children": [6, 7]
						}
					]
				},
				{
					"name": "sticks",
					"origin": [8, 8, 8],
					"color": 0,
					"children": [
						{
							"name": "right",
							"origin": [8, 8, 8],
							"color": 0,
							"children": [8]
						},
						{
							"name": "left",
							"origin": [8, 8, 8],
							"color": 0,
							"children": [9]
						}
					]
				}
			]
		}
	]
}