{
	"format_version": "1.21.6",
	"credit": "Made with Blockbench",
	"texture_size": [32, 32],
	"textures": {
		"1": "item/rethoughted_spawn_eggs/spider_spawn_egg_3d",
		"particle": "item/rethoughted_spawn_eggs/spider_spawn_egg_3d"
	},
	"elements": [
		{
			"from": [5, 0, 5],
			"to": [11, 7, 11],
			"rotation": {"angle": 0, "axis": "y", "origin": [5, 0, 5]},
			"faces": {
				"north": {"uv": [0, 0, 3, 3.5], "texture": "#1"},
				"east": {"uv": [3, 0, 6, 3.5], "texture": "#1"},
				"south": {"uv": [0, 3.5, 3, 7], "texture": "#1"},
				"west": {"uv": [3, 3.5, 6, 7], "texture": "#1"},
				"up": {"uv": [9, 3, 6, 0], "texture": "#1"},
				"down": {"uv": [9, 3, 6, 6], "texture": "#1"}
			}
		},
		{
			"from": [1, 0, 7.5],
			"to": [4, 1, 8.5],
			"rotation": {"angle": -45, "axis": "y", "origin": [8, 0, 8]},
			"faces": {
				"north": {"uv": [11, 2.5, 9.5, 3], "texture": "#1"},
				"east": {"uv": [11.5, 2.5, 11, 3], "texture": "#1"},
				"south": {"uv": [13, 2.5, 11.5, 3], "texture": "#1"},
				"west": {"uv": [9.5, 2.5, 9, 3], "texture": "#1"},
				"up": {"uv": [9.5, 2.5, 11, 2], "texture": "#1"},
				"down": {"uv": [11, 2, 12.5, 2.5], "texture": "#1"}
			}
		},
		{
			"from": [7.5, 0, 1],
			"to": [8.5, 1, 4],
			"rotation": {"angle": -45, "axis": "y", "origin": [8, 0, 8]},
			"faces": {
				"north": {"uv": [11, 1.5, 10.5, 2], "texture": "#1"},
				"east": {"uv": [12.5, 1.5, 11, 2], "texture": "#1"},
				"south": {"uv": [13, 1.5, 12.5, 2], "texture": "#1"},
				"west": {"uv": [10.5, 1.5, 9, 2], "texture": "#1"},
				"up": {"uv": [10.5, 1.5, 11, 0], "texture": "#1"},
				"down": {"uv": [11, 0, 11.5, 1.5], "texture": "#1"}
			}
		},
		{
			"from": [2, 0, 7.5],
			"to": [5, 1, 8.5],
			"rotation": {"angle": -17.5, "axis": "y", "origin": [8, 0, 8]},
			"faces": {
				"north": {"uv": [11, 2.5, 9.5, 3], "texture": "#1"},
				"east": {"uv": [11.5, 2.5, 11, 3], "texture": "#1"},
				"south": {"uv": [13, 2.5, 11.5, 3], "texture": "#1"},
				"west": {"uv": [9.5, 2.5, 9, 3], "texture": "#1"},
				"up": {"uv": [9.5, 2.5, 11, 2], "texture": "#1"},
				"down": {"uv": [11, 2, 12.5, 2.5], "texture": "#1"}
			}
		},
		{
			"from": [11, 0, 7.5],
			"to": [14, 1, 8.5],
			"rotation": {"angle": 17.5, "axis": "y", "origin": [8, 0, 8]},
			"faces": {
				"north": {"uv": [9.5, 2.5, 11, 3], "texture": "#1"},
				"east": {"uv": [9, 2.5, 9.5, 3], "texture": "#1"},
				"south": {"uv": [11.5, 2.5, 13, 3], "texture": "#1"},
				"west": {"uv": [11, 2.5, 11.5, 3], "texture": "#1"},
				"up": {"uv": [11, 2.5, 9.5, 2], "texture": "#1"},
				"down": {"uv": [12.5, 2, 11, 2.5], "texture": "#1"}
			}
		},
		{
			"from": [2, 0, 7.5],
			"to": [5, 1, 8.5],
			"rotation": {"angle": 17.5, "axis": "y", "origin": [8, 0, 8]},
			"faces": {
				"north": {"uv": [11, 2.5, 9.5, 3], "texture": "#1"},
				"east": {"uv": [11.5, 2.5, 11, 3], "texture": "#1"},
				"south": {"uv": [13, 2.5, 11.5, 3], "texture": "#1"},
				"west": {"uv": [9.5, 2.5, 9, 3], "texture": "#1"},
				"up": {"uv": [9.5, 2.5, 11, 2], "texture": "#1"},
				"down": {"uv": [11, 2, 12.5, 2.5], "texture": "#1"}
			}
		},
		{
			"from": [11, 0, 7.5],
			"to": [14, 1, 8.5],
			"rotation": {"angle": -17.5, "axis": "y", "origin": [8, 0, 8]},
			"faces": {
				"north": {"uv": [9.5, 2.5, 11, 3], "texture": "#1"},
				"east": {"uv": [9, 2.5, 9.5, 3], "texture": "#1"},
				"south": {"uv": [11.5, 2.5, 13, 3], "texture": "#1"},
				"west": {"uv": [11, 2.5, 11.5, 3], "texture": "#1"},
				"up": {"uv": [11, 2.5, 9.5, 2], "texture": "#1"},
				"down": {"uv": [12.5, 2, 11, 2.5], "texture": "#1"}
			}
		},
		{
			"from": [7.5, 0, 12],
			"to": [8.5, 1, 15],
			"rotation": {"angle": 45, "axis": "y", "origin": [8, 0, 8]},
			"faces": {
				"north": {"uv": [10.5, 4.5, 11, 5], "texture": "#1"},
				"east": {"uv": [9, 4.5, 10.5, 5], "texture": "#1"},
				"south": {"uv": [12.5, 4.5, 13, 5], "texture": "#1"},
				"west": {"uv": [11, 4.5, 12.5, 5], "texture": "#1"},
				"up": {"uv": [11, 4.5, 10.5, 3], "texture": "#1"},
				"down": {"uv": [11.5, 3, 11, 4.5], "texture": "#1"}
			}
		},
		{
			"from": [7.5, 0, 12],
			"to": [8.5, 1, 15],
			"rotation": {"angle": -45, "axis": "y", "origin": [8, 0, 8]},
			"faces": {
				"north": {"uv": [10.5, 4.5, 11, 5], "texture": "#1"},
				"east": {"uv": [9, 4.5, 10.5, 5], "texture": "#1"},
				"south": {"uv": [12.5, 4.5, 13, 5], "texture": "#1"},
				"west": {"uv": [11, 4.5, 12.5, 5], "texture": "#1"},
				"up": {"uv": [11, 4.5, 10.5, 3], "texture": "#1"},
				"down": {"uv": [11.5, 3, 11, 4.5], "texture": "#1"}
			}
		},
		{
			"from": [9, 1, 4.75],
			"to": [10, 3, 4.75],
			"rotation": {"angle": 0, "axis": "y", "origin": [8, 1, 2]},
			"faces": {
				"north": {"uv": [6, 6, 6.5, 7], "texture": "#1"},
				"east": {"uv": [0, 0, 0, 1], "texture": "#1"},
				"south": {"uv": [6, 6, 6.5, 7], "texture": "#1"},
				"west": {"uv": [0, 0, 0, 1], "texture": "#1"},
				"up": {"uv": [0, 0, 0.5, 0], "texture": "#1"},
				"down": {"uv": [0, 0, 0.5, 0], "texture": "#1"}
			}
		},
		{
			"from": [6, 1, 4.75],
			"to": [7, 3, 4.75],
			"rotation": {"angle": 0, "axis": "y", "origin": [5, 1, 2]},
			"faces": {
				"north": {"uv": [6, 6, 6.5, 7], "texture": "#1"},
				"east": {"uv": [0, 0, 0, 1], "texture": "#1"},
				"south": {"uv": [6, 6, 6.5, 7], "texture": "#1"},
				"west": {"uv": [0, 0, 0, 1], "texture": "#1"},
				"up": {"uv": [0, 0, 0.5, 0], "texture": "#1"},
				"down": {"uv": [0, 0, 0.5, 0], "texture": "#1"}
			}
		},
		{
			"from": [11.25, 2, 6],
			"to": [11.25, 3, 7],
			"rotation": {"angle": 0, "axis": "y", "origin": [10, 1, 4]},
			"faces": {
				"north": {"uv": [0, 0, 0, 0.5], "texture": "#1"},
				"east": {"uv": [6, 6.5, 6.5, 7], "texture": "#1"},
				"south": {"uv": [0, 0, 0, 0.5], "texture": "#1"},
				"west": {"uv": [6, 6.5, 6.5, 7], "texture": "#1"},
				"up": {"uv": [0, 0, 0, 0.5], "texture": "#1"},
				"down": {"uv": [0, 0, 0, 0.5], "texture": "#1"}
			}
		},
		{
			"from": [4.75, 2, 6],
			"to": [4.75, 3, 7],
			"rotation": {"angle": 0, "axis": "y", "origin": [3, 1, 4]},
			"faces": {
				"north": {"uv": [0, 0, 0, 0.5], "texture": "#1"},
				"east": {"uv": [6, 6.5, 6.5, 7], "texture": "#1"},
				"south": {"uv": [0, 0, 0, 0.5], "texture": "#1"},
				"west": {"uv": [6, 6.5, 6.5, 7], "texture": "#1"},
				"up": {"uv": [0, 0, 0, 0.5], "texture": "#1"},
				"down": {"uv": [0, 0, 0, 0.5], "texture": "#1"}
			}
		}
	],
	"display": {
		"thirdperson_righthand": {
			"rotation": [-180, 0, -180],
			"translation": [0, 4, 1],
			"scale": [0.55, 0.55, 0.55]
		},
		"thirdperson_lefthand": {
			"rotation": [-180, 0, -180],
			"translation": [0, 4, 1],
			"scale": [0.55, 0.55, 0.55]
		},
		"firstperson_righthand": {
			"rotation": [-180, 0, -180],
			"translation": [-2.12, 7.45, 1.13],
			"scale": [0.68, 0.68, 0.68]
		},
		"firstperson_lefthand": {
			"rotation": [-180, 0, -180],
			"translation": [-2.12, 7.45, 1.13],
			"scale": [0.68, 0.68, 0.68]
		},
		"ground": {
			"rotation": [128, -180, 0],
			"translation": [0, -1, 1.75],
			"scale": [0.5, 0.5, 0.5]
		},
		"gui": {
			"rotation": [27, 146, 0],
			"translation": [0, 6, 0],
			"scale": [1.5, 1.5, 1.5]
		},
		"head": {
			"translation": [0, 14.5, 0.25]
		},
		"fixed": {
			"translation": [0, 6.5, 0.75],
			"scale": [1.5, 1.5, 1.5]
		}
	},
	"groups": [
		{
			"name": "base",
			"origin": [8, 8, 8],
			"color": 0,
			"children": [
				0,
				{
					"name": "legs",
					"origin": [8, 8, 8],
					"color": 0,
					"children": [
						{
							"name": "front",
							"origin": [8, 8, 8],
							"color": 0,
							"children": [
								{
									"name": "right",
									"origin": [8, 8, 8],
									"color": 0,
									"children": [1]
								},
								{
									"name": "left",
									"origin": [8, 8, 8],
									"color": 0,
									"children": [2]
								}
							]
						},
						{
							"name": "middle_front",
							"origin": [8, 8, 8],
							"color": 0,
							"children": [
								{
									"name": "right",
									"origin": [8, 8, 8],
									"color": 0,
									"children": [3]
								},
								{
									"name": "left",
									"origin": [8, 8, 8],
									"color": 0,
									"children": [4]
								}
							]
						},
						{
							"name": "middle_back",
							"origin": [8, 8, 8],
							"color": 0,
							"children": [
								{
									"name": "right",
									"origin": [8, 8, 8],
									"color": 0,
									"children": [5]
								},
								{
									"name": "left",
									"origin": [8, 8, 8],
									"color": 0,
									"children": [6]
								}
							]
						},
						{
							"name": "back",
							"origin": [8, 8, 8],
							"color": 0,
							"children": [
								{
									"name": "left",
									"origin": [8, 8, 8],
									"color": 0,
									"children": [7]
								},
								{
									"name": "right",
									"origin": [8, 8, 8],
									"color": 0,
									"children": [8]
								}
							]
						}
					]
				},
				{
					"name": "second_layer",
					"origin": [8, 8, 8],
					"color": 0,
					"children": [
						{
							"name": "chelicerae",
							"origin": [8, 8, 8],
							"color": 0,
							"children": [
								{
									"name": "front",
									"origin": [8, 8, 8],
									"color": 0,
									"children": [
										{
											"name": "left",
											"origin": [8, 8, 8],
											"color": 0,
											"children": [9]
										},
										{
											"name": "right",
											"origin": [8, 8, 8],
											"color": 0,
											"children": [10]
										}
									]
								},
								{
									"name": "side",
									"origin": [8, 8, 8],
									"color": 0,
									"children": [
										{
											"name": "left",
											"origin": [8, 8, 8],
											"color": 0,
											"children": [11]
										},
										{
											"name": "right",
											"origin": [8, 8, 8],
											"color": 0,
											"children": [12]
										}
									]
								}
							]
						}
					]
				}
			]
		}
	]
}