{
	"format_version": "1.21.6",
	"credit": "Made with Blockbench",
	"texture_size": [32, 32],
	"textures": {
		"1": "item/rethoughted_spawn_eggs/stray_spawn_egg_3d",
		"particle": "item/rethoughted_spawn_eggs/stray_spawn_egg_3d"
	},
	"elements": [
		{
			"from": [5, 0, 5],
			"to": [11, 7, 11],
			"rotation": {"angle": 0, "axis": "y", "origin": [5, 0, 5]},
			"faces": {
				"north": {"uv": [7, 7, 10, 10.5], "texture": "#1"},
				"east": {"uv": [0, 8, 3, 11.5], "texture": "#1"},
				"south": {"uv": [3, 8, 6, 11.5], "texture": "#1"},
				"west": {"uv": [10, 7, 13, 10.5], "texture": "#1"},
				"up": {"uv": [13.5, 3, 10.5, 0], "texture": "#1"},
				"down": {"uv": [13.5, 3, 10.5, 6], "texture": "#1"}
			}
		},
		{
			"from": [4.75, 0.5, 4.75],
			"to": [11.25, 3.5, 4.75],
			"rotation": {"angle": 0, "axis": "y", "origin": [7, 0, 3]},
			"faces": {
				"north": {"uv": [6, 10.5, 9.5, 12], "texture": "#1"},
				"east": {"uv": [0, 0, 0, 1.5], "texture": "#1"},
				"south": {"uv": [6, 10.5, 9.5, 12], "texture": "#1"},
				"west": {"uv": [0, 0, 0, 1.5], "texture": "#1"},
				"up": {"uv": [3.5, 0, 0, 0], "texture": "#1"},
				"down": {"uv": [3.5, 0, 0, 0], "texture": "#1"}
			}
		},
		{
			"from": [4.75, 0.5, 11.25],
			"to": [11.25, 3.5, 11.25],
			"rotation": {"angle": 0, "axis": "y", "origin": [7, 0, 9]},
			"faces": {
				"north": {"uv": [9.5, 10.5, 13, 12], "texture": "#1"},
				"east": {"uv": [0, 0, 0, 1.5], "texture": "#1"},
				"south": {"uv": [9.5, 10.5, 13, 12], "texture": "#1"},
				"west": {"uv": [0, 0, 0, 1.5], "texture": "#1"},
				"up": {"uv": [3.5, 0, 0, 0], "texture": "#1"},
				"down": {"uv": [3.5, 0, 0, 0], "texture": "#1"}
			}
		},
		{
			"from": [4.75, 0.5, 4.75],
			"to": [4.75, 3.5, 11.25],
			"rotation": {"angle": 0, "axis": "y", "origin": [-1, 0, -1]},
			"faces": {
				"north": {"uv": [0, 0, 0, 1.5], "texture": "#1"},
				"east": {"uv": [0, 11.5, 3.5, 13], "texture": "#1"},
				"south": {"uv": [0, 0, 0, 1.5], "texture": "#1"},
				"west": {"uv": [0, 11.5, 3.5, 13], "texture": "#1"},
				"up": {"uv": [0, 3.5, 0, 0], "texture": "#1"},
				"down": {"uv": [0, 0, 0, 3.5], "texture": "#1"}
			}
		},
		{
			"from": [11.25, 0.5, 4.75],
			"to": [11.25, 3.5, 11.25],
			"rotation": {"angle": 0, "axis": "y", "origin": [5, 0, -1]},
			"faces": {
				"north": {"uv": [0, 0, 0, 1.5], "texture": "#1"},
				"east": {"uv": [3.5, 12, 7, 13.5], "texture": "#1"},
				"south": {"uv": [0, 0, 0, 1.5], "texture": "#1"},
				"west": {"uv": [3.5, 12, 7, 13.5], "texture": "#1"},
				"up": {"uv": [0, 3.5, 0, 0], "texture": "#1"},
				"down": {"uv": [0, 0, 0, 3.5], "texture": "#1"}
			}
		},
		{
			"from": [4.7, -0.3, 4.7],
			"to": [11.3, 7.3, 4.7],
			"rotation": {"angle": 0, "axis": "y", "origin": [7, 0, 3]},
			"faces": {
				"north": {"uv": [0, 0, 3.5, 4], "texture": "#1"},
				"east": {"uv": [0, 0, 0, 4], "texture": "#1"},
				"south": {"uv": [3.5, 0, 0, 4], "texture": "#1"},
				"west": {"uv": [0, 0, 0, 4], "texture": "#1"},
				"up": {"uv": [0, 0, 3.5, 0], "texture": "#1"},
				"down": {"uv": [0, 0, 3.5, 0], "texture": "#1"}
			}
		},
		{
			"from": [4.7, -0.3, 11.3],
			"to": [11.3, 7.3, 11.3],
			"rotation": {"angle": 0, "axis": "y", "origin": [7, 0, 9]},
			"faces": {
				"north": {"uv": [7, 0, 3.5, 4], "texture": "#1"},
				"east": {"uv": [0, 0, 0, 4], "texture": "#1"},
				"south": {"uv": [3.5, 0, 7, 4], "texture": "#1"},
				"west": {"uv": [0, 0, 0, 4], "texture": "#1"},
				"up": {"uv": [0, 0, 3.5, 0], "texture": "#1"},
				"down": {"uv": [0, 0, 3.5, 0], "texture": "#1"}
			}
		},
		{
			"from": [4.7, -0.3, 4.7],
			"to": [4.7, 7.3, 11.3],
			"rotation": {"angle": 0, "axis": "y", "origin": [-1, 0, -1]},
			"faces": {
				"north": {"uv": [0, 0, 0, 4], "texture": "#1"},
				"east": {"uv": [3.5, 4, 0, 8], "texture": "#1"},
				"south": {"uv": [0, 0, 0, 4], "texture": "#1"},
				"west": {"uv": [0, 4, 3.5, 8], "texture": "#1"},
				"up": {"uv": [0, 0, 0, 3.5], "texture": "#1"},
				"down": {"uv": [0, 0, 0, 3.5], "texture": "#1"}
			}
		},
		{
			"from": [11.3, -0.3, 4.7],
			"to": [11.3, 7.3, 11.3],
			"rotation": {"angle": 0, "axis": "y", "origin": [5, 0, -1]},
			"faces": {
				"north": {"uv": [0, 0, 0, 4], "texture": "#1"},
				"east": {"uv": [3.5, 4, 7, 8], "texture": "#1"},
				"south": {"uv": [0, 0, 0, 4], "texture": "#1"},
				"west": {"uv": [7, 4, 3.5, 8], "texture": "#1"},
				"up": {"uv": [0, 0, 0, 3.5], "texture": "#1"},
				"down": {"uv": [0, 0, 0, 3.5], "texture": "#1"}
			}
		},
		{
			"from": [4.7, 7.3, 4.7],
			"to": [11.3, 7.3, 11.3],
			"rotation": {"angle": 0, "axis": "y", "origin": [9, 7, 9]},
			"faces": {
				"north": {"uv": [0, 0, 3.5, 0], "texture": "#1"},
				"east": {"uv": [0, 0, 3.5, 0], "texture": "#1"},
				"south": {"uv": [0, 0, 3.5, 0], "texture": "#1"},
				"west": {"uv": [0, 0, 3.5, 0], "texture": "#1"},
				"up": {"uv": [10.5, 3.5, 7, 0], "texture": "#1"},
				"down": {"uv": [7, 0, 10.5, 3.5], "texture": "#1"}
			}
		},
		{
			"from": [4.7, -0.3, 4.7],
			"to": [11.3, -0.3, 11.3],
			"rotation": {"angle": 0, "axis": "y", "origin": [9, -1, 9]},
			"faces": {
				"north": {"uv": [0, 0, 3.5, 0], "texture": "#1"},
				"east": {"uv": [0, 0, 3.5, 0], "texture": "#1"},
				"south": {"uv": [0, 0, 3.5, 0], "texture": "#1"},
				"west": {"uv": [0, 0, 3.5, 0], "texture": "#1"},
				"up": {"uv": [10.5, 7, 7, 3.5], "texture": "#1"},
				"down": {"uv": [7, 3.5, 10.5, 7], "texture": "#1"}
			}
		},
		{
			"from": [4.5, -1.25, 4.5],
			"to": [11.5, 1.75, 4.5],
			"rotation": {"angle": 0, "axis": "y", "origin": [7, 0, 3]},
			"faces": {
				"north": {"uv": [7, 12, 10.5, 13.5], "texture": "#1"},
				"east": {"uv": [0, 0, 0, 4], "texture": "#1"},
				"south": {"uv": [10.5, 12, 7, 13.5], "texture": "#1"},
				"west": {"uv": [0, 0, 0, 4], "texture": "#1"},
				"up": {"uv": [0, 0, 3.5, 0], "texture": "#1"},
				"down": {"uv": [0, 0, 3.5, 0], "texture": "#1"}
			}
		},
		{
			"from": [4.5, 0.75, 11.5],
			"to": [11.5, 1.75, 11.5],
			"rotation": {"angle": 0, "axis": "y", "origin": [7, 0, 9]},
			"faces": {
				"north": {"uv": [10.5, 6, 14, 6.5], "texture": "#1"},
				"east": {"uv": [0, 0, 0, 4], "texture": "#1"},
				"south": {"uv": [10.5, 6, 14, 6.5], "texture": "#1"},
				"west": {"uv": [0, 0, 0, 4], "texture": "#1"},
				"up": {"uv": [0, 0, 3.5, 0], "texture": "#1"},
				"down": {"uv": [0, 0, 3.5, 0], "texture": "#1"}
			}
		},
		{
			"from": [4.5, 0.75, 4.5],
			"to": [4.5, 1.75, 11.5],
			"rotation": {"angle": 0, "axis": "y", "origin": [-1, 1, -1]},
			"faces": {
				"north": {"uv": [0, 0, 0, 4], "texture": "#1"},
				"east": {"uv": [10.5, 6.5, 14, 7], "texture": "#1"},
				"south": {"uv": [0, 0, 0, 4], "texture": "#1"},
				"west": {"uv": [10.5, 6.5, 14, 7], "texture": "#1"},
				"up": {"uv": [0, 0, 0, 3.5], "texture": "#1"},
				"down": {"uv": [0, 0, 0, 3.5], "texture": "#1"}
			}
		},
		{
			"from": [11.5, 0.75, 4.5],
			"to": [11.5, 1.75, 11.5],
			"rotation": {"angle": 0, "axis": "y", "origin": [5, 0, -1]},
			"faces": {
				"north": {"uv": [0, 0, 0, 4], "texture": "#1"},
				"east": {"uv": [10.5, 12, 14, 12.5], "texture": "#1"},
				"south": {"uv": [0, 0, 0, 4], "texture": "#1"},
				"west": {"uv": [14, 12, 10.5, 12.5], "texture": "#1"},
				"up": {"uv": [0, 0, 0, 3.5], "texture": "#1"},
				"down": {"uv": [0, 0, 0, 3.5], "texture": "#1"}
			}
		},
		{
			"from": [7, -0.5, 4.45],
			"to": [9, 1.5, 4.45],
			"rotation": {"angle": 0, "axis": "y", "origin": [10, 0, 3]},
			"faces": {
				"north": {"uv": [6, 8, 7, 9], "texture": "#1"},
				"east": {"uv": [0, 0, 0, 4], "texture": "#1"},
				"south": {"uv": [7, 8, 6, 9], "texture": "#1"},
				"west": {"uv": [0, 0, 0, 4], "texture": "#1"},
				"up": {"uv": [0, 0, 3.5, 0], "texture": "#1"},
				"down": {"uv": [0, 0, 3.5, 0], "texture": "#1"}
			}
		}
	],
	"display": {
		"thirdperson_righthand": {
			"rotation": [-180, 0, -180],
			"translation": [0, 4, 1],
			"scale": [0.55, 0.55, 0.55]
		},
		"thirdperson_lefthand": {
			"rotation": [-180, 0, -180],
			"translation": [0, 4, 1],
			"scale": [0.55, 0.55, 0.55]
		},
		"firstperson_righthand": {
			"rotation": [-180, 0, -180],
			"translation": [-2.12, 7.45, 1.13],
			"scale": [0.68, 0.68, 0.68]
		},
		"firstperson_lefthand": {
			"rotation": [-180, 0, -180],
			"translation": [-2.12, 7.45, 1.13],
			"scale": [0.68, 0.68, 0.68]
		},
		"ground": {
			"rotation": [128, -180, 0],
			"translation": [0, -1, 1.75],
			"scale": [0.5, 0.5, 0.5]
		},
		"gui": {
			"rotation": [27, 146, 0],
			"translation": [0, 6, 0],
			"scale": [1.5, 1.5, 1.5]
		},
		"head": {
			"translation": [0, 14.5, 0.25]
		},
		"fixed": {
			"translation": [0, 6.5, 0.75],
			"scale": [1.5, 1.5, 1.5]
		}
	},
	"groups": [
		{
			"name": "base",
			"origin": [8, 8, 8],
			"color": 0,
			"children": [
				0,
				{
					"name": "second_layer",
					"origin": [8, 8, 8],
					"color": 0,
					"children": [
						{
							"name": "ribs",
							"origin": [8, 8, 8],
							"color": 0,
							"children": [1, 2, 3, 4]
						},
						{
							"name": "rags",
							"origin": [8, 8, 8],
							"color": 0,
							"children": [5, 6, 7, 8, 9, 10]
						}
					]
				},
				{
					"name": "third_layer",
					"origin": [8, 8, 8],
					"color": 0,
					"children": [
						{
							"name": "medalion_string",
							"origin": [8, 8, 8],
							"color": 0,
							"children": [11, 12, 13, 14]
						}
					]
				},
				{
					"name": "fourth_layer",
					"origin": [8, 8, 8],
					"color": 0,
					"children": [
						{
							"name": "medalion",
							"origin": [8, 8, 8],
							"color": 0,
							"children": [15]
						}
					]
				}
			]
		}
	]
}