{
	"format_version": "1.21.6",
	"credit": "Made with Blockbench",
	"textures": {
		"1": "item/rethoughted_spawn_eggs/llama_spawn_egg_3d",
		"2": "item/rethoughted_spawn_eggs/trader_llama_spawn_egg_3d_decor",
		"particle": "item/rethoughted_spawn_eggs/llama_spawn_egg_3d"
	},
	"elements": [
		{
			"from": [5, 0, 5],
			"to": [11, 7, 11],
			"rotation": {"angle": 0, "axis": "y", "origin": [5, 0, 5]},
			"faces": {
				"north": {"uv": [0, 0, 3, 3.5], "texture": "#1"},
				"east": {"uv": [6, 0, 3, 3.5], "texture": "#1"},
				"south": {"uv": [0, 3.5, 3, 7], "texture": "#1"},
				"west": {"uv": [3, 3.5, 6, 7], "texture": "#1"},
				"up": {"uv": [9, 3, 6, 0], "texture": "#1"},
				"down": {"uv": [9, 3, 6, 6], "texture": "#1"}
			}
		},
		{
			"name": "head",
			"from": [4, 6, 8],
			"to": [7, 9, 10],
			"rotation": {"angle": 20, "axis": "z", "origin": [5.5, 7.5, 9]},
			"faces": {
				"north": {"uv": [2, 7, 3.5, 8.5], "texture": "#1"},
				"east": {"uv": [2, 8.5, 3, 10], "texture": "#1"},
				"south": {"uv": [3.5, 7, 5, 8.5], "texture": "#1"},
				"west": {"uv": [3, 8.5, 4, 10], "texture": "#1"},
				"up": {"uv": [9.5, 8, 8, 7], "texture": "#1"},
				"down": {"uv": [1.5, 9, 0, 10], "texture": "#1"}
			}
		},
		{
			"name": "head",
			"from": [9, 6, 8],
			"to": [12, 9, 10],
			"rotation": {"angle": -20, "axis": "z", "origin": [10.5, 7.5, 9]},
			"faces": {
				"north": {"uv": [3.5, 7, 2, 8.5], "texture": "#1"},
				"east": {"uv": [3, 8.5, 4, 10], "texture": "#1"},
				"south": {"uv": [5, 7, 3.5, 8.5], "texture": "#1"},
				"west": {"uv": [2, 8.5, 3, 10], "texture": "#1"},
				"up": {"uv": [8, 8, 9.5, 7], "texture": "#1"},
				"down": {"uv": [0, 9, 1.5, 10], "texture": "#1"}
			}
		},
		{
			"name": "head",
			"from": [6, 0, 3],
			"to": [10, 4, 5],
			"rotation": {"angle": 0, "axis": "y", "origin": [8, -27, 18]},
			"faces": {
				"north": {"uv": [6, 6, 8, 8], "texture": "#1"},
				"east": {"uv": [5, 7, 6, 9], "texture": "#1"},
				"south": {"uv": [0, 7, 2, 9], "texture": "#1"},
				"west": {"uv": [6, 8, 7, 10], "texture": "#1"},
				"up": {"uv": [10, 7, 8, 6], "texture": "#1"},
				"down": {"uv": [9, 8, 7, 9], "texture": "#1"}
			}
		},
		{
			"from": [4.75, -0.25, 7],
			"to": [4.75, 7.25, 11],
			"rotation": {"angle": 0, "axis": "y", "origin": [3, 0, 9]},
			"faces": {
				"north": {"uv": [0, 0, 0, 8], "texture": "#2"},
				"east": {"uv": [0, 0, 4, 8], "texture": "#2"},
				"south": {"uv": [0, 0, 0, 8], "texture": "#2"},
				"west": {"uv": [4, 0, 0, 8], "texture": "#2"},
				"up": {"uv": [0, 4, 0, 0], "texture": "#2"},
				"down": {"uv": [0, 0, 0, 4], "texture": "#2"}
			}
		},
		{
			"from": [11.25, -0.25, 7],
			"to": [11.25, 7.25, 11],
			"rotation": {"angle": 0, "axis": "y", "origin": [9, 0, 9]},
			"faces": {
				"north": {"uv": [0, 0, 0, 8], "texture": "#2"},
				"east": {"uv": [4, 0, 8, 8], "texture": "#2"},
				"south": {"uv": [0, 0, 0, 8], "texture": "#2"},
				"west": {"uv": [8, 0, 4, 8], "texture": "#2"},
				"up": {"uv": [0, 0, 0, 4], "texture": "#2"},
				"down": {"uv": [0, 0, 0, 4], "texture": "#2"}
			}
		},
		{
			"from": [4.75, 7.25, 7],
			"to": [11.25, 7.25, 11],
			"rotation": {"angle": 0, "axis": "y", "origin": [7, 7, 8]},
			"faces": {
				"north": {"uv": [0, 0, 7, 0], "texture": "#2"},
				"east": {"uv": [0, 0, 7, 0], "texture": "#2"},
				"south": {"uv": [0, 0, 7, 0], "texture": "#2"},
				"west": {"uv": [0, 0, 7, 0], "texture": "#2"},
				"up": {"uv": [7, 12, 0, 8], "texture": "#2"},
				"down": {"uv": [7, 8, 0, 12], "texture": "#2"}
			}
		}
	],
	"display": {
		"thirdperson_righthand": {
			"rotation": [-180, 0, -180],
			"translation": [0, 4, 1],
			"scale": [0.55, 0.55, 0.55]
		},
		"thirdperson_lefthand": {
			"rotation": [-180, 0, -180],
			"translation": [0, 4, 1],
			"scale": [0.55, 0.55, 0.55]
		},
		"firstperson_righthand": {
			"rotation": [-180, 0, -180],
			"translation": [-2.12, 7.45, 1.13],
			"scale": [0.68, 0.68, 0.68]
		},
		"firstperson_lefthand": {
			"rotation": [-180, 0, -180],
			"translation": [-2.12, 7.45, 1.13],
			"scale": [0.68, 0.68, 0.68]
		},
		"ground": {
			"rotation": [128, -180, 0],
			"translation": [0, -1, 1.75],
			"scale": [0.5, 0.5, 0.5]
		},
		"gui": {
			"rotation": [27, 146, 0],
			"translation": [0, 6, 0],
			"scale": [1.5, 1.5, 1.5]
		},
		"head": {
			"translation": [0, 14.5, 0.25]
		},
		"fixed": {
			"translation": [0, 6.5, 0.75],
			"scale": [1.5, 1.5, 1.5]
		}
	},
	"groups": [
		{
			"name": "base",
			"origin": [8, 8, 8],
			"color": 0,
			"children": [
				0,
				{
					"name": "ears",
					"origin": [8, 8, 8],
					"color": 0,
					"children": [1, 2]
				},
				{
					"name": "mouth",
					"origin": [8, 8, 8],
					"color": 0,
					"children": [3]
				},
				{
					"name": "decor",
					"origin": [8, 8, 8],
					"color": 0,
					"children": [4, 5, 6]
				}
			]
		}
	]
}