{
	"format_version": "1.21.6",
	"credit": "Made with Blockbench",
	"texture_size": [32, 32],
	"textures": {
		"1": "item/rethoughted_spawn_eggs/turtle_spawn_egg_3d",
		"particle": "item/rethoughted_spawn_eggs/turtle_spawn_egg_3d"
	},
	"elements": [
		{
			"from": [5, 0, 5],
			"to": [11, 7, 11],
			"rotation": {"angle": 0, "axis": "y", "origin": [5, 0, 5]},
			"faces": {
				"north": {"uv": [0, 0, 3, 3.5], "texture": "#1"},
				"east": {"uv": [3, 0, 6, 3.5], "texture": "#1"},
				"south": {"uv": [0, 3.5, 3, 7], "texture": "#1"},
				"west": {"uv": [3, 3.5, 6, 7], "texture": "#1"},
				"up": {"uv": [9, 3, 6, 0], "texture": "#1"},
				"down": {"uv": [9, 3, 6, 6], "texture": "#1"}
			}
		},
		{
			"from": [1, 4, 6.5],
			"to": [5, 4, 9.5],
			"rotation": {"angle": 45, "axis": "z", "origin": [5, 4, 8]},
			"faces": {
				"north": {"uv": [0, 0, 2, 0], "texture": "#1"},
				"east": {"uv": [0, 0, 2, 0], "texture": "#1"},
				"south": {"uv": [0, 0, 2, 0], "texture": "#1"},
				"west": {"uv": [0, 0, 2, 0], "texture": "#1"},
				"up": {"uv": [8, 7.5, 6, 6], "texture": "#1"},
				"down": {"uv": [6, 6, 8, 7.5], "texture": "#1"}
			}
		},
		{
			"from": [11, 4, 6.5],
			"to": [15, 4, 9.5],
			"rotation": {"angle": -45, "axis": "z", "origin": [11, 4, 8]},
			"faces": {
				"north": {"uv": [0, 0, 2, 0], "texture": "#1"},
				"east": {"uv": [0, 0, 2, 0], "texture": "#1"},
				"south": {"uv": [0, 0, 2, 0], "texture": "#1"},
				"west": {"uv": [0, 0, 2, 0], "texture": "#1"},
				"up": {"uv": [8, 7.5, 6, 6], "texture": "#1"},
				"down": {"uv": [8, 6, 6, 7.5], "texture": "#1"}
			}
		}
	],
	"display": {
		"thirdperson_righthand": {
			"rotation": [-180, 0, -180],
			"translation": [0, 4, 1],
			"scale": [0.55, 0.55, 0.55]
		},
		"thirdperson_lefthand": {
			"rotation": [-180, 0, -180],
			"translation": [0, 4, 1],
			"scale": [0.55, 0.55, 0.55]
		},
		"firstperson_righthand": {
			"rotation": [-180, 0, -180],
			"translation": [-2.12, 7.45, 1.13],
			"scale": [0.68, 0.68, 0.68]
		},
		"firstperson_lefthand": {
			"rotation": [-180, 0, -180],
			"translation": [-2.12, 7.45, 1.13],
			"scale": [0.68, 0.68, 0.68]
		},
		"ground": {
			"rotation": [128, -180, 0],
			"translation": [0, -1, 1.75],
			"scale": [0.5, 0.5, 0.5]
		},
		"gui": {
			"rotation": [27, 146, 0],
			"translation": [0, 6, 0],
			"scale": [1.5, 1.5, 1.5]
		},
		"head": {
			"translation": [0, 14.5, 0.25]
		},
		"fixed": {
			"translation": [0, 6.5, 0.75],
			"scale": [1.5, 1.5, 1.5]
		}
	},
	"groups": [
		{
			"name": "base",
			"origin": [8, 8, 8],
			"color": 0,
			"children": [
				0,
				{
					"name": "fins",
					"origin": [8, 8, 8],
					"color": 0,
					"children": [
						{
							"name": "left",
							"origin": [8, 8, 8],
							"color": 0,
							"children": [1]
						},
						{
							"name": "right",
							"origin": [8, 8, 8],
							"color": 0,
							"children": [2]
						}
					]
				}
			]
		}
	]
}