{
	"format_version": "1.21.6",
	"credit": "Made with Blockbench",
	"texture_size": [32, 32],
	"textures": {
		"1": "item/rethoughted_spawn_eggs/vex_spawn_egg_3d",
		"particle": "item/rethoughted_spawn_eggs/vex_spawn_egg_3d"
	},
	"elements": [
		{
			"from": [5, 0, 5],
			"to": [11, 7, 11],
			"rotation": {"angle": 0, "axis": "y", "origin": [5, 0, 5]},
			"faces": {
				"north": {"uv": [0, 0, 3, 3.5], "texture": "#1"},
				"east": {"uv": [3, 0, 6, 3.5], "texture": "#1"},
				"south": {"uv": [0, 3.5, 3, 7], "texture": "#1"},
				"west": {"uv": [3, 3.5, 6, 7], "texture": "#1"},
				"up": {"uv": [9, 5.5, 6, 2.5], "texture": "#1"},
				"down": {"uv": [9, 5.5, 6, 8.5], "texture": "#1"}
			}
		},
		{
			"from": [-2, 1, 10],
			"to": [6, 6, 10],
			"rotation": {"angle": 40, "axis": "y", "origin": [6, 6, 10]},
			"faces": {
				"north": {"uv": [6, 0, 10, 2.5], "texture": "#1"},
				"east": {"uv": [0, 0, 0, 2.5], "texture": "#1"},
				"south": {"uv": [10, 0, 6, 2.5], "texture": "#1"},
				"west": {"uv": [0, 0, 0, 2.5], "texture": "#1"},
				"up": {"uv": [4, 0, 0, 0], "texture": "#1"},
				"down": {"uv": [4, 0, 0, 0], "texture": "#1"}
			}
		},
		{
			"from": [10, 1, 10],
			"to": [18, 6, 10],
			"rotation": {"angle": -40, "axis": "y", "origin": [10, 6, 10]},
			"faces": {
				"north": {"uv": [10, 0, 6, 2.5], "texture": "#1"},
				"east": {"uv": [0, 0, 0, 2.5], "texture": "#1"},
				"south": {"uv": [6, 0, 10, 2.5], "texture": "#1"},
				"west": {"uv": [0, 0, 0, 2.5], "texture": "#1"},
				"up": {"uv": [0, 0, 4, 0], "texture": "#1"},
				"down": {"uv": [0, 0, 4, 0], "texture": "#1"}
			}
		},
		{
			"from": [9, 3, 4.75],
			"to": [12, 5, 4.75],
			"rotation": {"angle": 0, "axis": "y", "origin": [8, 2, 2]},
			"faces": {
				"north": {"uv": [0, 7, 1.5, 8], "texture": "#1"},
				"east": {"uv": [0, 0, 0, 1], "texture": "#1"},
				"south": {"uv": [1.5, 7, 0, 8], "texture": "#1"},
				"west": {"uv": [0, 0, 0, 1], "texture": "#1"},
				"up": {"uv": [1.5, 0, 0, 0], "texture": "#1"},
				"down": {"uv": [1.5, 0, 0, 0], "texture": "#1"}
			}
		},
		{
			"from": [4, 3, 4.75],
			"to": [7, 5, 4.75],
			"rotation": {"angle": 0, "axis": "y", "origin": [3, 2, 2]},
			"faces": {
				"north": {"uv": [1.5, 7, 0, 8], "texture": "#1"},
				"east": {"uv": [0, 0, 0, 1], "texture": "#1"},
				"south": {"uv": [0, 7, 1.5, 8], "texture": "#1"},
				"west": {"uv": [0, 0, 0, 1], "texture": "#1"},
				"up": {"uv": [1.5, 0, 0, 0], "texture": "#1"},
				"down": {"uv": [1.5, 0, 0, 0], "texture": "#1"}
			}
		}
	],
	"display": {
		"thirdperson_righthand": {
			"rotation": [-180, 0, -180],
			"translation": [0, 4, 1],
			"scale": [0.55, 0.55, 0.55]
		},
		"thirdperson_lefthand": {
			"rotation": [-180, 0, -180],
			"translation": [0, 4, 1],
			"scale": [0.55, 0.55, 0.55]
		},
		"firstperson_righthand": {
			"rotation": [-180, 0, -180],
			"translation": [-2.12, 7.45, 1.13],
			"scale": [0.68, 0.68, 0.68]
		},
		"firstperson_lefthand": {
			"rotation": [-180, 0, -180],
			"translation": [-2.12, 7.45, 1.13],
			"scale": [0.68, 0.68, 0.68]
		},
		"ground": {
			"rotation": [128, -180, 0],
			"translation": [0, -1, 1.75],
			"scale": [0.5, 0.5, 0.5]
		},
		"gui": {
			"rotation": [27, 146, 0],
			"translation": [0, 6, 0],
			"scale": [1.5, 1.5, 1.5]
		},
		"head": {
			"translation": [0, 14.5, 0.25]
		},
		"fixed": {
			"translation": [0, 6.5, 0.75],
			"scale": [1.5, 1.5, 1.5]
		}
	},
	"groups": [
		{
			"name": "base",
			"origin": [8, 8, 8],
			"color": 0,
			"children": [
				0,
				{
					"name": "wings",
					"origin": [8, 8, 8],
					"color": 0,
					"children": [
						{
							"name": "left_wing",
							"origin": [-0.5, 6, 1],
							"color": 0,
							"children": [1]
						},
						{
							"name": "right_wing",
							"origin": [-0.5, 6, 1],
							"color": 0,
							"children": [2]
						}
					]
				},
				{
					"name": "second_layer",
					"origin": [8, 8, 8],
					"color": 0,
					"children": [
						{
							"name": "eyebrows",
							"origin": [8, 8, 8],
							"color": 0,
							"children": [
								{
									"name": "right",
									"origin": [8, 8, 8],
									"color": 0,
									"children": [3]
								},
								{
									"name": "left",
									"origin": [8, 8, 8],
									"color": 0,
									"children": [4]
								}
							]
						}
					]
				}
			]
		}
	]
}