{
	"format_version": "1.21.6",
	"credit": "Made with Blockbench",
	"texture_size": [32, 32],
	"textures": {
		"2": "item/rethoughted_spawn_eggs/villager_spawn_egg_3d",
		"particle": "item/rethoughted_spawn_eggs/villager_spawn_egg_3d"
	},
	"elements": [
		{
			"from": [5, 0, 5],
			"to": [11, 7, 11],
			"rotation": {"angle": 0, "axis": "y", "origin": [5, 0, 5]},
			"faces": {
				"north": {"uv": [0, 0, 3, 3.5], "texture": "#2"},
				"east": {"uv": [3, 0, 6, 3.5], "texture": "#2"},
				"south": {"uv": [0, 3.5, 3, 7], "texture": "#2"},
				"west": {"uv": [3, 3.5, 6, 7], "texture": "#2"},
				"up": {"uv": [9, 3, 6, 0], "texture": "#2"},
				"down": {"uv": [9, 3, 6, 6], "texture": "#2"}
			}
		},
		{
			"from": [7, 1, 3],
			"to": [9, 5, 5],
			"rotation": {"angle": 0, "axis": "y", "origin": [0, 2, 3]},
			"faces": {
				"north": {"uv": [6, 6, 7, 8], "texture": "#2"},
				"east": {"uv": [0, 7, 1, 9], "texture": "#2"},
				"south": {"uv": [1, 7, 2, 9], "texture": "#2"},
				"west": {"uv": [2, 7, 3, 9], "texture": "#2"},
				"up": {"uv": [6, 8, 5, 7], "texture": "#2"},
				"down": {"uv": [8, 6.5, 7, 7.5], "texture": "#2"}
			}
		},
		{
			"from": [6, 5, 4.75],
			"to": [10, 6, 4.75],
			"rotation": {"angle": 0, "axis": "y", "origin": [6, 4, 2]},
			"faces": {
				"north": {"uv": [3, 7, 5, 7.5], "texture": "#2"},
				"east": {"uv": [0, 0, 0, 0.5], "texture": "#2"},
				"south": {"uv": [7, 6, 9, 6.5], "texture": "#2"},
				"west": {"uv": [0, 0, 0, 0.5], "texture": "#2"},
				"up": {"uv": [2, 0, 0, 0], "texture": "#2"},
				"down": {"uv": [2, 0, 0, 0], "texture": "#2"}
			}
		}
	],
	"display": {
		"thirdperson_righthand": {
			"rotation": [-180, 0, -180],
			"translation": [0, 4, 1],
			"scale": [0.55, 0.55, 0.55]
		},
		"thirdperson_lefthand": {
			"rotation": [-180, 0, -180],
			"translation": [0, 4, 1],
			"scale": [0.55, 0.55, 0.55]
		},
		"firstperson_righthand": {
			"rotation": [-180, 0, -180],
			"translation": [-2.12, 7.45, 1.13],
			"scale": [0.68, 0.68, 0.68]
		},
		"firstperson_lefthand": {
			"rotation": [-180, 0, -180],
			"translation": [-2.12, 7.45, 1.13],
			"scale": [0.68, 0.68, 0.68]
		},
		"ground": {
			"rotation": [128, -180, 0],
			"translation": [0, -1, 1.75],
			"scale": [0.5, 0.5, 0.5]
		},
		"gui": {
			"rotation": [27, 146, 0],
			"translation": [0, 6, 0],
			"scale": [1.5, 1.5, 1.5]
		},
		"head": {
			"translation": [0, 14.5, 0.25]
		},
		"fixed": {
			"translation": [0, 6.5, 0.75],
			"scale": [1.5, 1.5, 1.5]
		}
	},
	"groups": [
		{
			"name": "base",
			"origin": [8, 8, 8],
			"color": 0,
			"children": [
				0,
				{
					"name": "nose",
					"origin": [8, 8, 8],
					"color": 0,
					"children": [1]
				},
				{
					"name": "second_layer",
					"origin": [8, 8, 8],
					"color": 0,
					"children": [
						{
							"name": "eyebrow",
							"origin": [8, 8, 8],
							"color": 0,
							"children": [2]
						}
					]
				}
			]
		}
	]
}