{
	"format_version": "1.21.6",
	"credit": "Made with Blockbench",
	"texture_size": [32, 32],
	"textures": {
		"3": "item/rethoughted_spawn_eggs/vindicator_spawn_egg_3d"
	},
	"elements": [
		{
			"from": [5, 0, 5],
			"to": [11, 7, 11],
			"rotation": {"angle": 0, "axis": "y", "origin": [5, 0, 5]},
			"faces": {
				"north": {"uv": [0, 0, 3, 3.5], "texture": "#3"},
				"east": {"uv": [3, 0, 6, 3.5], "texture": "#3"},
				"south": {"uv": [0, 3.5, 3, 7], "texture": "#3"},
				"west": {"uv": [3, 3.5, 6, 7], "texture": "#3"},
				"up": {"uv": [9, 3, 6, 0], "texture": "#3"},
				"down": {"uv": [9, 3, 6, 6], "texture": "#3"}
			}
		},
		{
			"from": [7, 1, 3],
			"to": [9, 5, 5],
			"rotation": {"angle": 0, "axis": "y", "origin": [0, 2, 3]},
			"faces": {
				"north": {"uv": [0, 7, 1, 9], "texture": "#3"},
				"east": {"uv": [1, 7, 2, 9], "texture": "#3"},
				"south": {"uv": [2, 7, 3, 9], "texture": "#3"},
				"west": {"uv": [3, 7, 4, 9], "texture": "#3"},
				"up": {"uv": [5, 9, 4, 8], "texture": "#3"},
				"down": {"uv": [6, 8, 5, 9], "texture": "#3"}
			}
		},
		{
			"from": [9, 5, 4.75],
			"to": [12, 7, 4.75],
			"rotation": {"angle": 0, "axis": "y", "origin": [8, 4, 2]},
			"faces": {
				"north": {"uv": [7.5, 7.5, 9, 8.5], "texture": "#3"},
				"east": {"uv": [0, 0, 0, 1], "texture": "#3"},
				"south": {"uv": [9, 7.5, 7.5, 8.5], "texture": "#3"},
				"west": {"uv": [0, 0, 0, 1], "texture": "#3"},
				"up": {"uv": [1.5, 0, 0, 0], "texture": "#3"},
				"down": {"uv": [0, 0, 1.5, 0], "texture": "#3"}
			}
		},
		{
			"from": [4, 5, 4.75],
			"to": [7, 7, 4.75],
			"rotation": {"angle": 0, "axis": "y", "origin": [3, 4, 2]},
			"faces": {
				"north": {"uv": [9, 7.5, 7.5, 8.5], "texture": "#3"},
				"east": {"uv": [0, 0, 0, 1], "texture": "#3"},
				"south": {"uv": [7.5, 7.5, 9, 8.5], "texture": "#3"},
				"west": {"uv": [0, 0, 0, 1], "texture": "#3"},
				"up": {"uv": [0, 0, 1.5, 0], "texture": "#3"},
				"down": {"uv": [0, 0, 1.5, 0], "texture": "#3"}
			}
		},
		{
			"from": [7.5, 0.5, 4.75],
			"to": [8.5, 1.5, 4.75],
			"rotation": {"angle": 0, "axis": "y", "origin": [8, 0, 5]},
			"faces": {
				"north": {"uv": [6.5, 6, 7, 6.5], "texture": "#3"},
				"east": {"uv": [0, 0, 0, 1], "texture": "#3"},
				"south": {"uv": [6.5, 6, 7, 6.5], "texture": "#3"},
				"west": {"uv": [0, 0, 0, 1], "texture": "#3"},
				"up": {"uv": [0, 0, 3.5, 0], "texture": "#3"},
				"down": {"uv": [0, 0, 3.5, 0], "texture": "#3"}
			}
		},
		{
			"from": [9.5, 0.5, 4.75],
			"to": [10.5, 1.5, 4.75],
			"rotation": {"angle": 0, "axis": "y", "origin": [11, 0, 5]},
			"faces": {
				"north": {"uv": [6, 6, 6.5, 6.5], "texture": "#3"},
				"east": {"uv": [0, 0, 0, 1], "texture": "#3"},
				"south": {"uv": [6, 6, 6.5, 6.5], "texture": "#3"},
				"west": {"uv": [0, 0, 0, 1], "texture": "#3"},
				"up": {"uv": [0, 0, 3.5, 0], "texture": "#3"},
				"down": {"uv": [0, 0, 3.5, 0], "texture": "#3"}
			}
		},
		{
			"from": [5.5, 0.5, 4.75],
			"to": [6.5, 1.5, 4.75],
			"rotation": {"angle": 0, "axis": "y", "origin": [7, 0, 5]},
			"faces": {
				"north": {"uv": [6, 6, 6.5, 6.5], "texture": "#3"},
				"east": {"uv": [0, 0, 0, 1], "texture": "#3"},
				"south": {"uv": [6, 6, 6.5, 6.5], "texture": "#3"},
				"west": {"uv": [0, 0, 0, 1], "texture": "#3"},
				"up": {"uv": [0, 0, 3.5, 0], "texture": "#3"},
				"down": {"uv": [0, 0, 3.5, 0], "texture": "#3"}
			}
		},
		{
			"from": [11.25, 0.5, 5.5],
			"to": [11.25, 1.5, 6.5],
			"rotation": {"angle": 0, "axis": "y", "origin": [13, 0, 6]},
			"faces": {
				"north": {"uv": [6, 6, 6.5, 6.5], "texture": "#3"},
				"east": {"uv": [6.5, 6, 7, 6.5], "texture": "#3"},
				"south": {"uv": [6, 6, 6.5, 6.5], "texture": "#3"},
				"west": {"uv": [6.5, 6, 7, 6.5], "texture": "#3"},
				"up": {"uv": [0, 0, 3.5, 0], "texture": "#3"},
				"down": {"uv": [0, 0, 3.5, 0], "texture": "#3"}
			}
		},
		{
			"from": [11.25, 0.5, 9.5],
			"to": [11.25, 1.5, 10.5],
			"rotation": {"angle": 0, "axis": "y", "origin": [13, 0, 10]},
			"faces": {
				"north": {"uv": [6, 6, 6.5, 6.5], "texture": "#3"},
				"east": {"uv": [6.5, 6, 7, 6.5], "texture": "#3"},
				"south": {"uv": [6, 6, 6.5, 6.5], "texture": "#3"},
				"west": {"uv": [6.5, 6, 7, 6.5], "texture": "#3"},
				"up": {"uv": [0, 0, 3.5, 0], "texture": "#3"},
				"down": {"uv": [0, 0, 3.5, 0], "texture": "#3"}
			}
		},
		{
			"from": [11.25, 0.5, 7.5],
			"to": [11.25, 1.5, 8.5],
			"rotation": {"angle": 0, "axis": "y", "origin": [13, 0, 8]},
			"faces": {
				"north": {"uv": [6.5, 6, 7, 6.5], "texture": "#3"},
				"east": {"uv": [6, 6, 6.5, 6.5], "texture": "#3"},
				"south": {"uv": [6, 6, 6.5, 6.5], "texture": "#3"},
				"west": {"uv": [6, 6, 6.5, 6.5], "texture": "#3"},
				"up": {"uv": [0, 0, 3.5, 0], "texture": "#3"},
				"down": {"uv": [0, 0, 3.5, 0], "texture": "#3"}
			}
		},
		{
			"from": [4.75, 0.5, 5.5],
			"to": [4.75, 1.5, 6.5],
			"rotation": {"angle": 0, "axis": "y", "origin": [6, 0, 6]},
			"faces": {
				"north": {"uv": [6, 6, 6.5, 6.5], "texture": "#3"},
				"east": {"uv": [6.5, 6, 7, 6.5], "texture": "#3"},
				"south": {"uv": [6, 6, 6.5, 6.5], "texture": "#3"},
				"west": {"uv": [6.5, 6, 7, 6.5], "texture": "#3"},
				"up": {"uv": [0, 0, 3.5, 0], "texture": "#3"},
				"down": {"uv": [0, 0, 3.5, 0], "texture": "#3"}
			}
		},
		{
			"from": [4.75, 0.5, 9.5],
			"to": [4.75, 1.5, 10.5],
			"rotation": {"angle": 0, "axis": "y", "origin": [6, 0, 10]},
			"faces": {
				"north": {"uv": [6, 6, 6.5, 6.5], "texture": "#3"},
				"east": {"uv": [6.5, 6, 7, 6.5], "texture": "#3"},
				"south": {"uv": [6, 6, 6.5, 6.5], "texture": "#3"},
				"west": {"uv": [6.5, 6, 7, 6.5], "texture": "#3"},
				"up": {"uv": [0, 0, 3.5, 0], "texture": "#3"},
				"down": {"uv": [0, 0, 3.5, 0], "texture": "#3"}
			}
		},
		{
			"from": [4.75, 0.5, 7.5],
			"to": [4.75, 1.5, 8.5],
			"rotation": {"angle": 0, "axis": "y", "origin": [6, 0, 8]},
			"faces": {
				"north": {"uv": [6, 6, 6.5, 6.5], "texture": "#3"},
				"east": {"uv": [6, 6, 6.5, 6.5], "texture": "#3"},
				"south": {"uv": [6, 6, 6.5, 6.5], "texture": "#3"},
				"west": {"uv": [6, 6, 6.5, 6.5], "texture": "#3"},
				"up": {"uv": [0, 0, 3.5, 0], "texture": "#3"},
				"down": {"uv": [0, 0, 3.5, 0], "texture": "#3"}
			}
		},
		{
			"from": [7.5, 0.5, 11.25],
			"to": [8.5, 1.5, 11.25],
			"rotation": {"angle": 0, "axis": "y", "origin": [9, 0, 12]},
			"faces": {
				"north": {"uv": [6.5, 6, 7, 6.5], "texture": "#3"},
				"east": {"uv": [0, 0, 0, 1], "texture": "#3"},
				"south": {"uv": [6.5, 6, 7, 6.5], "texture": "#3"},
				"west": {"uv": [0, 0, 0, 1], "texture": "#3"},
				"up": {"uv": [0, 0, 3.5, 0], "texture": "#3"},
				"down": {"uv": [0, 0, 3.5, 0], "texture": "#3"}
			}
		},
		{
			"from": [9.5, 0.5, 11.25],
			"to": [10.5, 1.5, 11.25],
			"rotation": {"angle": 0, "axis": "y", "origin": [11, 0, 12]},
			"faces": {
				"north": {"uv": [6, 6, 6.5, 6.5], "texture": "#3"},
				"east": {"uv": [0, 0, 0, 1], "texture": "#3"},
				"south": {"uv": [6, 6, 6.5, 6.5], "texture": "#3"},
				"west": {"uv": [0, 0, 0, 1], "texture": "#3"},
				"up": {"uv": [0, 0, 3.5, 0], "texture": "#3"},
				"down": {"uv": [0, 0, 3.5, 0], "texture": "#3"}
			}
		},
		{
			"from": [5.5, 0.5, 11.25],
			"to": [6.5, 1.5, 11.25],
			"rotation": {"angle": 0, "axis": "y", "origin": [7, 0, 12]},
			"faces": {
				"north": {"uv": [6, 6, 6.5, 6.5], "texture": "#3"},
				"east": {"uv": [0, 0, 0, 1], "texture": "#3"},
				"south": {"uv": [6, 6, 6.5, 6.5], "texture": "#3"},
				"west": {"uv": [0, 0, 0, 1], "texture": "#3"},
				"up": {"uv": [0, 0, 3.5, 0], "texture": "#3"},
				"down": {"uv": [0, 0, 3.5, 0], "texture": "#3"}
			}
		}
	],
	"display": {
		"thirdperson_righthand": {
			"rotation": [-180, 0, -180],
			"translation": [0, 4, 1],
			"scale": [0.55, 0.55, 0.55]
		},
		"thirdperson_lefthand": {
			"rotation": [-180, 0, -180],
			"translation": [0, 4, 1],
			"scale": [0.55, 0.55, 0.55]
		},
		"firstperson_righthand": {
			"rotation": [-180, 0, -180],
			"translation": [-2.12, 7.45, 1.13],
			"scale": [0.68, 0.68, 0.68]
		},
		"firstperson_lefthand": {
			"rotation": [-180, 0, -180],
			"translation": [-2.12, 7.45, 1.13],
			"scale": [0.68, 0.68, 0.68]
		},
		"ground": {
			"rotation": [128, -180, 0],
			"translation": [0, -1, 1.75],
			"scale": [0.5, 0.5, 0.5]
		},
		"gui": {
			"rotation": [27, 146, 0],
			"translation": [0, 6, 0],
			"scale": [1.5, 1.5, 1.5]
		},
		"head": {
			"translation": [0, 14.5, 0.25]
		},
		"fixed": {
			"translation": [0, 6.5, 0.75],
			"scale": [1.5, 1.5, 1.5]
		}
	},
	"groups": [
		{
			"name": "base",
			"origin": [8, 8, 8],
			"color": 0,
			"children": [
				0,
				{
					"name": "nose",
					"origin": [8, 8, 8],
					"color": 0,
					"children": [1]
				},
				{
					"name": "second_layer",
					"origin": [8, 8, 8],
					"color": 0,
					"children": [
						{
							"name": "eyebrows",
							"origin": [8, 8, 8],
							"color": 0,
							"children": [
								{
									"name": "right",
									"origin": [8, 8, 8],
									"color": 0,
									"children": [2]
								},
								{
									"name": "left",
									"origin": [8, 8, 8],
									"color": 0,
									"children": [3]
								}
							]
						},
						{
							"name": "rivets",
							"origin": [8, 8, 8],
							"color": 0,
							"children": [
								{
									"name": "front",
									"origin": [8, 8, 8],
									"color": 0,
									"children": [4, 5, 6]
								},
								{
									"name": "left",
									"origin": [8, 8, 8],
									"color": 0,
									"children": [7, 8, 9]
								},
								{
									"name": "right",
									"origin": [8, 8, 8],
									"color": 0,
									"children": [10, 11, 12]
								},
								{
									"name": "back",
									"origin": [8, 8, 8],
									"color": 0,
									"children": [13, 14, 15]
								}
							]
						}
					]
				}
			]
		}
	]
}