{
	"format_version": "1.21.6",
	"credit": "Made with Blockbench",
	"texture_size": [64, 64],
	"textures": {
		"4": "item/rethoughted_spawn_eggs/wandering_trader_spawn_egg_3d"
	},
	"elements": [
		{
			"from": [5, 0, 5],
			"to": [11, 7, 11],
			"rotation": {"angle": 0, "axis": "y", "origin": [5, 0, 5]},
			"faces": {
				"north": {"uv": [7, 3.5, 8.5, 5.25], "texture": "#4"},
				"east": {"uv": [7, 5.25, 8.5, 7], "texture": "#4"},
				"south": {"uv": [7, 7, 8.5, 8.75], "texture": "#4"},
				"west": {"uv": [0, 7.75, 1.5, 9.5], "texture": "#4"},
				"up": {"uv": [7.5, 10.25, 6, 8.75], "texture": "#4"},
				"down": {"uv": [9, 8.75, 7.5, 10.25], "texture": "#4"}
			}
		},
		{
			"from": [7, 1, 3],
			"to": [9, 5, 5],
			"rotation": {"angle": 0, "axis": "y", "origin": [0, 2, 3]},
			"faces": {
				"north": {"uv": [6, 7.75, 6.5, 8.75], "texture": "#4"},
				"east": {"uv": [6.5, 7.75, 7, 8.75], "texture": "#4"},
				"south": {"uv": [4.5, 9.5, 5, 10.5], "texture": "#4"},
				"west": {"uv": [5, 9.5, 5.5, 10.5], "texture": "#4"},
				"up": {"uv": [6, 10, 5.5, 9.5], "texture": "#4"},
				"down": {"uv": [10.5, 3.5, 10, 4], "texture": "#4"}
			}
		},
		{
			"from": [6, 5, 4.75],
			"to": [10, 6, 4.75],
			"rotation": {"angle": 0, "axis": "y", "origin": [6, 4, 2]},
			"faces": {
				"north": {"uv": [10, 4, 11, 4.25], "texture": "#4"},
				"east": {"uv": [0, 0, 0, 0.25], "texture": "#4"},
				"south": {"uv": [10, 4.25, 11, 4.5], "texture": "#4"},
				"west": {"uv": [0, 0, 0, 0.25], "texture": "#4"},
				"up": {"uv": [1, 0, 0, 0], "texture": "#4"},
				"down": {"uv": [0, 0, 1, 0], "texture": "#4"}
			}
		},
		{
			"from": [4.875, -0.125, 4.875],
			"to": [11.125, 7.125, 4.875],
			"rotation": {"angle": 0, "axis": "y", "origin": [4, 0, 2]},
			"faces": {
				"north": {"uv": [1.5, 7.75, 3, 9.5], "texture": "#4"},
				"east": {"uv": [0, 0, 0, 1.75], "texture": "#4"},
				"south": {"uv": [3, 7.75, 4.5, 9.5], "texture": "#4"},
				"west": {"uv": [0, 0, 0, 1.75], "texture": "#4"},
				"up": {"uv": [1.5, 0, 0, 0], "texture": "#4"},
				"down": {"uv": [1.5, 0, 0, 0], "texture": "#4"}
			}
		},
		{
			"from": [4.875, -0.125, 11.125],
			"to": [11.125, 7.125, 11.125],
			"rotation": {"angle": 0, "axis": "y", "origin": [4, 0, 8]},
			"faces": {
				"north": {"uv": [4.5, 7.75, 6, 9.5], "texture": "#4"},
				"east": {"uv": [0, 0, 0, 1.75], "texture": "#4"},
				"south": {"uv": [8.5, 3.5, 10, 5.25], "texture": "#4"},
				"west": {"uv": [0, 0, 0, 1.75], "texture": "#4"},
				"up": {"uv": [1.5, 0, 0, 0], "texture": "#4"},
				"down": {"uv": [1.5, 0, 0, 0], "texture": "#4"}
			}
		},
		{
			"from": [4.875, -0.125, 4.875],
			"to": [4.875, 7.125, 11.125],
			"rotation": {"angle": 0, "axis": "y", "origin": [-1, 0, 5]},
			"faces": {
				"north": {"uv": [0, 0, 0, 1.75], "texture": "#4"},
				"east": {"uv": [8.5, 5.25, 10, 7], "texture": "#4"},
				"south": {"uv": [0, 0, 0, 1.75], "texture": "#4"},
				"west": {"uv": [8.5, 7, 10, 8.75], "texture": "#4"},
				"up": {"uv": [0, 1.5, 0, 0], "texture": "#4"},
				"down": {"uv": [0, 0, 0, 1.5], "texture": "#4"}
			}
		},
		{
			"from": [11.125, -0.125, 4.875],
			"to": [11.125, 7.125, 11.125],
			"rotation": {"angle": 0, "axis": "y", "origin": [6, 0, 5]},
			"faces": {
				"north": {"uv": [0, 0, 0, 1.75], "texture": "#4"},
				"east": {"uv": [8.75, 0, 10.25, 1.75], "texture": "#4"},
				"south": {"uv": [0, 0, 0, 1.75], "texture": "#4"},
				"west": {"uv": [8.75, 1.75, 10.25, 3.5], "texture": "#4"},
				"up": {"uv": [0, 1.5, 0, 0], "texture": "#4"},
				"down": {"uv": [0, 0, 0, 1.5], "texture": "#4"}
			}
		},
		{
			"from": [4.875, 7.125, 4.875],
			"to": [11.125, 7.125, 11.125],
			"rotation": {"angle": 0, "axis": "y", "origin": [6, 6, 8]},
			"faces": {
				"north": {"uv": [0, 0, 1.5, 0], "texture": "#4"},
				"east": {"uv": [0, 0, 1.5, 0], "texture": "#4"},
				"south": {"uv": [0, 0, 1.5, 0], "texture": "#4"},
				"west": {"uv": [0, 0, 1.5, 0], "texture": "#4"},
				"up": {"uv": [10.5, 10.25, 9, 8.75], "texture": "#4"},
				"down": {"uv": [1.5, 9.5, 0, 11], "texture": "#4"}
			}
		},
		{
			"from": [4.875, -0.125, 4.875],
			"to": [11.125, -0.125, 11.125],
			"rotation": {"angle": 0, "axis": "y", "origin": [6, -2, 8]},
			"faces": {
				"north": {"uv": [0, 0, 1.5, 0], "texture": "#4"},
				"east": {"uv": [0, 0, 1.5, 0], "texture": "#4"},
				"south": {"uv": [0, 0, 1.5, 0], "texture": "#4"},
				"west": {"uv": [0, 0, 1.5, 0], "texture": "#4"},
				"up": {"uv": [3, 11, 1.5, 9.5], "texture": "#4"},
				"down": {"uv": [4.5, 9.5, 3, 11], "texture": "#4"}
			}
		},
		{
			"from": [4.75, -0.25, 4.75],
			"to": [11.25, 7.25, 4.75],
			"rotation": {"angle": 0, "axis": "y", "origin": [3, 0, 2]},
			"faces": {
				"north": {"uv": [0, 0, 1.75, 2], "texture": "#4"},
				"east": {"uv": [0, 0, 0, 2], "texture": "#4"},
				"south": {"uv": [1.75, 0, 3.5, 2], "texture": "#4"},
				"west": {"uv": [0, 0, 0, 2], "texture": "#4"},
				"up": {"uv": [1.75, 0, 0, 0], "texture": "#4"},
				"down": {"uv": [0, 0, 1.75, 0], "texture": "#4"}
			}
		},
		{
			"from": [4.75, -0.25, 11.25],
			"to": [11.25, 7.25, 11.25],
			"rotation": {"angle": 0, "axis": "y", "origin": [4, 0, 8]},
			"faces": {
				"north": {"uv": [0, 2, 1.75, 4], "texture": "#4"},
				"east": {"uv": [0, 0, 0, 2], "texture": "#4"},
				"south": {"uv": [1.75, 2, 3.5, 4], "texture": "#4"},
				"west": {"uv": [0, 0, 0, 2], "texture": "#4"},
				"up": {"uv": [0, 0, 1.75, 0], "texture": "#4"},
				"down": {"uv": [0, 0, 1.75, 0], "texture": "#4"}
			}
		},
		{
			"from": [4.75, -0.25, 4.75],
			"to": [4.75, 7.25, 11.25],
			"rotation": {"angle": 0, "axis": "y", "origin": [-1, 0, 5]},
			"faces": {
				"north": {"uv": [0, 0, 0, 2], "texture": "#4"},
				"east": {"uv": [3.5, 0, 5.25, 2], "texture": "#4"},
				"south": {"uv": [0, 0, 0, 2], "texture": "#4"},
				"west": {"uv": [3.5, 2, 5.25, 4], "texture": "#4"},
				"up": {"uv": [0, 0, 0, 1.75], "texture": "#4"},
				"down": {"uv": [0, 0, 0, 1.75], "texture": "#4"}
			}
		},
		{
			"from": [11.25, -0.25, 4.75],
			"to": [11.25, 7.25, 11.25],
			"rotation": {"angle": 0, "axis": "y", "origin": [6, 0, 5]},
			"faces": {
				"north": {"uv": [0, 0, 0, 2], "texture": "#4"},
				"east": {"uv": [0, 4, 1.75, 6], "texture": "#4"},
				"south": {"uv": [0, 0, 0, 2], "texture": "#4"},
				"west": {"uv": [1.75, 4, 3.5, 6], "texture": "#4"},
				"up": {"uv": [0, 0, 0, 1.75], "texture": "#4"},
				"down": {"uv": [0, 0, 0, 1.75], "texture": "#4"}
			}
		},
		{
			"from": [4.75, 7.25, 4.75],
			"to": [11.25, 7.25, 11.25],
			"rotation": {"angle": 0, "axis": "y", "origin": [6, 6, 8]},
			"faces": {
				"north": {"uv": [0, 0, 1.75, 0], "texture": "#4"},
				"east": {"uv": [0, 0, 1.75, 0], "texture": "#4"},
				"south": {"uv": [0, 0, 1.75, 0], "texture": "#4"},
				"west": {"uv": [0, 0, 1.75, 0], "texture": "#4"},
				"up": {"uv": [1.75, 7.75, 0, 6], "texture": "#4"},
				"down": {"uv": [3.5, 6, 1.75, 7.75], "texture": "#4"}
			}
		},
		{
			"from": [4.75, -0.25, 4.75],
			"to": [11.25, -0.25, 11.25],
			"rotation": {"angle": 0, "axis": "y", "origin": [6, -2, 8]},
			"faces": {
				"north": {"uv": [0, 0, 1.75, 0], "texture": "#4"},
				"east": {"uv": [0, 0, 1.75, 0], "texture": "#4"},
				"south": {"uv": [0, 0, 1.75, 0], "texture": "#4"},
				"west": {"uv": [0, 0, 1.75, 0], "texture": "#4"},
				"up": {"uv": [5.25, 7.75, 3.5, 6], "texture": "#4"},
				"down": {"uv": [7, 6, 5.25, 7.75], "texture": "#4"}
			}
		},
		{
			"from": [4.625, -0.375, 4.625],
			"to": [11.375, 7.375, 11.375],
			"rotation": {"angle": 0, "axis": "y", "origin": [-1, 0, 4]},
			"faces": {
				"north": {"uv": [3.5, 4, 5.25, 6], "texture": "#4"},
				"east": {"uv": [5.25, 0, 7, 2], "texture": "#4"},
				"south": {"uv": [5.25, 2, 7, 4], "texture": "#4"},
				"west": {"uv": [5.25, 4, 7, 6], "texture": "#4"},
				"up": {"uv": [8.75, 1.75, 7, 0], "texture": "#4"},
				"down": {"uv": [8.75, 1.75, 7, 3.5], "texture": "#4"}
			}
		}
	],
	"display": {
		"thirdperson_righthand": {
			"rotation": [-180, 0, -180],
			"translation": [0, 4, 1],
			"scale": [0.55, 0.55, 0.55]
		},
		"thirdperson_lefthand": {
			"rotation": [-180, 0, -180],
			"translation": [0, 4, 1],
			"scale": [0.55, 0.55, 0.55]
		},
		"firstperson_righthand": {
			"rotation": [-180, 0, -180],
			"translation": [-2.12, 7.45, 1.13],
			"scale": [0.68, 0.68, 0.68]
		},
		"firstperson_lefthand": {
			"rotation": [-180, 0, -180],
			"translation": [-2.12, 7.45, 1.13],
			"scale": [0.68, 0.68, 0.68]
		},
		"ground": {
			"rotation": [128, -180, 0],
			"translation": [0, -1, 1.75],
			"scale": [0.5, 0.5, 0.5]
		},
		"gui": {
			"rotation": [27, 146, 0],
			"translation": [0, 6, 0],
			"scale": [1.5, 1.5, 1.5]
		},
		"head": {
			"translation": [0, 14.5, 0.25]
		},
		"fixed": {
			"translation": [0, 6.5, 0.75],
			"scale": [1.5, 1.5, 1.5]
		}
	},
	"groups": [
		{
			"name": "base",
			"origin": [8, 8, 8],
			"color": 0,
			"children": [
				0,
				{
					"name": "nose",
					"origin": [8, 8, 8],
					"color": 0,
					"children": [1]
				},
				{
					"name": "second_layer",
					"origin": [8, 8, 8],
					"color": 0,
					"children": [
						{
							"name": "eyebrow",
							"origin": [8, 8, 8],
							"color": 0,
							"children": [2]
						},
						{
							"name": "mask",
							"origin": [8, 8, 8],
							"color": 0,
							"children": [3, 4, 5, 6, 7, 8]
						}
					]
				},
				{
					"name": "third_layer",
					"origin": [8, 8, 8],
					"color": 0,
					"children": [
						{
							"name": "robe",
							"origin": [8, 8, 8],
							"color": 0,
							"children": [9, 10, 11, 12, 13, 14]
						}
					]
				},
				{
					"name": "fourth_layer",
					"origin": [8, 8, 8],
					"color": 0,
					"children": [
						{
							"name": "robe_extra",
							"origin": [8, 8, 8],
							"color": 0,
							"children": [15]
						}
					]
				}
			]
		}
	]
}