{
	"format_version": "1.21.6",
	"credit": "Made with Blockbench",
	"texture_size": [32, 32],
	"textures": {
		"3": "item/rethoughted_spawn_eggs/warden_spawn_egg_3d"
	},
	"elements": [
		{
			"from": [5, 0, 5],
			"to": [11, 7, 11],
			"rotation": {"angle": 0, "axis": "y", "origin": [5, 0, 5]},
			"faces": {
				"north": {"uv": [0, 0, 3, 3.5], "texture": "#3"},
				"east": {"uv": [3, 0, 6, 3.5], "texture": "#3"},
				"south": {"uv": [0, 3.5, 3, 7], "texture": "#3"},
				"west": {"uv": [3, 3.5, 6, 7], "texture": "#3"},
				"up": {"uv": [9, 3, 6, 0], "texture": "#3"},
				"down": {"uv": [9, 3, 6, 6], "texture": "#3"}
			}
		},
		{
			"from": [4.75, 1, 4.75],
			"to": [11.25, 2, 4.75],
			"rotation": {"angle": 0, "axis": "y", "origin": [7, 0, 3]},
			"faces": {
				"north": {"uv": [0, 7, 3.5, 7.5], "texture": "#3"},
				"east": {"uv": [0, 0, 0, 0.5], "texture": "#3"},
				"south": {"uv": [0, 7, 3.5, 7.5], "texture": "#3"},
				"west": {"uv": [0, 0, 0, 0.5], "texture": "#3"},
				"up": {"uv": [3.5, 0, 0, 0], "texture": "#3"},
				"down": {"uv": [3.5, 0, 0, 0], "texture": "#3"}
			}
		},
		{
			"from": [4.75, 1, 11.25],
			"to": [11.25, 2, 11.25],
			"rotation": {"angle": 0, "axis": "y", "origin": [7, 0, 9]},
			"faces": {
				"north": {"uv": [0, 7.5, 3.5, 8], "texture": "#3"},
				"east": {"uv": [0, 0, 0, 0.5], "texture": "#3"},
				"south": {"uv": [0, 7.5, 3.5, 8], "texture": "#3"},
				"west": {"uv": [0, 0, 0, 0.5], "texture": "#3"},
				"up": {"uv": [3.5, 0, 0, 0], "texture": "#3"},
				"down": {"uv": [3.5, 0, 0, 0], "texture": "#3"}
			}
		},
		{
			"from": [4.75, 1, 4.75],
			"to": [4.75, 2, 11.25],
			"rotation": {"angle": 0, "axis": "y", "origin": [-1, 0, -1]},
			"faces": {
				"north": {"uv": [0, 0, 0, 0.5], "texture": "#3"},
				"east": {"uv": [0, 8, 3.5, 8.5], "texture": "#3"},
				"south": {"uv": [0, 0, 0, 0.5], "texture": "#3"},
				"west": {"uv": [3.5, 8, 0, 8.5], "texture": "#3"},
				"up": {"uv": [0, 3.5, 0, 0], "texture": "#3"},
				"down": {"uv": [0, 0, 0, 3.5], "texture": "#3"}
			}
		},
		{
			"from": [11.25, 1, 4.75],
			"to": [11.25, 2, 11.25],
			"rotation": {"angle": 0, "axis": "y", "origin": [5, 0, -1]},
			"faces": {
				"north": {"uv": [0, 0, 0, 0.5], "texture": "#3"},
				"east": {"uv": [8, 6, 11.5, 6.5], "texture": "#3"},
				"south": {"uv": [0, 0, 0, 0.5], "texture": "#3"},
				"west": {"uv": [11.5, 6, 8, 6.5], "texture": "#3"},
				"up": {"uv": [0, 3.5, 0, 0], "texture": "#3"},
				"down": {"uv": [0, 0, 0, 3.5], "texture": "#3"}
			}
		},
		{
			"from": [4.75, 3, 4.75],
			"to": [11.25, 4, 4.75],
			"rotation": {"angle": 0, "axis": "y", "origin": [7, 2, 3]},
			"faces": {
				"north": {"uv": [0, 7, 3.5, 7.5], "texture": "#3"},
				"east": {"uv": [0, 0, 0, 0.5], "texture": "#3"},
				"south": {"uv": [0, 7, 3.5, 7.5], "texture": "#3"},
				"west": {"uv": [0, 0, 0, 0.5], "texture": "#3"},
				"up": {"uv": [3.5, 0, 0, 0], "texture": "#3"},
				"down": {"uv": [3.5, 0, 0, 0], "texture": "#3"}
			}
		},
		{
			"from": [4.75, 3, 11.25],
			"to": [11.25, 4, 11.25],
			"rotation": {"angle": 0, "axis": "y", "origin": [7, 2, 9]},
			"faces": {
				"north": {"uv": [3.5, 7.5, 0, 8], "texture": "#3"},
				"east": {"uv": [0, 0, 0, 0.5], "texture": "#3"},
				"south": {"uv": [0, 7.5, 3.5, 8], "texture": "#3"},
				"west": {"uv": [0, 0, 0, 0.5], "texture": "#3"},
				"up": {"uv": [3.5, 0, 0, 0], "texture": "#3"},
				"down": {"uv": [3.5, 0, 0, 0], "texture": "#3"}
			}
		},
		{
			"from": [4.75, 3, 4.75],
			"to": [4.75, 4, 11.25],
			"rotation": {"angle": 0, "axis": "y", "origin": [-1, 2, -1]},
			"faces": {
				"north": {"uv": [0, 0, 0, 0.5], "texture": "#3"},
				"east": {"uv": [0, 8, 3.5, 8.5], "texture": "#3"},
				"south": {"uv": [0, 0, 0, 0.5], "texture": "#3"},
				"west": {"uv": [3.5, 8, 0, 8.5], "texture": "#3"},
				"up": {"uv": [0, 3.5, 0, 0], "texture": "#3"},
				"down": {"uv": [0, 0, 0, 3.5], "texture": "#3"}
			}
		},
		{
			"from": [11.25, 3, 4.75],
			"to": [11.25, 4, 11.25],
			"rotation": {"angle": 0, "axis": "y", "origin": [5, 2, -1]},
			"faces": {
				"north": {"uv": [0, 0, 0, 0.5], "texture": "#3"},
				"east": {"uv": [8, 6, 11.5, 6.5], "texture": "#3"},
				"south": {"uv": [0, 0, 0, 0.5], "texture": "#3"},
				"west": {"uv": [11.5, 6, 8, 6.5], "texture": "#3"},
				"up": {"uv": [0, 3.5, 0, 0], "texture": "#3"},
				"down": {"uv": [0, 0, 0, 3.5], "texture": "#3"}
			}
		},
		{
			"from": [4.75, 5, 4.75],
			"to": [11.25, 6, 4.75],
			"rotation": {"angle": 0, "axis": "y", "origin": [7, 4, 3]},
			"faces": {
				"north": {"uv": [0, 7, 3.5, 7.5], "texture": "#3"},
				"east": {"uv": [0, 0, 0, 0.5], "texture": "#3"},
				"south": {"uv": [0, 7, 3.5, 7.5], "texture": "#3"},
				"west": {"uv": [0, 0, 0, 0.5], "texture": "#3"},
				"up": {"uv": [0, 0, 3.5, 0], "texture": "#3"},
				"down": {"uv": [3.5, 0, 0, 0], "texture": "#3"}
			}
		},
		{
			"from": [4.75, 5, 11.25],
			"to": [11.25, 6, 11.25],
			"rotation": {"angle": 0, "axis": "y", "origin": [7, 4, 9]},
			"faces": {
				"north": {"uv": [3.5, 7.5, 0, 8], "texture": "#3"},
				"east": {"uv": [0, 0, 0, 0.5], "texture": "#3"},
				"south": {"uv": [0, 7.5, 3.5, 8], "texture": "#3"},
				"west": {"uv": [0, 0, 0, 0.5], "texture": "#3"},
				"up": {"uv": [3.5, 0, 0, 0], "texture": "#3"},
				"down": {"uv": [3.5, 0, 0, 0], "texture": "#3"}
			}
		},
		{
			"from": [4.75, 5, 4.75],
			"to": [4.75, 6, 11.25],
			"rotation": {"angle": 0, "axis": "y", "origin": [-1, 4, -1]},
			"faces": {
				"north": {"uv": [0, 0, 0, 0.5], "texture": "#3"},
				"east": {"uv": [0, 8, 3.5, 8.5], "texture": "#3"},
				"south": {"uv": [0, 0, 0, 0.5], "texture": "#3"},
				"west": {"uv": [3.5, 8, 0, 8.5], "texture": "#3"},
				"up": {"uv": [0, 3.5, 0, 0], "texture": "#3"},
				"down": {"uv": [0, 0, 0, 3.5], "texture": "#3"}
			}
		},
		{
			"from": [11.25, 5, 4.75],
			"to": [11.25, 6, 11.25],
			"rotation": {"angle": 0, "axis": "y", "origin": [5, 4, -1]},
			"faces": {
				"north": {"uv": [0, 0, 0, 0.5], "texture": "#3"},
				"east": {"uv": [8, 6, 11.5, 6.5], "texture": "#3"},
				"south": {"uv": [0, 0, 0, 0.5], "texture": "#3"},
				"west": {"uv": [11.5, 6, 8, 6.5], "texture": "#3"},
				"up": {"uv": [0, 3.5, 0, 0], "texture": "#3"},
				"down": {"uv": [0, 0, 0, 3.5], "texture": "#3"}
			}
		},
		{
			"from": [1, 5, 8],
			"to": [5, 10, 8],
			"rotation": {"angle": 0, "axis": "y", "origin": [1, 5, 6]},
			"faces": {
				"north": {"uv": [6, 6, 8, 8.5], "texture": "#3"},
				"east": {"uv": [0, 0, 0, 2.5], "texture": "#3"},
				"south": {"uv": [8, 6, 6, 8.5], "texture": "#3"},
				"west": {"uv": [0, 0, 0, 2.5], "texture": "#3"},
				"up": {"uv": [2, 0, 0, 0], "texture": "#3"},
				"down": {"uv": [2, 0, 0, 0], "texture": "#3"}
			}
		},
		{
			"from": [11, 5, 8],
			"to": [15, 10, 8],
			"rotation": {"angle": 0, "axis": "y", "origin": [10, 5, 6]},
			"faces": {
				"north": {"uv": [8, 6, 6, 8.5], "texture": "#3"},
				"east": {"uv": [0, 0, 0, 2.5], "texture": "#3"},
				"south": {"uv": [6, 6, 8, 8.5], "texture": "#3"},
				"west": {"uv": [0, 0, 0, 2.5], "texture": "#3"},
				"up": {"uv": [0, 0, 2, 0], "texture": "#3"},
				"down": {"uv": [2, 0, 0, 0], "texture": "#3"}
			}
		}
	],
	"display": {
		"thirdperson_righthand": {
			"rotation": [-180, 0, -180],
			"translation": [0, 4, 1],
			"scale": [0.55, 0.55, 0.55]
		},
		"thirdperson_lefthand": {
			"rotation": [-180, 0, -180],
			"translation": [0, 4, 1],
			"scale": [0.55, 0.55, 0.55]
		},
		"firstperson_righthand": {
			"rotation": [-180, 0, -180],
			"translation": [-2.12, 7.45, 1.13],
			"scale": [0.68, 0.68, 0.68]
		},
		"firstperson_lefthand": {
			"rotation": [-180, 0, -180],
			"translation": [-2.12, 7.45, 1.13],
			"scale": [0.68, 0.68, 0.68]
		},
		"ground": {
			"rotation": [128, -180, 0],
			"translation": [0, -1, 1.75],
			"scale": [0.5, 0.5, 0.5]
		},
		"gui": {
			"rotation": [27, 146, 0],
			"translation": [0, 6, 0],
			"scale": [1.5, 1.5, 1.5]
		},
		"head": {
			"translation": [0, 14.5, 0.25]
		},
		"fixed": {
			"translation": [0, 6.5, 0.75],
			"scale": [1.5, 1.5, 1.5]
		}
	},
	"groups": [
		{
			"name": "base",
			"origin": [8, 8, 8],
			"color": 0,
			"children": [
				0,
				{
					"name": "second_layer",
					"origin": [8, 8, 8],
					"color": 0,
					"children": [
						{
							"name": "ribs",
							"origin": [8, 8, 8],
							"color": 0,
							"children": [
								{
									"name": "first",
									"origin": [8, 8, 8],
									"color": 0,
									"children": [1, 2, 3, 4]
								},
								{
									"name": "second",
									"origin": [8, 8, 8],
									"color": 0,
									"children": [5, 6, 7, 8]
								},
								{
									"name": "third",
									"origin": [8, 8, 8],
									"color": 0,
									"children": [9, 10, 11, 12]
								}
							]
						}
					]
				},
				{
					"name": "tendrils",
					"origin": [8, 8, 8],
					"color": 0,
					"children": [
						{
							"name": "right",
							"origin": [8, 8, 8],
							"color": 0,
							"children": [13]
						},
						{
							"name": "left",
							"origin": [8, 8, 8],
							"color": 0,
							"children": [14]
						}
					]
				}
			]
		}
	]
}