{
	"format_version": "1.21.6",
	"credit": "Made with Blockbench",
	"texture_size": [32, 32],
	"textures": {
		"6": "item/rethoughted_spawn_eggs/witch_spawn_egg_3d"
	},
	"elements": [
		{
			"from": [5, 0, 5],
			"to": [11, 7, 11],
			"rotation": {"angle": 0, "axis": "y", "origin": [5, 0, 5]},
			"faces": {
				"north": {"uv": [4, 0, 7, 3.5], "texture": "#6"},
				"east": {"uv": [4, 3.5, 7, 7], "texture": "#6"},
				"south": {"uv": [7, 0, 10, 3.5], "texture": "#6"},
				"west": {"uv": [7, 3.5, 10, 7], "texture": "#6"},
				"up": {"uv": [7, 10, 4, 7], "texture": "#6"},
				"down": {"uv": [10, 7, 7, 10], "texture": "#6"}
			}
		},
		{
			"from": [7, 1, 3],
			"to": [9, 5, 5],
			"rotation": {"angle": 0, "axis": "y", "origin": [0, 2, 3]},
			"faces": {
				"north": {"uv": [3, 8, 4, 10], "texture": "#6"},
				"east": {"uv": [8, 10, 9, 12], "texture": "#6"},
				"south": {"uv": [10, 8, 11, 10], "texture": "#6"},
				"west": {"uv": [9, 10, 10, 12], "texture": "#6"},
				"up": {"uv": [3, 12, 2, 11], "texture": "#6"},
				"down": {"uv": [8, 11, 7, 12], "texture": "#6"}
			}
		},
		{
			"from": [7.5, 2.5, 2.5],
			"to": [8, 3, 3],
			"rotation": {"angle": 0, "axis": "y", "origin": [7, 2, 1]},
			"faces": {
				"north": {"uv": [8, 12, 8.5, 12.5], "texture": "#6"},
				"east": {"uv": [8.5, 12, 9, 12.5], "texture": "#6"},
				"south": {"uv": [9, 12, 9.5, 12.5], "texture": "#6"},
				"west": {"uv": [9.5, 12, 10, 12.5], "texture": "#6"},
				"up": {"uv": [10.5, 12.5, 10, 12], "texture": "#6"},
				"down": {"uv": [11, 12, 10.5, 12.5], "texture": "#6"}
			}
		},
		{
			"from": [6, 5, 4.75],
			"to": [10, 6, 4.75],
			"rotation": {"angle": 0, "axis": "y", "origin": [6, 4, 2]},
			"faces": {
				"north": {"uv": [0, 12, 2, 12.5], "texture": "#6"},
				"east": {"uv": [0, 0, 0, 0.5], "texture": "#6"},
				"south": {"uv": [2, 12, 4, 12.5], "texture": "#6"},
				"west": {"uv": [0, 0, 0, 0.5], "texture": "#6"},
				"up": {"uv": [2, 0, 0, 0], "texture": "#6"},
				"down": {"uv": [0, 0, 2, 0], "texture": "#6"}
			}
		},
		{
			"from": [4, 7, 4],
			"to": [12, 8, 12],
			"rotation": {"angle": 0, "axis": "y", "origin": [5, 7, 4]},
			"faces": {
				"north": {"uv": [10, 10, 14, 10.5], "texture": "#6"},
				"east": {"uv": [10, 10.5, 14, 11], "texture": "#6"},
				"south": {"uv": [11, 8, 15, 8.5], "texture": "#6"},
				"west": {"uv": [11, 8.5, 15, 9], "texture": "#6"},
				"up": {"uv": [4, 4, 0, 0], "texture": "#6"},
				"down": {"uv": [4, 4, 0, 8], "texture": "#6"}
			}
		},
		{
			"from": [5, 8, 5],
			"to": [11, 10, 11],
			"rotation": {"angle": 2.5, "axis": "x", "origin": [5, 8, 4]},
			"faces": {
				"north": {"uv": [5, 10, 8, 11], "texture": "#6"},
				"east": {"uv": [10, 5, 13, 6], "texture": "#6"},
				"south": {"uv": [10, 6, 13, 7], "texture": "#6"},
				"west": {"uv": [10, 7, 13, 8], "texture": "#6"},
				"up": {"uv": [3, 11, 0, 8], "texture": "#6"},
				"down": {"uv": [13, 0, 10, 3], "texture": "#6"}
			}
		},
		{
			"from": [6, 10, 6.25],
			"to": [10, 12, 10.25],
			"rotation": {"angle": 10, "axis": "x", "origin": [5, 10, 4]},
			"faces": {
				"north": {"uv": [0, 11, 2, 12], "texture": "#6"},
				"east": {"uv": [5, 11, 7, 12], "texture": "#6"},
				"south": {"uv": [11, 9, 13, 10], "texture": "#6"},
				"west": {"uv": [10, 11, 12, 12], "texture": "#6"},
				"up": {"uv": [5, 12, 3, 10], "texture": "#6"},
				"down": {"uv": [12, 3, 10, 5], "texture": "#6"}
			}
		},
		{
			"from": [7, 12, 7.5],
			"to": [9, 14, 9.5],
			"rotation": {"angle": 15, "axis": "x", "origin": [5, 12, 4]},
			"faces": {
				"north": {"uv": [12, 3, 13, 4], "texture": "#6"},
				"east": {"uv": [4, 12, 5, 13], "texture": "#6"},
				"south": {"uv": [12, 4, 13, 5], "texture": "#6"},
				"west": {"uv": [5, 12, 6, 13], "texture": "#6"},
				"up": {"uv": [7, 13, 6, 12], "texture": "#6"},
				"down": {"uv": [8, 12, 7, 13], "texture": "#6"}
			}
		}
	],
	"display": {
		"thirdperson_righthand": {
			"rotation": [-180, 0, -180],
			"translation": [0, 4, 1],
			"scale": [0.55, 0.55, 0.55]
		},
		"thirdperson_lefthand": {
			"rotation": [-180, 0, -180],
			"translation": [0, 4, 1],
			"scale": [0.55, 0.55, 0.55]
		},
		"firstperson_righthand": {
			"rotation": [-180, 0, -180],
			"translation": [-2.12, 7.45, 1.13],
			"scale": [0.68, 0.68, 0.68]
		},
		"firstperson_lefthand": {
			"rotation": [-180, 0, -180],
			"translation": [-2.12, 7.45, 1.13],
			"scale": [0.68, 0.68, 0.68]
		},
		"ground": {
			"rotation": [128, -180, 0],
			"translation": [0, -1, 1.75],
			"scale": [0.5, 0.5, 0.5]
		},
		"gui": {
			"rotation": [27, 146, 0],
			"translation": [0, 6, 0],
			"scale": [1.5, 1.5, 1.5]
		},
		"head": {
			"translation": [0, 14.5, 0.25]
		},
		"fixed": {
			"translation": [0, 6.5, 0.75],
			"scale": [1.5, 1.5, 1.5]
		}
	},
	"groups": [
		{
			"name": "base",
			"origin": [8, 8, 8],
			"color": 0,
			"children": [
				0,
				{
					"name": "nose",
					"origin": [8, 8, 8],
					"color": 0,
					"children": [1, 2]
				},
				{
					"name": "second_layer",
					"origin": [8, 8, 8],
					"color": 0,
					"children": [
						{
							"name": "eyebrow",
							"origin": [8, 8, 8],
							"color": 0,
							"children": [3]
						}
					]
				},
				{
					"name": "hat",
					"origin": [8, 8, 8],
					"color": 0,
					"children": [4, 5, 6, 7]
				}
			]
		}
	]
}