{
	"format_version": "1.21.6",
	"credit": "Made with Blockbench",
	"texture_size": [32, 32],
	"textures": {
		"2": "item/rethoughted_spawn_eggs/zoglin_spawn_egg_3d"
	},
	"elements": [
		{
			"from": [5, 0, 5],
			"to": [11, 7, 11],
			"rotation": {"angle": 0, "axis": "y", "origin": [5, 0, 5]},
			"faces": {
				"north": {"uv": [0, 0, 3, 3.5], "texture": "#2"},
				"east": {"uv": [3, 0, 6, 3.5], "texture": "#2"},
				"south": {"uv": [0, 3.5, 3, 7], "texture": "#2"},
				"west": {"uv": [3, 3.5, 6, 7], "texture": "#2"},
				"up": {"uv": [9, 3, 6, 0], "texture": "#2"},
				"down": {"uv": [9, 3, 6, 6], "texture": "#2"}
			}
		},
		{
			"from": [4, 1, 2],
			"to": [5, 3, 6],
			"rotation": {"angle": 25, "axis": "x", "origin": [4.5, 1.5, 5]},
			"faces": {
				"north": {"uv": [1.5, 9, 2, 10], "texture": "#2"},
				"east": {"uv": [3, 8, 5, 9], "texture": "#2"},
				"south": {"uv": [2, 9, 2.5, 10], "texture": "#2"},
				"west": {"uv": [5, 8, 7, 9], "texture": "#2"},
				"up": {"uv": [0.5, 11, 0, 9], "texture": "#2"},
				"down": {"uv": [9.5, 0, 9, 2], "texture": "#2"}
			}
		},
		{
			"from": [11, 1, 2],
			"to": [12, 3, 6],
			"rotation": {"angle": 25, "axis": "x", "origin": [11.5, 1.5, 5]},
			"faces": {
				"north": {"uv": [1.5, 9, 2, 10], "texture": "#2"},
				"east": {"uv": [3, 8, 5, 9], "texture": "#2"},
				"south": {"uv": [2, 9, 2.5, 10], "texture": "#2"},
				"west": {"uv": [5, 8, 7, 9], "texture": "#2"},
				"up": {"uv": [0.5, 11, 0, 9], "texture": "#2"},
				"down": {"uv": [9, 0, 9.5, 2], "texture": "#2"}
			}
		},
		{
			"from": [5, 1, 4],
			"to": [11, 5, 5],
			"rotation": {"angle": 0, "axis": "y", "origin": [7, 1, 3]},
			"faces": {
				"north": {"uv": [6, 6, 9, 8], "texture": "#2"},
				"east": {"uv": [0.5, 9, 1, 11], "texture": "#2"},
				"south": {"uv": [0, 7, 3, 9], "texture": "#2"},
				"west": {"uv": [1, 9, 1.5, 11], "texture": "#2"},
				"up": {"uv": [10, 8.5, 7, 8], "texture": "#2"},
				"down": {"uv": [10, 8.5, 7, 9], "texture": "#2"}
			}
		},
		{
			"from": [8, 7, 5],
			"to": [8, 9, 11],
			"rotation": {"angle": 0, "axis": "y", "origin": [6, 7, 8]},
			"faces": {
				"north": {"uv": [0, 0, 0, 1], "texture": "#2"},
				"east": {"uv": [6, 7, 3, 8], "texture": "#2"},
				"south": {"uv": [0, 0, 0, 1], "texture": "#2"},
				"west": {"uv": [3, 7, 6, 8], "texture": "#2"},
				"up": {"uv": [0, 3, 0, 0], "texture": "#2"},
				"down": {"uv": [0, 0, 0, 3], "texture": "#2"}
			}
		},
		{
			"from": [10.5, 2, 6],
			"to": [11.5, 6, 10],
			"rotation": {"angle": 35, "axis": "z", "origin": [11, 6, 8]},
			"faces": {
				"north": {"uv": [9, 4, 9.5, 6], "texture": "#2"},
				"east": {"uv": [9.5, 0, 11.5, 2], "texture": "#2"},
				"south": {"uv": [9, 2, 9.5, 4], "texture": "#2"},
				"west": {"uv": [11.5, 3.5, 13.5, 5.5], "texture": "#2"},
				"up": {"uv": [16, 2, 15.5, 0], "texture": "#2"},
				"down": {"uv": [16, 2, 15.5, 4], "texture": "#2"}
			}
		},
		{
			"from": [4.5, 2, 6],
			"to": [5.5, 6, 10],
			"rotation": {"angle": -35, "axis": "z", "origin": [5, 6, 8]},
			"faces": {
				"north": {"uv": [9, 4, 9.5, 6], "texture": "#2"},
				"east": {"uv": [11.5, 1, 13.5, 3], "texture": "#2"},
				"south": {"uv": [9, 2, 9.5, 4], "texture": "#2"},
				"west": {"uv": [9.5, 2.5, 11.5, 4.5], "texture": "#2"},
				"up": {"uv": [16, 2, 15.5, 0], "texture": "#2"},
				"down": {"uv": [16, 2, 15.5, 4], "texture": "#2"}
			}
		}
	],
	"display": {
		"thirdperson_righthand": {
			"rotation": [-180, 0, -180],
			"translation": [0, 4, 1],
			"scale": [0.55, 0.55, 0.55]
		},
		"thirdperson_lefthand": {
			"rotation": [-180, 0, -180],
			"translation": [0, 4, 1],
			"scale": [0.55, 0.55, 0.55]
		},
		"firstperson_righthand": {
			"rotation": [-180, 0, -180],
			"translation": [-2.12, 7.45, 1.13],
			"scale": [0.68, 0.68, 0.68]
		},
		"firstperson_lefthand": {
			"rotation": [-180, 0, -180],
			"translation": [-2.12, 7.45, 1.13],
			"scale": [0.68, 0.68, 0.68]
		},
		"ground": {
			"rotation": [128, -180, 0],
			"translation": [0, -1, 1.75],
			"scale": [0.5, 0.5, 0.5]
		},
		"gui": {
			"rotation": [27, 146, 0],
			"translation": [0, 6, 0],
			"scale": [1.5, 1.5, 1.5]
		},
		"head": {
			"translation": [0, 14.5, 0.25]
		},
		"fixed": {
			"translation": [0, 6.5, 0.75],
			"scale": [1.5, 1.5, 1.5]
		}
	},
	"groups": [
		{
			"name": "base",
			"origin": [8, 8, 8],
			"color": 0,
			"children": [
				0,
				{
					"name": "nose",
					"origin": [8, 8, 8],
					"color": 0,
					"children": [1, 2, 3]
				},
				{
					"name": "mane",
					"origin": [8, 8, 8],
					"color": 0,
					"children": [4]
				},
				{
					"name": "ears",
					"origin": [8, 8, 8],
					"color": 0,
					"children": [
						{
							"name": "left",
							"origin": [8, 8, 8],
							"color": 0,
							"children": [5]
						},
						{
							"name": "right",
							"origin": [8, 8, 8],
							"color": 0,
							"children": [6]
						}
					]
				}
			]
		}
	]
}