{
	"format_version": "1.21.6",
	"credit": "Made with Blockbench",
	"texture_size": [32, 32],
	"textures": {
		"1": "item/rethoughted_spawn_eggs/zombified_piglin_spawn_egg_3d",
		"particle": "item/rethoughted_spawn_eggs/zombified_piglin_spawn_egg_3d"
	},
	"elements": [
		{
			"from": [5, 0, 5],
			"to": [11, 7, 11],
			"rotation": {"angle": 0, "axis": "y", "origin": [5, 0, 5]},
			"faces": {
				"north": {"uv": [0, 4, 3, 7.5], "texture": "#1"},
				"east": {"uv": [3, 4, 6, 7.5], "texture": "#1"},
				"south": {"uv": [5, 0, 8, 3.5], "texture": "#1"},
				"west": {"uv": [6, 3.5, 9, 7], "texture": "#1"},
				"up": {"uv": [9, 10, 6, 7], "texture": "#1"},
				"down": {"uv": [3, 7.5, 0, 10.5], "texture": "#1"}
			}
		},
		{
			"from": [6, 2, 4],
			"to": [10, 5, 5],
			"rotation": {"angle": 0, "axis": "y", "origin": [6, 3, 3]},
			"faces": {
				"north": {"uv": [8, 1.5, 10, 3], "texture": "#1"},
				"east": {"uv": [5, 7.5, 5.5, 9], "texture": "#1"},
				"south": {"uv": [3, 9, 5, 10.5], "texture": "#1"},
				"west": {"uv": [5.5, 7.5, 6, 9], "texture": "#1"},
				"up": {"uv": [10, 3.5, 8, 3], "texture": "#1"},
				"down": {"uv": [11, 3.5, 9, 4], "texture": "#1"}
			}
		},
		{
			"from": [5, 2, 4],
			"to": [6, 4, 5],
			"rotation": {"angle": 0, "axis": "y", "origin": [2, 3, 3]},
			"faces": {
				"north": {"uv": [9, 4, 9.5, 5], "texture": "#1"},
				"east": {"uv": [5, 9, 5.5, 10], "texture": "#1"},
				"south": {"uv": [9, 5, 9.5, 6], "texture": "#1"},
				"west": {"uv": [5.5, 9, 6, 10], "texture": "#1"},
				"up": {"uv": [5.5, 4, 5, 3.5], "texture": "#1"},
				"down": {"uv": [6, 3.5, 5.5, 4], "texture": "#1"}
			}
		},
		{
			"from": [10, 2, 4],
			"to": [11, 4, 5],
			"rotation": {"angle": 0, "axis": "y", "origin": [7, 3, 3]},
			"faces": {
				"north": {"uv": [9, 6, 9.5, 7], "texture": "#1"},
				"east": {"uv": [9, 7, 9.5, 8], "texture": "#1"},
				"south": {"uv": [9, 8, 9.5, 9], "texture": "#1"},
				"west": {"uv": [9, 9, 9.5, 10], "texture": "#1"},
				"up": {"uv": [10, 4.5, 9.5, 4], "texture": "#1"},
				"down": {"uv": [10, 4.5, 9.5, 5], "texture": "#1"}
			}
		},
		{
			"from": [4.5, 2, 6],
			"to": [5.5, 6, 10],
			"rotation": {"angle": -35, "axis": "z", "origin": [5, 6, 8]},
			"faces": {
				"north": {"uv": [2.5, 2, 2, 4], "texture": "#1"},
				"east": {"uv": [4.5, 2, 2.5, 4], "texture": "#1"},
				"south": {"uv": [5, 2, 4.5, 4], "texture": "#1"},
				"west": {"uv": [2, 2, 0, 4], "texture": "#1"},
				"up": {"uv": [2, 2, 2.5, 0], "texture": "#1"},
				"down": {"uv": [2.5, 0, 3, 2], "texture": "#1"}
			}
		},
		{
			"from": [6, -1, 4.75],
			"to": [10, 2, 4.75],
			"rotation": {"angle": 0, "axis": "y", "origin": [8, -0.5, 4]},
			"faces": {
				"north": {"uv": [3, 7.5, 5, 9], "texture": "#1"},
				"east": {"uv": [0, 0, 0, 1.5], "texture": "#1"},
				"south": {"uv": [8, 0, 10, 1.5], "texture": "#1"},
				"west": {"uv": [0, 0, 0, 1.5], "texture": "#1"},
				"up": {"uv": [2, 0, 0, 0], "texture": "#1"},
				"down": {"uv": [2, 0, 0, 0], "texture": "#1"}
			}
		}
	],
	"display": {
		"thirdperson_righthand": {
			"rotation": [-180, 0, -180],
			"translation": [0, 4, 1],
			"scale": [0.55, 0.55, 0.55]
		},
		"thirdperson_lefthand": {
			"rotation": [-180, 0, -180],
			"translation": [0, 4, 1],
			"scale": [0.55, 0.55, 0.55]
		},
		"firstperson_righthand": {
			"rotation": [-180, 0, -180],
			"translation": [-2.12, 7.45, 1.13],
			"scale": [0.68, 0.68, 0.68]
		},
		"firstperson_lefthand": {
			"rotation": [-180, 0, -180],
			"translation": [-2.12, 7.45, 1.13],
			"scale": [0.68, 0.68, 0.68]
		},
		"ground": {
			"rotation": [128, -180, 0],
			"translation": [0, -1, 1.75],
			"scale": [0.5, 0.5, 0.5]
		},
		"gui": {
			"rotation": [27, 146, 0],
			"translation": [0, 6, 0],
			"scale": [1.5, 1.5, 1.5]
		},
		"head": {
			"translation": [0, 14.5, 0.25]
		},
		"fixed": {
			"translation": [0, 6.5, 0.75],
			"scale": [1.5, 1.5, 1.5]
		}
	},
	"groups": [
		{
			"name": "base",
			"origin": [8, 8, 8],
			"color": 0,
			"children": [
				0,
				{
					"name": "nose",
					"origin": [8, 8, 8],
					"color": 0,
					"children": [1, 2, 3]
				},
				{
					"name": "ears",
					"origin": [8, 8, 8],
					"color": 0,
					"children": [
						{
							"name": "right",
							"origin": [8, 8, 8],
							"color": 0,
							"children": [4]
						}
					]
				},
				{
					"name": "second_layer",
					"origin": [8, 8, 8],
					"color": 0,
					"children": [
						{
							"name": "loincloth",
							"origin": [8, 8, 8],
							"color": 0,
							"children": [5]
						}
					]
				}
			]
		}
	]
}